{"organizations": [], "uuid": "5c30d4cda4939e43f6f0bafeac4946cb5b802f4c", "thread": {"social": {"gplus": {"shares": 0}, "pinterest": {"shares": 0}, "vk": {"shares": 0}, "linkedin": {"shares": 0}, "facebook": {"likes": 0, "shares": 0, "comments": 0}, "stumbledupon": {"shares": 0}}, "site_full": "raffimax.tradepub.com", "main_image": "http://img.tradepub.com/free/w_luxo06/images/w_luxo06c8w.jpg", "site_section": "http://cts.tradepub.com/cts4/?ptnr=raffimax&tm=rss_Fi", "section_title": "Free Finance Magazines and Downloads from raffimax.tradepub.com", "url": "http://raffimax.tradepub.com/c/pubRD.mpl?sr=rss&_t=rss&qf=w_luxo06", "country": "US", "title": "Trends in Vision Benefits That Insurance Brokers Need to Know", "performance_score": 0, "site": "tradepub.com", "participants_count": 0, "title_full": "Trends in Vision Benefits That Insurance Brokers Need to Know", "spam_score": 0.0, "site_type": "news", "published": "2015-10-14T10:00:00.000+03:00", "replies_count": 0, "uuid": "5c30d4cda4939e43f6f0bafeac4946cb5b802f4c"}, "author": "", "url": "http://raffimax.tradepub.com/c/pubRD.mpl?sr=rss&_t=rss&qf=w_luxo06", "ord_in_thread": 0, "title": "Trends in Vision Benefits That Insurance Brokers Need to Know", "locations": [], "entities": {"persons": [], "locations": [], "organizations": []}, "highlightText": "", "language": "english", "persons": [], "text": "Valid email address is required to fulfill your request. Complete and verifiable information is required in order to receive this offer. Verify Your Email Address \nWe require that you verify your email address prior to updating your account. Simply click on the button below and we'll send a quick note to your primary email address () confirming this request. \nAfter you've verified your email address, you can review and edit your account. Verify This Email Address Copyright © 2015 NetLine Corporation , All Rights Reserved. 750 University Avenue | Suite 200 | Los Gatos, CA 95032 By submitting a request, your information is subject to TradePub.com's Privacy Policy . Resources:", "external_links": [], "published": "2015-10-14T10:00:00.000+03:00", "crawled": "2015-10-15T00:37:23.764+03:00", "highlightTitle": ""}