{"organizations": [], "uuid": "d386bd0dee08ee62efe856b00f821036c998bd67", "thread": {"social": {"gplus": {"shares": 0}, "pinterest": {"shares": 0}, "vk": {"shares": 0}, "linkedin": {"shares": 0}, "facebook": {"likes": 0, "shares": 0, "comments": 0}, "stumbledupon": {"shares": 0}}, "site_full": "finance.yahoo.com", "main_image": "http://l.yimg.com/bt/api/res/1.2/dvowyjA3i1Q_XTEIREtShg--/YXBwaWQ9eW5ld3NfbGVnbztpbD1wbGFuZTtxPTc1O3c9NjAw/http://globalfinance.zenfs.com/images/US_AHTTP_AP_FINANCIALTIMES/326724658579fe2e840f6a706700c5cf_original.jpg", "site_section": "http://finance.yahoo.com/rss/headline?s=MAT", "section_title": "Yahoo! Finance: MAT News", "url": "http://finance.yahoo.com/news/stocks-mixed-afternoon-trading-ge-180448027.html", "country": "US", "title": "Stocks are mixed in afternoon trading; GE jumps on earnings - Yahoo Finance", "performance_score": 0, "site": "yahoo.com", "participants_count": 2, "title_full": "Stocks are mixed in afternoon trading; GE jumps on earnings - Yahoo Finance", "spam_score": 0.0, "site_type": "news", "published": "2015-10-17T03:00:00.000+03:00", "replies_count": 2, "uuid": "d386bd0dee08ee62efe856b00f821036c998bd67"}, "author": "Alex Veiga, AP Business Writer", "url": "http://finance.yahoo.com/news/stocks-mixed-afternoon-trading-ge-180448027.html", "ord_in_thread": 0, "title": "Stocks are mixed in afternoon trading; GE jumps on earnings - Yahoo Finance", "locations": [], "entities": {"persons": [], "locations": [], "organizations": []}, "highlightText": "", "language": "english", "persons": [], "text": ". View photo\nFILE - In this July 6, 2015 file photo, an American flag is draped on the exterior of the New York Stock Exchange. U.S. stocks edged mostly higher in early trading Friday, Oct. 16, 2015, extending gains from the day before. Investors pored over the latest corporate earnings news. The price of oil rose. (AP Photo/Mark Lennihan, File) \n\n\nU.S. stocks drifted between small gains and losses in afternoon trading Friday as an early advance dissipated. Investors were assessing the latest company earnings for insight into how the global economy is doing. Consumer staple stocks were among the biggest risers.\nKEEPING SCORE: The Dow Jones industrial average dipped less than one point to 17,141 as of 1:53 p.m. Eastern time. The Standard & Poor's 500 index a fraction to 2,024. The Nasdaq composite slid six points, or 0.1 percent, to 4,863.\nTHE QUOTE: \"People just want to get some comfort that the recovery in the developed markets is still intact,\" said David Lefkowitz, an executive director and equity strategist at UBS. \"That in my mind is really the key question going into earnings season.\"\nPLAYTIME AGAIN: Mattel climbed 6.2 percent after Oppenheimer published a research note highlighting the toymaker's core brands as a bright spot. The report came a day after Mattel reported disappointing third-quarter results. Mattel gained $1.39 to $23.92.\nSURPASSED EXPECTATIONS: General Electric reported a decline in third-quarter profit, but strong performances from its core units helped the industrial conglomerate top Wall Street expectations. GE rose the most in the Dow, adding $1.04, or 3.7 percent, to $29.08.\nCRIMPED CASINO: Wynn Resorts slumped 1.9 percent after the casino operator said new gambling regulations in Macau continued to hurt its business. The stock fell $1.42 to $72.34.\nIN A SLUMP: Several oilfield service providers were trading lower. Schlumberger slid 4.2 percent after the company announced job cuts. The stock fell $3.23 to $72.93. Halliburton shed $1.84, or 4.7 percent, to $37.42, while Baker Hughes fell $2.66, or 4.7 percent, to $53.53.\nTOUGH QUARTER: Quanta Services plunged 29 percent after the contracting services company lowered its third-quarter profit and revenue outlook, citing project delays and a tough market. The stock lost $7.49 to $18.72.\nSECTOR VIEW: Half of the 10 sectors in the S&P 500 rose, led by consumer staples stocks, a category that includes Procter & Gamble and PepsiCo. The energy sector fell the most.\nMANUFACTURING REPORT: The Federal Reserve said that U.S. manufacturing production fell for the second straight month in September as factories cranked out fewer appliances, computers, and electronics. The decline suggests that a strong dollar, weak overseas economies, and cautious U.S. consumers are holding back factory output.\nOVERSEAS: In Europe, the FTSE 100 index of leading British shares was up 0.6 percent, while Germany's DAX rose 0.4 percent. France's CAC 40 gained 0.6 percent. In Asia, South Korea's Kospi inched down 0.1 percent, while Hong Kong's Hang Seng rose 0.8 percent. The Shanghai Composite in mainland China was up 1.6 percent. Japan's benchmark Nikkei 225 added 1.1 percent, aided by expectations that the country's central bank will come up with more stimulus measures this month or next.\nENERGY: Benchmark U.S. crude added 80 cents to $47.20 in New York. Brent crude, used to price international oils, gained 58 cents to $50.31.\nBONDS AND CURRENCIES: U.S. government bond prices didn't budge. The yield on the 10-year Treasury note held at 2.02 percent. The euro was little changed at $1.1385 while the dollar edged up to 119.29 yen.\nMETALS: Gold fell $4.40 to $1,183.10 an ounce, silver declined five cents to $16.11 an ounce and copper lost two cents to settle at $2.40 a pound.", "external_links": [], "published": "2015-10-17T03:00:00.000+03:00", "crawled": "2015-10-17T07:11:35.809+03:00", "highlightTitle": ""}