{"organizations": [], "uuid": "9725994f64446122f7dd5e5afe1625b6f0dfc0f0", "thread": {"social": {"gplus": {"shares": 0}, "pinterest": {"shares": 0}, "vk": {"shares": 0}, "linkedin": {"shares": 0}, "facebook": {"likes": 0, "shares": 0, "comments": 0}, "stumbledupon": {"shares": 0}}, "site_full": "www.wsj.com", "main_image": "http://si.wsj.net/public/resources/images/BN-KT252_noble1_G_20151014041931.jpg", "site_section": "http://www.wsj.com/news/business", "section_title": "Business &amp; Finance News - Wall Street Journal", "url": "http://www.wsj.com/articles/noble-ceo-says-cds-prices-were-manipulated-1444814635", "country": "US", "title": "Noble CEO Says CDS Prices Were Manipulated", "performance_score": 0, "site": "wsj.com", "participants_count": 1, "title_full": "Noble CEO Says CDS Prices Were Manipulated - WSJ", "spam_score": 0.0, "site_type": "news", "published": "2015-10-14T13:23:00.000+03:00", "replies_count": 0, "uuid": "9725994f64446122f7dd5e5afe1625b6f0dfc0f0"}, "author": "Jake Maxwell Watts", "url": "http://www.wsj.com/articles/noble-ceo-says-cds-prices-were-manipulated-1444814635", "ord_in_thread": 0, "title": "Noble CEO Says CDS Prices Were Manipulated", "locations": [], "entities": {"persons": [], "locations": [], "organizations": []}, "highlightText": "", "language": "english", "persons": [], "text": "SINGAPORE—The chief executive of embattled commodities trader Noble Group Ltd. Wednesday claimed unspecified individuals had manipulated the price of insuring its debt in an effort to mislead the market and create a liquidity crisis at the company.\nNoble boss Yusuf Alireza said he believed manipulation had taken place in the market for Noble’s credit default swaps, known as CDS, an insurance-style product which pays out to investors... To Read the Full Story, Subscribe or Sign In", "external_links": [], "published": "2015-10-14T13:23:00.000+03:00", "crawled": "2015-10-14T13:32:35.747+03:00", "highlightTitle": ""}