{"organizations": [], "uuid": "aee27babac9f8855ee82baac01030cb22faa7c37", "thread": {"social": {"gplus": {"shares": 0}, "pinterest": {"shares": 0}, "vk": {"shares": 0}, "linkedin": {"shares": 0}, "facebook": {"likes": 0, "shares": 0, "comments": 0}, "stumbledupon": {"shares": 0}}, "site_full": "businesswireindia.com", "main_image": "", "site_section": "http://businesswireindia.com/RSSFeeds/cat-business-finance.xml", "section_title": "BusinessWire India.com - Business/ Finance", "url": "http://businesswireindia.com/news/news-details/dalda-dandiya-night-adds-excitement-navratri-celebrations-lucknow/45834", "country": "US", "title": "Dalda Dandiya Night Adds Excitement to Navratri Celebrations in Lucknow", "performance_score": 0, "site": "businesswireindia.com", "participants_count": 0, "title_full": "Dalda Dandiya Night Adds Excitement to Navratri Celebrations in Lucknow", "spam_score": 0.0, "site_type": "news", "published": "2015-10-26T12:30:00.000+02:00", "replies_count": 0, "uuid": "aee27babac9f8855ee82baac01030cb22faa7c37"}, "author": "", "url": "http://businesswireindia.com/news/news-details/dalda-dandiya-night-adds-excitement-navratri-celebrations-lucknow/45834", "ord_in_thread": 0, "title": "Dalda Dandiya Night Adds Excitement to Navratri Celebrations in Lucknow", "locations": ["Uttar Pradesh", "Lucknow Lucknow", "Lucknow", "India"], "entities": {"persons": [], "locations": [], "organizations": []}, "highlightText": "", "language": "english", "persons": [], "text": "Monday, October 26, 2015 4:00PM IST (10:30AM GMT) Dalda Dandiya Night Adds Excitement to Navratri Celebrations in Lucknow Lucknow, Uttar Pradesh, India \nDalda, one of the leading edible oil brands in the country, celebrated Navaratri in Lucknow with their recently organized “Dalda Dandiya Night” in association with Anokhi. The brand has always been known for its innovative and engaging consumer activation across the country. The advent of Navratri brings in many flavors of festivity with garba and dandiya being the key highlight of the festival. On this occasion, Dalda edible oils presented “Dalda Dandiya Night” in Lucknow to connect with its consumers. Speaking on this auspicious festive occasion, Mr. Ankur Malhotra, Marketing Head, Bunge India , said, “Navratri is an important festival which is celebrated with enthusiasm & splendor and hence is an excellent platform for us to reach our consumer and be a part of their celebration. Therefore this Navratri, we as a brand decided to go out there and have some fun with our consumers. We are happy to be associated with Dandiya Night as it gave us an opportunity to connect and engage with our consumers and thereby increase brand recall.” People all over the country observe fasts on all nine days of the festival and pay regular visits to temples. While the days are filled with devotion towards the deity, the nights are vibrant, reflecting the festive spirit at its peak. With Dalda Dandiya Night, Dalda edible oils celebrated Navaratri with traditional fervor and nightly dance programmes that added a dash of colour and gaiety to the religious occasion that symbolizes the victory of good over evil. About Dalda: Dalda is one of India’s iconic brands. It is a heritage of trust handed down over generations. Dalda's name has been part of millions of households across India for the past 75 years as a result of its premium quality and adherence to high quality standards, while being nutritive and uncompromising on taste and aroma. Dalda uses Bunge’s international technology and expertise to successfully make available Dalda's range of refined and taste oils in the Indian market. For News Release background on Dalda click here Sarah Rajan, Madison PR, +91-9920495218, sarah@fort.madisonindia.com Vishal Gaikwad, Madison PR, +91-9769762190, vishal@fort.madisonindia.com", "external_links": [], "published": "2015-10-26T12:30:00.000+02:00", "crawled": "2015-10-26T14:24:39.375+02:00", "highlightTitle": ""}