{"organizations": [], "uuid": "cda106648dab3d144b6e7f7e403f564b93c48f46", "thread": {"social": {"gplus": {"shares": 0}, "pinterest": {"shares": 0}, "vk": {"shares": 0}, "linkedin": {"shares": 0}, "facebook": {"likes": 0, "shares": 0, "comments": 0}, "stumbledupon": {"shares": 0}}, "site_full": "www.financialexpress.com", "main_image": "http://www.financialexpress.com/wp-content/uploads/2015/04/TCS-RE-T.jpg", "site_section": "http://www.financialexpress.com/", "section_title": "The Financial Express | India News Today,Latest National News,Stock Market Today,SENSEX NIFTY,NSE BSE India,Finance News,Business News", "url": "http://www.financialexpress.com/article/industry/companies/tcs-ups-hiring-target-by-15k-to-take-in-75000-this-fiscal/150749", "country": "IE", "title": "TCS ups hiring target by 15K, to take in 75,000 this fiscal", "performance_score": 0, "site": "financialexpress.com", "participants_count": 1, "title_full": "TCS ups hiring target by 15K, to take in 75,000 this fiscal | The Financial Express", "spam_score": 0.0, "site_type": "news", "published": "2015-10-14T06:22:00.000+03:00", "replies_count": 0, "uuid": "cda106648dab3d144b6e7f7e403f564b93c48f46"}, "author": "financialexpress.com", "url": "http://www.financialexpress.com/article/industry/companies/tcs-ups-hiring-target-by-15k-to-take-in-75000-this-fiscal/150749", "ord_in_thread": 0, "title": "TCS ups hiring target by 15K, to take in 75,000 this fiscal", "locations": [], "entities": {"persons": [], "locations": [], "organizations": []}, "highlightText": "", "language": "english", "persons": [], "text": "Other Articles Fe exclusive: IVRCL to get new owners as banks ready to invoke SDR Flipkart sells 1-mn products in 10 hours despite glitch Sale focuses on home furnishings Country’s largest software firm TCS today increased its hiring target to 75,000 from 60,000 for this fiscal and said attrition level has come down marginally for the company.\nThe attrition rate has stabilised during the second quarter and stood at 16.2 per cent compared to the previous three months, the company said, adding it is working on more steps to further bring it down in the third and fourth quarter of the fiscal.\n“We have revised upwards our hiring target due to the strong growth witnessed in the first half of the year. Accordingly, we will be hiring 75,000 this fiscal as against 60,000 as planned earlier,” executive vice president and global head Ajoy Mukherjee told reporters here.\n“Attrition in absolute number has come down compared to last year. I am quite hopeful that all the initiative we are taking to control attrition will pay off. In Q3 and Q4 the attrition is expected to come down further,” Mukherjee said.\nHe further said in the domestic market too attrition has come down compared to the last quarter and the company has seen a decline on month-on-month basis.\nDuring the quarter, the company said there was a total gross addition of 25,186 people (net addition of 10,685 employees), taking the total employee strength to 3,35,620 on consolidated basis. This is the highest for the company in a quarterly basis.\nThe utilisation rate (excluding trainees) was at 86 per cent while the attrition rate stood at 16.2 per cent.\n“On a quarterly basis, our retention levels have improved this quarter with a net addition of over 10,000 employees in Q2. Our hiring continues to be strong with all-time high of over 25,000 employees joining us this quarter,” said Mukherjee.\n 13, 2015 10:22 pm", "external_links": [], "published": "2015-10-14T06:22:00.000+03:00", "crawled": "2015-10-13T22:34:45.096+03:00", "highlightTitle": ""}