{"organizations": [], "uuid": "c60174794dfc87dabe0086476750c880a8afe1d5", "thread": {"social": {"gplus": {"shares": 0}, "pinterest": {"shares": 0}, "vk": {"shares": 0}, "linkedin": {"shares": 0}, "facebook": {"likes": 0, "shares": 0, "comments": 0}, "stumbledupon": {"shares": 0}}, "site_full": "finance.yahoo.com", "main_image": "http://l3.yimg.com/bt/api/res/1.2/M7vS95b2fvSzHFeFStPk0A--/YXBwaWQ9eW5ld3NfbGVnbztxPTc1O3c9NjAw/http://l.yimg.com/os/mit/media/m/social/images/social_default_logo-1481777.png", "site_section": "http://finance.yahoo.com/rss/AdvertisingAgencies", "section_title": "Yahoo! Finance: Advertising Agencies Industry News", "url": "http://finance.yahoo.com/news/reachlocal-report-third-quarter-results-201500217.html", "country": "US", "title": "ReachLocal to Report Third Quarter Results and Host Quarterly Conference Call on November 3", "performance_score": 0, "site": "yahoo.com", "participants_count": 1, "title_full": "ReachLocal to Report Third Quarter Results and Host Quarterly Conference Call on November 3 - Yahoo Finance", "spam_score": 0.0, "site_type": "news", "published": "2015-10-14T03:00:00.000+03:00", "replies_count": 0, "uuid": "c60174794dfc87dabe0086476750c880a8afe1d5"}, "author": "ReachLocal, Inc.", "url": "http://finance.yahoo.com/news/reachlocal-report-third-quarter-results-201500217.html", "ord_in_thread": 0, "title": "ReachLocal to Report Third Quarter Results and Host Quarterly Conference Call on November 3", "locations": [], "entities": {"persons": [], "locations": [], "organizations": []}, "highlightText": "", "language": "english", "persons": [], "text": "WOODLAND HILLS, Calif., Oct. 13, 2015 (GLOBE NEWSWIRE) -- ReachLocal, Inc. ( RLOC ), a leader in powering online marketing for local businesses, today announced it will report its third quarter 2015 financial results for the period ended September 30, 2015 following the close of market on Tuesday, November 3, 2015. On that day, management will hold a conference call and webcast at 2:00 p.m. PT (5:00 p.m. ET) to review and discuss the Company's results.\nWhat: ReachLocal Third Quarter 2015 Financial Results Conference Call \n\nWhen: Tuesday, November 3, 2015 \n\nTime: 2:00 p.m. PT (5:00 p.m. ET) \n\nLive Call: 1-888-539-3678 or 719-325-2354 \n\nReplay: 1-888-203-1112, passcode 211082# \n(Available until 5:00 p.m. PT on November 10, 2015) \n\nWebcast: http://investors.reachlocal.com About ReachLocal, Inc. \nReachLocal, Inc. ( RLOC ) helps local businesses grow and operate their business better with leading technology and expert service for our clients' lead generation and conversion. ReachLocal is headquartered in Woodland Hills, Calif. and operates in four regions: Asia-Pacific, Europe, Latin America and North America.\nFor more information please visit ReachLocal at www.reachlocal.com , follow us at www.reachlocal.com/social or email info@reachlocal.com .\nCompany Earnings ReachLocal Contact: Media Contact:\nReachLocal, Inc.\nAmber Seikaly\nVice President, Marketing and Communications\n(214) 294-0242\namber.seikaly@reachlocal.com\nInvestor Relations:\nAlex Wellins\nThe Blueshirt Group\n(415) 217-5861\nalex@blueshirtgroup.com", "external_links": [], "published": "2015-10-14T03:00:00.000+03:00", "crawled": "2015-10-14T02:24:12.736+03:00", "highlightTitle": ""}