{"organizations": [], "uuid": "fe5db602740122014d6ec04c441464b9f4bd2000", "thread": {"social": {"gplus": {"shares": 0}, "pinterest": {"shares": 0}, "vk": {"shares": 0}, "linkedin": {"shares": 0}, "facebook": {"likes": 0, "shares": 0, "comments": 0}, "stumbledupon": {"shares": 0}}, "site_full": "www.cnbc.com", "main_image": "http://fm.cnbc.com/applications/cnbc.com/staticcontent/img/cnbc_logo.gif", "site_section": "http://finance.yahoo.com/rss/headline?s=MAT", "section_title": "Yahoo! Finance: MAT News", "url": "http://www.cnbc.com/2015/10/15/halftime-report-what-im-watching-into-the-close.html?__source=yahoo%7Cfinance%7Cheadline%7Cheadline%7Cstory&par=yahoo&doc=103081806", "country": "US", "title": "Halftime Report: What I'm Watching Into the Close", "performance_score": 0, "site": "cnbc.com", "participants_count": 1, "title_full": "Halftime Report: What I'm Watching Into the Close", "spam_score": 0.0, "site_type": "news", "published": "2015-10-16T03:00:00.000+03:00", "replies_count": 0, "uuid": "fe5db602740122014d6ec04c441464b9f4bd2000"}, "author": "yahoo", "url": "http://www.cnbc.com/2015/10/15/halftime-report-what-im-watching-into-the-close.html?__source=yahoo%7Cfinance%7Cheadline%7Cheadline%7Cstory&par=yahoo&doc=103081806", "ord_in_thread": 0, "title": "Halftime Report: What I'm Watching Into the Close", "locations": [], "entities": {"persons": [], "locations": [], "organizations": []}, "highlightText": "", "language": "english", "persons": [], "text": "The \"Halftime Report\" traders delivered their trades for the second half of the day and tomorrow's big earnings.\n\nJosh Brown: We get these up opens in the market because an economic report misses expectations and everyone gets excited about six more weeks of stimulus, but these things are rolling over. At the end of the day you have the Russell breaking down and not great breadth after the initial bounce. I think this is trend-less situation right now. To get excited is a bit premature. \nStephen Weiss: Mattel reports after the bell. It's got a decent size short interest but they seem to be out of sync with the economy with toys and the economy. I'd be cautious on this one. It's got a huge yield but I don't know how long that yield can keep going. \nJim Lebenthal: I'd like to see if Schlumberger has anything good to say. I'm looking ahead to next week when we'll see a lot of good value names report. \nTrader disclosure: On October 15, 2015 the following stocks and commodities mentioned or intended to be mentioned on CNBC's \"Halftime Report\" were owned by the \"Halftime Report\" traders: \n\nJosh Brown: Long AAPL, BABA, DE, DNKN, EBAY, FB, JMBA,NFLX, PYPL, SAM, SHAK, SPWR, TWTR, XLE, XON. \nStephen Weiss: Long AAL, C, CDK, CVC, CYBX, FB, GILD, LULU,NCR, THC, TWTR \nJim Lebenthal: Long AAPL, BA, C, CSCO, DCO, EEQ, GAIA, GM, IBM, INTC, JCP, MPC, OA, ORBC, PFE,QCOM, SJT, SPLS, TGT, TIF, TRN, WGO. \nStephanie Landsman Producer, CNBC’s \"Halftime Report\" & \"Fast Money\" Related Securities Symbol Price   Change %Change MAT ---", "external_links": [], "published": "2015-10-16T03:00:00.000+03:00", "crawled": "2015-10-16T00:25:35.741+03:00", "highlightTitle": ""}