{"organizations": ["Best"], "uuid": "d5a691c687082ad0fd760d6a7649f6e39353a31f", "thread": {"social": {"gplus": {"shares": 0}, "pinterest": {"shares": 0}, "vk": {"shares": 0}, "linkedin": {"shares": 0}, "facebook": {"likes": 0, "shares": 0, "comments": 0}, "stumbledupon": {"shares": 0}}, "site_full": "www.cnbc.com", "main_image": "http://fm.cnbc.com/applications/cnbc.com/resources/img/editorial/2015/09/30/103039254-GettyImages-452443447.1910x1000.jpg", "site_section": "http://www.cnbc.com/id/21324894/device/rss/rss.xml", "section_title": "Personal Finance", "url": "http://www.cnbc.com/2015/09/30/best-big-ticket-items-to-buy-in-the-fall.html", "country": "US", "title": "Best big-ticket items to buy in the fall", "performance_score": 0, "site": "cnbc.com", "participants_count": 0, "title_full": "Best big-ticket items to buy in the fall", "spam_score": 0.0, "site_type": "news", "published": "2015-09-30T22:34:00.000+03:00", "replies_count": 0, "uuid": "d5a691c687082ad0fd760d6a7649f6e39353a31f"}, "author": "", "url": "http://www.cnbc.com/2015/09/30/best-big-ticket-items-to-buy-in-the-fall.html", "ord_in_thread": 0, "title": "Best big-ticket items to buy in the fall", "locations": [], "entities": {"persons": [], "locations": [], "organizations": []}, "highlightText": "", "language": "english", "persons": [], "text": "Best big-ticket items to buy in the fall SHARES » more from Personal Finance Find the deals before the year ends \nLooking to replace the grill you worked into the ground this summer? If you're smart you'll start shopping now, rather than wait until the warm weather rolls around next year. \nRead More Find your best retirement spot \nSame goes for lawn mowers and patio furniture. That's because these and other pricy items go on sale between September and the end of November, when demand is low and stores need to make room for new, 2016 inventory. The benefit to you? Saving hundreds of dollars. \n— By Lucy Maher, special to CNBC.com Updated 30 Sept. 2015", "external_links": [], "published": "2015-09-30T22:34:00.000+03:00", "crawled": "2015-10-01T00:37:56.255+03:00", "highlightTitle": ""}