{"organizations": [], "uuid": "53733385766c936659e8b9babee1c87e27fb486d", "thread": {"social": {"gplus": {"shares": 0}, "pinterest": {"shares": 0}, "vk": {"shares": 0}, "linkedin": {"shares": 0}, "facebook": {"likes": 0, "shares": 0, "comments": 0}, "stumbledupon": {"shares": 0}}, "site_full": "in.finance.yahoo.com", "main_image": "https://s1.yimg.com/bt/api/res/1.2/M7vS95b2fvSzHFeFStPk0A--/YXBwaWQ9eW5ld3NfbGVnbztxPTc1O3c9NjAw/http://l.yimg.com/os/mit/media/m/social/images/social_default_logo-1481777.png", "site_section": "http://finance.yahoo.com/rss/headline?s=WMT", "section_title": "Yahoo! Finance: WMT News", "url": "https://in.finance.yahoo.com/news/handicrafts-fair-inaugurated-october-14-140620452.html", "country": "GB", "title": "Handicrafts fair to be inaugurated on October 14 - Yahoo India Finance", "performance_score": 0, "site": "yahoo.com", "participants_count": 1, "title_full": "Handicrafts fair to be inaugurated on October 14 - Yahoo India Finance", "spam_score": 0.0, "site_type": "news", "published": "2015-10-14T03:00:00.000+03:00", "replies_count": 0, "uuid": "53733385766c936659e8b9babee1c87e27fb486d"}, "author": "IANS", "url": "https://in.finance.yahoo.com/news/handicrafts-fair-inaugurated-october-14-140620452.html", "ord_in_thread": 0, "title": "Handicrafts fair to be inaugurated on October 14 - Yahoo India Finance", "locations": [], "entities": {"persons": [], "locations": [], "organizations": []}, "highlightText": "", "language": "english", "persons": [], "text": "New Delhi, Oct 13 (IANS) Union Minister of State for Textiles Santosh Kumar Gangwar will on Wednesday inaugurate the 40th edition of the IHGF Delhi Fair Autumn 2015, which is expected to see the participation of over 5,000 global buyers like Walmart and Carrefour. \nThe five-day event, claimed to be the world's largest handicrafts and gifts fair, is being organised by the Export Promotion Council for Handicrafts (EPCH) at the India Expo Centre and Mart in Greater Noida near here.\n\"Over 2,700 exhibitors of handicrafts from all over the country will exhibit a wide range of products spread over 14 halls covering around 1,90,000 square metres,\" the textile ministry said in a statement.\nMore than 5,000 overseas buyers, including major brands like Walmart and Carrefour, are expected to source their requirements from this fair.\n\"These volume buyers will be from countries like the United States, the United Kingdom, Japan, France, Italy, Canada, Switzerland, Norway, Sweden, China, Australia and many more,\" the statement said.\nBuyers from the Latin American region, particularly Argentina, Colombia, Brazil, Panama, Chile and central Asia, Africa and the Middle East will also be sourcing their requirements at the fair.\nDuring 2014-15, handicrafts exports recorded a growth of around eight percent in rupee terms and nearly seven percent in dollar terms.\nThe EPCH was established in 1986 by the ministry of textiles to promote exports of handicrafts. It is also a registering authority for exporters of handicrafts.", "external_links": [], "published": "2015-10-14T03:00:00.000+03:00", "crawled": "2015-10-14T02:27:06.416+03:00", "highlightTitle": ""}