{"organizations": ["London Stock Exchange"], "uuid": "17b9595fc6153dbfd9928370c78a2e015f2d6cb3", "thread": {"social": {"gplus": {"shares": 0}, "pinterest": {"shares": 0}, "vk": {"shares": 0}, "linkedin": {"shares": 0}, "facebook": {"likes": 0, "shares": 0, "comments": 0}, "stumbledupon": {"shares": 0}}, "site_full": "uk.finance.yahoo.com", "main_image": "https://s1.yimg.com/bt/api/res/1.2/M7vS95b2fvSzHFeFStPk0A--/YXBwaWQ9eW5ld3NfbGVnbztxPTc1O3c9NjAw/http://l.yimg.com/os/mit/media/m/social/images/social_default_logo-1481777.png", "site_section": "https://uk.finance.yahoo.com/news/sector-banks/?format=rss", "section_title": "Banking News - Yahoo! Finance UK", "url": "https://uk.finance.yahoo.com/news/london-stock-exchange-launches-curveglobal-081700852.html", "country": "US", "title": "London Stock Exchange launches CurveGlobal derivatives venture", "performance_score": 0, "site": "yahoo.com", "participants_count": 0, "title_full": "London Stock Exchange launches CurveGlobal derivatives venture", "spam_score": 0.0, "site_type": "news", "published": "2015-10-16T11:17:00.000+03:00", "replies_count": 0, "uuid": "17b9595fc6153dbfd9928370c78a2e015f2d6cb3"}, "author": "", "url": "https://uk.finance.yahoo.com/news/london-stock-exchange-launches-curveglobal-081700852.html", "ord_in_thread": 0, "title": "London Stock Exchange launches CurveGlobal derivatives venture", "locations": [], "entities": {"persons": [], "locations": [], "organizations": []}, "highlightText": "", "language": "english", "persons": [], "text": "Tip : Use comma (,) to separate multiple quotes. Learn more... \nFri, Oct 16, 2015, 09:37 BST - UK Markets close in 6 hrs 53 mins London Stock Exchange launches CurveGlobal derivatives venture By Michele Maatouk | Sharecast – 20 minutes ago 251.40 +3.4000 \nLONDON (ShareCast) - (ShareCast News) - London Stock Exchange Group has launched a new interest rate derivatives venture, CurveGlobal, with a number of major dealer banks and the Chicago Board Options Exchange. LSE said it has signed definitive terms with the lenders - Bank of America Merrill Lynch, Barclays (LSE: BARC.L - news ) , Citi, Goldman Sachs (NYSE: GS-PB - news ) , J.P. Morgan (Other OTC: MGHL - news ) , Société Générale - in respect of the venture and additional shareholders are expected to join in the coming months. \nCurveGlobal plans to initially offer trading in short-term interest rate futures in Euribor and short sterling and long-term interest rate futures in bund, bobl, schatz and gilts. \nLSE said additional products are expected to be rolled out following the launch phase. The products will be traded on the London Stock Exchange Derivatives Market, and cleared through its LCH.Clearnet subsidiary, subject to regulatory approvals and necessary licences. \nThe FTSE 100 group said it will make an initial investment of £9.5m in the venture, which is about a third of the expected total funding capital requirements for the venture, in exchange for a 31.67% stake. It (Other OTC: ITGL - news ) said the shareholding would drop to around 25% as additional shareholders join. \nChief executive Xavier Rolet said: \"CurveGlobal is an exciting and innovative initiative for our customers and one that complements the recently announced portfolio margining solution from LCH.Clearnet's SwapClear business (Other OTC: UBGXF - news ) .\"", "external_links": [], "published": "2015-10-16T11:17:00.000+03:00", "crawled": "2015-10-16T11:40:37.771+03:00", "highlightTitle": ""}