{"organizations": [], "uuid": "36eb8084464d9dfe4b0aabdcf4ab57cb9af04647", "thread": {"social": {"gplus": {"shares": 0}, "pinterest": {"shares": 0}, "vk": {"shares": 0}, "linkedin": {"shares": 0}, "facebook": {"likes": 0, "shares": 0, "comments": 0}, "stumbledupon": {"shares": 0}}, "site_full": "www.wsj.com", "main_image": "http://si.wsj.net/public/resources/images/BN-KT288_egypt1_G_20151014070654.jpg", "site_section": "http://www.wsj.com/news/business", "section_title": "Business &amp; Finance News - Wall Street Journal", "url": "http://www.wsj.com/articles/last-of-three-convicted-al-jazeera-journalists-leaves-egypt-1444821483", "country": "", "title": "Last of Three Convicted Al Jazeera Journalists Leaves Egypt", "performance_score": 0, "site": "wsj.com", "participants_count": 1, "title_full": "Last of Three Convicted Al Jazeera Journalists Leaves Egypt - WSJ", "spam_score": 0.0, "site_type": "news", "published": "2015-10-14T15:18:00.000+03:00", "replies_count": 0, "uuid": "36eb8084464d9dfe4b0aabdcf4ab57cb9af04647"}, "author": "wsjcom", "url": "http://www.wsj.com/articles/last-of-three-convicted-al-jazeera-journalists-leaves-egypt-1444821483", "ord_in_thread": 0, "title": "Last of Three Convicted Al Jazeera Journalists Leaves Egypt", "locations": [], "entities": {"persons": [], "locations": [], "organizations": []}, "highlightText": "", "language": "english", "persons": [], "text": "DUBAI—The last of three Al Jazeera English journalists who had been imprisoned in Egypt has left the country and arrived in Qatar, where the network is based.\nAl Jazeera spokesman Hasan Salim Patel confirmed Baher Mohamed’s arrival in the Qatari capital, Doha, on Wednesday. He said he is in the country for a temporary visit.\nSome of Mr.... ", "external_links": [], "published": "2015-10-14T15:18:00.000+03:00", "crawled": "2015-10-14T14:29:24.264+03:00", "highlightTitle": ""}