{"organizations": [], "uuid": "82bfa1c0ab0a9b26c172e5d4546198cf6f2a29cc", "thread": {"social": {"gplus": {"shares": 0}, "pinterest": {"shares": 0}, "vk": {"shares": 0}, "linkedin": {"shares": 0}, "facebook": {"likes": 0, "shares": 0, "comments": 0}, "stumbledupon": {"shares": 0}}, "site_full": "www.wsj.com", "main_image": "http://si.wsj.net/public/resources/images/BN-KU329_1018ta_G_20151016130744.jpg", "site_section": "http://www.wsj.com/news/business", "section_title": "Business &amp; Finance News - Wall Street Journal", "url": "http://www.wsj.com/articles/time-to-bet-on-halliburton-by-buying-shares-in-baker-hughes-1445190909", "country": "US", "title": "Time to Bet on Halliburton by Buying Shares in Baker Hughes", "performance_score": 0, "site": "wsj.com", "participants_count": 1, "title_full": "Time to Bet on Halliburton by Buying Shares in Baker Hughes - WSJ", "spam_score": 0.0, "site_type": "news", "published": "2015-10-18T21:55:00.000+03:00", "replies_count": 0, "uuid": "82bfa1c0ab0a9b26c172e5d4546198cf6f2a29cc"}, "author": "Spencer Jakab", "url": "http://www.wsj.com/articles/time-to-bet-on-halliburton-by-buying-shares-in-baker-hughes-1445190909", "ord_in_thread": 0, "title": "Time to Bet on Halliburton by Buying Shares in Baker Hughes", "locations": [], "entities": {"persons": [], "locations": [], "organizations": []}, "highlightText": "", "language": "english", "persons": [], "text": "It seemed like a good idea at the time.\nThe bottom was dropping out of the energy market and oil-field-services giant Halliburton Co. decided to turn adversity into opportunity. Last November, it pounced on competitor Baker Hughes Inc. to form a proposed entity that would rival industry top dog Schlumberger Ltd. in size and scope.\nThe... To Read the Full Story, Subscribe or Sign In", "external_links": [], "published": "2015-10-18T21:55:00.000+03:00", "crawled": "2015-10-18T21:18:09.238+03:00", "highlightTitle": ""}