{"organizations": [], "uuid": "8ab373fce5cf306dbc88fc8ad5bf9395b87dc9bf", "thread": {"social": {"gplus": {"shares": 0}, "pinterest": {"shares": 0}, "vk": {"shares": 0}, "linkedin": {"shares": 0}, "facebook": {"likes": 0, "shares": 0, "comments": 0}, "stumbledupon": {"shares": 0}}, "site_full": "www.wsj.com", "main_image": "http://si.wsj.net/public/resources/images/ED-AU255_SCHMIT_G_20151019125537.jpg", "site_section": "http://www.wsj.com/news/world/asia", "section_title": "Asia Business, Finance &amp; Political News - The Wall Street Journal", "url": "http://www.wsj.com/articles/americas-taiwan-china-hocus-pocus-1445274330", "country": "US", "title": "America’s Taiwan-China Hocus Pocus - WSJ", "performance_score": 0, "site": "wsj.com", "participants_count": 1, "title_full": "America’s Taiwan-China Hocus Pocus - WSJ", "spam_score": 0.0, "site_type": "news", "published": "2015-10-19T21:05:00.000+03:00", "replies_count": 0, "uuid": "8ab373fce5cf306dbc88fc8ad5bf9395b87dc9bf"}, "author": "Gary Schmitt", "url": "http://www.wsj.com/articles/americas-taiwan-china-hocus-pocus-1445274330", "ord_in_thread": 0, "title": "America’s Taiwan-China Hocus Pocus - WSJ", "locations": [], "entities": {"persons": [], "locations": [], "organizations": []}, "highlightText": "", "language": "english", "persons": [], "text": "When President Obama announced last year that the United States would normalize relations with Cuba, he said doing so would “cut loose the shackles of the past.” No longer would the U.S. be bound by the vestiges of a strategic era long past. In moving beyond a “rigid policy” that was “rooted in events that took place before most of us were born,” Washington and Havana would be writing a “new chapter” in bilateral relations not only between the two countries but also for the region as a whole.\nWhatever the merits of Mr.... To Read the Full Story, Subscribe or Sign In", "external_links": [], "published": "2015-10-19T21:05:00.000+03:00", "crawled": "2015-10-19T20:12:18.515+03:00", "highlightTitle": ""}