{"organizations": [], "uuid": "d35fbd5437efcf380ade523e766fbc67b4f3402f", "thread": {"social": {"gplus": {"shares": 0}, "pinterest": {"shares": 0}, "vk": {"shares": 0}, "linkedin": {"shares": 0}, "facebook": {"likes": 0, "shares": 0, "comments": 0}, "stumbledupon": {"shares": 0}}, "site_full": "finance.yahoo.com", "main_image": "http://l2.yimg.com/bt/api/res/1.2/1dC8I49ehDTDVoDmIO7nWA--/YXBwaWQ9eW5ld3NfbGVnbztpbD1wbGFuZTtxPTc1O3c9NjAw/http://globalfinance.zenfs.com/images/US_AHTTP_REUTERS_OLUSBUS_WRAPPER_H_LIVE_NEW/2015-10-12T220320Z_2_LYNXNPEB9B10K_RTROPTP_3_USA-SODAS-CALIFORNIA_original.jpg", "site_section": "http://finance.yahoo.com/rss/topstories", "section_title": "Yahoo! Finance: Top Stories", "url": "http://finance.yahoo.com/news/exclusive-pepsi-coca-cola-competing-220235361.html?l=1", "country": "GB", "title": "Exclusive: Pepsi, Coca-Cola competing for investment in Chobani", "performance_score": 0, "site": "yahoo.com", "participants_count": 2, "title_full": "Exclusive: Pepsi, Coca-Cola competing for investment in Chobani - Yahoo Finance", "spam_score": 0.0, "site_type": "news", "published": "2015-10-13T03:00:00.000+03:00", "replies_count": 3, "uuid": "d280989ab922eec71b21dbbe0c6b92023f92e9d7"}, "author": "yahoo", "url": "http://finance.yahoo.com/news/exclusive-pepsi-coca-cola-competing-220235361.html?l=1#post-0", "ord_in_thread": 0, "title": "Exclusive: Pepsi, Coca-Cola competing for investment in Chobani", "locations": [], "entities": {"persons": [], "locations": [], "organizations": []}, "highlightText": "", "language": "english", "persons": [], "text": ". View photo\nCans of soda are displayed in a case at Kwik Stops Liquor in San Diego, California February 13, 2014. REUTERS/Sam Hodgson By Lauren Hirsch and Greg Roumeliotis\n(Reuters) - PepsiCo Inc (PEP.N) and Coca-Cola Co (KO.N) are in talks to invest in Chobani LLC, in a deal that the Greek yogurt maker hopes could value it at as much $3 billion, including debt, according to people familiar with the matter.\nThe negotiations illustrate how soft drink giants are making a push to diversify beyond the slow-growth carbonated beverage sector into the U.S. consumer market's faster-growing healthy lifestyle segment.\nChobani is exploring selling a minority stake, including warrants owned by private equity firm TPG Capital LP that account for between 10 percent and 20 percent of the yogurt maker's equity depending on its financial performance, the people said.\nChobani is looking for a strategic investor to help expand its supply chain, distribution, manufacturing base and geographic footprint for its popular yogurts like Flip, which combine yogurt with flavors such as peanut butter and coffee, the people added. \nThe deal under negotiation could change and there is no certainty that either Pepsi or Coca-Cola will reach an agreement, the people said. Other companies are also in talks with Chobani about a potential investment, the people said.\nThe sources asked not to be identified because the negotiations are confidential. Chobani, TPG and Cola-Cola declined to comment. Pepsi did not immediately respond to a request for comment.\nBased in New Berlin, New York, Chobani was founded in 2005 by Turkish immigrant Hamdi Ulukaya, its majority owner and chief executive. While its yogurt has become one of the top-selling Greek brands in the United States, Chobani has also experienced some growing pains. Private equity firm TPG Capital LP gave a $750 million loan to the company last year to help it fund a turnaround.\nPepsi and Coca-Cola are no strangers to the dairy sector. In 2012, Pepsi started selling yogurt through a joint venture with German dairy company Theo Müller. This year, Coca-Cola began national distribution of a milk product called FairLife, which it created through a joint venture with Select Milk Producers. \nPepsi, whose snack category includes \"better for you\" products such as Quaker Oats, as well as Frito-Lay chip and other offerings, has a broader snack portfolio than Coke. \nCoca-Cola has a track record of minority investments in growth consumer segments, including stakes in coffee company Keurig Green Mountain Inc (GMCR.O), energy drink Monster Beverage Corp (MNST.O) and juice brand Suja Life LLC. \n\n(Reporting by Lauren Hirsch and Greg Roumeliotis in New York; Editing by Christian Plumb)\nConsumer Discretionary Coca-Cola Pepsi", "external_links": [], "published": "2015-10-13T03:00:00.000+03:00", "crawled": "2015-10-13T05:47:23.762+03:00", "highlightTitle": ""}