{"organizations": [], "uuid": "381d84995d643c0c1760920194c2a37358c574a5", "thread": {"social": {"gplus": {"shares": 0}, "pinterest": {"shares": 0}, "vk": {"shares": 0}, "linkedin": {"shares": 0}, "facebook": {"likes": 0, "shares": 0, "comments": 0}, "stumbledupon": {"shares": 0}}, "site_full": "www.financialexpress.com", "main_image": "http://www.financialexpress.com/wp-content/uploads/2015/08/Rupee-Ret2.jpg", "site_section": "http://www.financialexpress.com/", "section_title": "The Financial Express | India News Today,Latest National News,Stock Market Today,SENSEX NIFTY,NSE BSE India,Finance News,Business News", "url": "http://www.financialexpress.com/article/industry/banking-finance/indian-rupee-likely-to-firm-up-to-64-5-level-against-us-dollar-india-rating/150227", "country": "IE", "title": "Indian rupee likely to firm up to 64.5 level against US dollar: India Rating", "performance_score": 0, "site": "financialexpress.com", "participants_count": 1, "title_full": "Indian rupee likely to firm up to 64.5 level against US dollar: India Rating | The Financial Express", "spam_score": 0.0, "site_type": "news", "published": "2015-10-13T05:01:00.000+03:00", "replies_count": 0, "uuid": "381d84995d643c0c1760920194c2a37358c574a5"}, "author": "financialexpress.com", "url": "http://www.financialexpress.com/article/industry/banking-finance/indian-rupee-likely-to-firm-up-to-64-5-level-against-us-dollar-india-rating/150227", "ord_in_thread": 0, "title": "Indian rupee likely to firm up to 64.5 level against US dollar: India Rating", "locations": [], "entities": {"persons": [], "locations": [], "organizations": []}, "highlightText": "", "language": "english", "persons": [], "text": "Other Articles FPIs test state bonds even as more of G-Sec investment opens up As crisis deepens, new MD says to appoint external audit agency New Bank of Baroda chief says external agency to probe scams The rupee is set to strengthen its gains towards 64.5 level against the dollar on the back of weakness in dollar, ratings agency India Ratings said today.\nThe US dollar has been losing ground against most majors and emerging market currencies following a spate of weak data from the US and on expectations of a delay in policy rates normalisation in US, the rating agency said.\nIndia Ratings said it expects the rupee to see further gains on the release of the first tranche of G-sec limit under the FPI framework this week.\n“The guidelines on foreign portfolio investment (FPI) limits in government securities (G-secs) will help broaden participation across the yield curve, help investors plan allocations systematically and alleviate concerns over ‘hot money’ outflows in the event of global volatility resurgence,” Ind-Ra said.\nInd-Ra predicted that inflation and factory output data due this week could underscore its bullish view on bonds.\nThe rupee today ended marginally lower by one paise to 64.75 against the American currency on mild dollar demand from banks and importers.\n 12, 2015 9:01 pm", "external_links": [], "published": "2015-10-13T05:01:00.000+03:00", "crawled": "2015-10-13T23:00:37.532+03:00", "highlightTitle": ""}