{"organizations": [], "uuid": "647f16ba311cf52ba96d477e24845a0e6c33ee82", "thread": {"social": {"gplus": {"shares": 0}, "pinterest": {"shares": 0}, "vk": {"shares": 0}, "linkedin": {"shares": 0}, "facebook": {"likes": 0, "shares": 0, "comments": 0}, "stumbledupon": {"shares": 0}}, "site_full": "www.wsj.com", "main_image": "http://si.wsj.net/public/resources/images/BN-KU180_1016ci_G_20151016054022.jpg", "site_section": "http://www.wsj.com/news/world/asia", "section_title": "Asia Business, Finance &amp; Political News - The Wall Street Journal", "url": "http://www.wsj.com/articles/ibm-allows-chinese-government-to-review-source-code-1444989039", "country": "US", "title": "IBM Allows Chinese Government to Review Source Code", "performance_score": 3, "site": "wsj.com", "participants_count": 1, "title_full": "IBM Allows Chinese Government to Review Source Code - WSJ", "spam_score": 0.0, "site_type": "news", "published": "2015-10-16T13:50:00.000+03:00", "replies_count": 0, "uuid": "647f16ba311cf52ba96d477e24845a0e6c33ee82"}, "author": "Eva Dou", "url": "http://www.wsj.com/articles/ibm-allows-chinese-government-to-review-source-code-1444989039", "ord_in_thread": 0, "title": "IBM Allows Chinese Government to Review Source Code", "locations": [], "entities": {"persons": [], "locations": [], "organizations": []}, "highlightText": "", "language": "english", "persons": [], "text": "BEIJING—International Business Machines Corp. has agreed to let China’s technology ministry review some product source code in a secure room, according to two people briefed on the practice, making it the first major U.S. tech company to comply with requests from Beijing that the industry has opposed.\nIBM has begun allowing officials from China’s Ministry of Industry and Information Technology examine proprietary source code—the secret sauce behind its software—in a controlled space without being able to remove it from... ", "external_links": [], "published": "2015-10-16T13:50:00.000+03:00", "crawled": "2015-10-16T13:05:04.112+03:00", "highlightTitle": ""}