{"organizations": [], "uuid": "4a8bb2f4e240e42a5894ea14824517d99bdeb22b", "thread": {"social": {"gplus": {"shares": 0}, "pinterest": {"shares": 0}, "vk": {"shares": 0}, "linkedin": {"shares": 0}, "facebook": {"likes": 0, "shares": 0, "comments": 0}, "stumbledupon": {"shares": 0}}, "site_full": "business-news.thestreet.com", "main_image": "", "site_section": "http://business-news.thestreet.com/rome-observer/rss/627", "section_title": "Rome Observer : Personal Finance", "url": "http://business-news.thestreet.com/rome-observer/story/how-maintain-your-wealth-once-youve-attained-it/1", "country": "US", "title": "How to Maintain Your Wealth Once You've Attained It", "performance_score": 0, "site": "thestreet.com", "participants_count": 0, "title_full": "How to Maintain Your Wealth Once You've Attained It", "spam_score": 0.0, "site_type": "news", "published": "2015-10-13T21:15:00.000+03:00", "replies_count": 0, "uuid": "4a8bb2f4e240e42a5894ea14824517d99bdeb22b"}, "author": "", "url": "http://business-news.thestreet.com/rome-observer/story/how-maintain-your-wealth-once-youve-attained-it/1", "ord_in_thread": 0, "title": "How to Maintain Your Wealth Once You've Attained It", "locations": [], "entities": {"persons": [], "locations": [], "organizations": []}, "highlightText": "", "language": "english", "persons": [], "text": "How to Maintain Your Wealth Once You've Attained It 10/13/2015 - 2:15 PM EDT \nNEW YORK ( MainStreet ) – Even you get rich easily, maintaining those riches and turning them into lasting wealth is far more difficult. \nWhether you're a professional athlete burning through your rookie contract money , a lottery winner buying one too many rounds for the house or an heir whose full inheritance came a bit more quickly than expected, there is a whole lot of temptation to spend that money frivolously or out of a sense of obligation. Just realize that, without a plan in place to help it grow, those newfound riches are finite. \n“Almost anyone who gets a large windfall can fall prey to ‘sudden wealth syndrome,’” says Shomari Hearn, certified financial planner and vice president of Palisades Hudson Financial Group. “The recipient can fall into the trap of believing their newfound wealth will never run out and they can buy everything and do anything.” More Headlines Boosting Retirement Income: How to Generate Funds in Your Golden Years \nHearn notes that some people who get an inheritance, sign a big contract, get a stock payout or win a settlement buy huge houses and boats and go on spending sprees. Some invest heavily in risky ventures or faltering businesses owned by friends or family members. However, some -- especially professional athletes or those in science, technology, engineering and mathematics professions who see their share of a stock split or company buyout balloon -- fall under the category of “high net workers.” That means they've made a whole lot of money but, according to Frank Trotter, executive vice president of EverBank, will still need to work, because they aren't taking the right financial steps to secure their wealth. \n“I don’t think fear is a key element for this group, but a lack of action will prevent them from moving from a high cash-flow segment to high net worth,” Trotter says. “I defined ‘rich’ as 'the sustainable ability to reasonably buy what you want without regard to budget – whether retired or not.' For a majority of high net workers, this will not be achieved, based on their average behavior.” 1", "external_links": [], "published": "2015-10-13T21:15:00.000+03:00", "crawled": "2015-10-13T21:46:46.548+03:00", "highlightTitle": ""}