{"organizations": [], "uuid": "f9749e84c1dfdc123173188425a318bfffaa7d66", "thread": {"social": {"gplus": {"shares": 0}, "pinterest": {"shares": 0}, "vk": {"shares": 0}, "linkedin": {"shares": 0}, "facebook": {"likes": 0, "shares": 0, "comments": 0}, "stumbledupon": {"shares": 0}}, "site_full": "www.wsj.com", "main_image": "http://si.wsj.net/public/resources/images/BN-KS717_1013pl_G_20151013070656.jpg", "site_section": "http://www.wsj.com/news/business", "section_title": "Business &amp; Finance News - Wall Street Journal", "url": "http://www.wsj.com/articles/playboy-magazine-to-no-longer-publish-nude-photos-1444735395", "country": "US", "title": "Playboy Magazine to No Longer Publish Nude Photos", "performance_score": 0, "site": "wsj.com", "participants_count": 1, "title_full": "Playboy Magazine to No Longer Publish Nude Photos - WSJ", "spam_score": 0.0, "site_type": "news", "published": "2015-10-13T15:23:00.000+03:00", "replies_count": 0, "uuid": "f9749e84c1dfdc123173188425a318bfffaa7d66"}, "author": "Ezequiel Minaya", "url": "http://www.wsj.com/articles/playboy-magazine-to-no-longer-publish-nude-photos-1444735395", "ord_in_thread": 0, "title": "Playboy Magazine to No Longer Publish Nude Photos", "locations": [], "entities": {"persons": [], "locations": [], "organizations": []}, "highlightText": "", "language": "english", "persons": [], "text": "Playboy Enterprises Inc., which helped usher in the sexual revolution but has stumbled in the digital era, said it no longer would publish nude photos in its flagship magazine, which built its reputation on spreads featuring pop-culture icons such as Marilyn Monroe, Farrah Fawcett and Madonna.\nPlayboy, which already has reconfigured its website to make it “safe for work,” said it would unveil a redesign to its magazine with the March... To Read the Full Story, Subscribe or Sign In", "external_links": [], "published": "2015-10-13T15:23:00.000+03:00", "crawled": "2015-10-13T14:58:40.011+03:00", "highlightTitle": ""}