{"organizations": [], "uuid": "0dad56f42052201bf7ae3fc8fb66d01635490a46", "thread": {"social": {"gplus": {"shares": 0}, "pinterest": {"shares": 0}, "vk": {"shares": 0}, "linkedin": {"shares": 0}, "facebook": {"likes": 0, "shares": 0, "comments": 0}, "stumbledupon": {"shares": 0}}, "site_full": "www.reuters.com", "main_image": "", "site_section": "http://www.reuters.com/finance/personal-finance", "section_title": "Wealth, Personal Finance &amp; Money | Reuters.com", "url": "http://www.reuters.com/article/2015/10/16/matchgroup-ipo-idUSL3N12G5IC20151016", "country": "US", "title": "Tinder, Match.com owner files for IPO", "performance_score": 0, "site": "reuters.com", "participants_count": 1, "title_full": "Tinder, Match.com owner files for IPO | Reuters", "spam_score": 0.0, "site_type": "news", "published": "2015-10-17T01:41:00.000+03:00", "replies_count": 0, "uuid": "0dad56f42052201bf7ae3fc8fb66d01635490a46"}, "author": "Reuters", "url": "http://www.reuters.com/article/2015/10/16/matchgroup-ipo-idUSL3N12G5IC20151016", "ord_in_thread": 0, "title": "Tinder, Match.com owner files for IPO", "locations": [], "entities": {"persons": [], "locations": [], "organizations": []}, "highlightText": "", "language": "english", "persons": [], "text": "Oct 16 Match Group, the owner of dating services such as Tinder, OkCupid and Match.com, filed with U.S. regulators on Friday for an initial public offering of common stock.\nJP Morgan, Allen & Co LLC and BofA Merrill Lynch are the underwriters for the offering, the company said in a filing with the U.S. Securities and Exchange Commission. ( 1.usa.gov/1GieXps )\nBarry Diller's IAC/InterActiveCorp owns Match Group, and had said in June that it would float less than 20 percent of Match in an IPO. (Reporting by Sai Sachin R in Bengaluru; Editing by Sriraj Kalluvila)", "external_links": ["http://1.usa.gov/1GieXps"], "published": "2015-10-17T01:41:00.000+03:00", "crawled": "2015-10-17T00:56:38.557+03:00", "highlightTitle": ""}