{"organizations": ["NZDT", "RBA"], "uuid": "5367c922ec9543fdb873e9375e1c9b05a1d20656", "thread": {"social": {"gplus": {"shares": 0}, "pinterest": {"shares": 0}, "vk": {"shares": 0}, "linkedin": {"shares": 0}, "facebook": {"likes": 0, "shares": 0, "comments": 0}, "stumbledupon": {"shares": 0}}, "site_full": "nz.finance.yahoo.com", "main_image": "https://s1.yimg.com/bt/api/res/1.2/M7vS95b2fvSzHFeFStPk0A--/YXBwaWQ9eW5ld3NfbGVnbztxPTc1O3c9NjAw/http://l.yimg.com/os/mit/media/m/social/images/social_default_logo-1481777.png", "site_section": "https://nz.finance.yahoo.com/news/topic-top-stories/?format=rss", "section_title": "Latest business and finance news from New Zealand and the world's key markets - Yahoo New Zealand Finance", "url": "https://nz.finance.yahoo.com/news/loses-ground-rba-comments-060809881.html", "country": "US", "title": "$A loses ground on RBA comments", "performance_score": 0, "site": "yahoo.com", "participants_count": 0, "title_full": "$A loses ground on RBA comments", "spam_score": 0.0, "site_type": "news", "published": "2015-10-16T09:12:00.000+03:00", "replies_count": 0, "uuid": "5367c922ec9543fdb873e9375e1c9b05a1d20656"}, "author": "", "url": "https://nz.finance.yahoo.com/news/loses-ground-rba-comments-060809881.html", "ord_in_thread": 0, "title": "$A loses ground on RBA comments", "locations": ["New Zealand"], "entities": {"persons": [], "locations": [], "organizations": []}, "highlightText": "", "language": "english", "persons": [], "text": "Fri, Oct 16, 2015, 9:44 PM NZDT - New Zealand Markets closed $A loses ground on RBA comments AAP – 2 hours 32 minutes ago Recommend Print \nThe Australian dollar has sagged after investors interpreted the Reserve Bank's appraisal of property markets as evidence a rate cut is back on the cards. \nAt 1700 AEDT on Friday, the currency was trading at 72.90 US cents, down from 73.19 cents on Thursday. \nEasy Forex currency dealer Andreas Tjahja said the fall came on the back of better than expected US inflation data overnight, and the release of the RBA's Financial Stability Review. \nIn its report, the central bank said risks in the housing market remain high and the safety net for borrowers is smaller, but tighter lending standards are helping. \nThat has been seen as potentially adding to the case for a cash rate cut before the end of the year, Mr Tjahja said. \n\"The market had disregarded this (idea) after the last RBA meeting,\" he said. \n\"Sentiment in the last few days has prompted a wave of more and more investment banks offering reasons why the RBA will cut.\" \nAt 1700 AEDT, the Australian dollar was at 86.86 Japanese yen, down from Thursday's close of 87.05 yen, and at 64.05 euro cents, up from 63.74 euro cents. \nThe Australian bond market has ended the week lower, tracking US trends after inflation was higher than expectations. \nOvernight, US treasuries were also a little lower on the back of stock market strength, National Australia Bank head of research Peter Jolly said. \nFalling petrol prices pushed US consumer prices lower for a second straight month in September, but core inflation, which excludes food and energy, rose 0.2 per cent. \n\"It perhaps keeps the (US Federal Reserve) rate hike on track,\" he said. \nLocally, Westpac's decision this week to slug borrowers with a mortgage rate increase was also fuelling speculation about a cut to the cash rate. \n\"The front end of the yield curve has rallied a bit over the last few days as people have moved to increase the chances the RBA would need to cut,\" Mr Jolly said. \n\"Right now the market pricing for a November rate cut is around 35 per cent, and we already have close to two rate cuts priced by the middle of next year.\" \nDespite the aggressive moves, NAB believes the RBA would wait to see how other banks and the economy respond before making any knee-jerk reactions on monetary policy, he said. \nAt 1630 AEDT on Friday, the September 2015 10-year bond futures contract was trading at 97.375 (implying a yield of 2.625 per cent), down from 97.405 (2.595 per cent) on Thursday. \nThe September 2015 three-year bond futures contract was at 98.210 (1.790 per cent), down from 98.230 (1.780 per cent). @YahooNZBusiness on Twitter, become a fan on Facebook UK High Court to rule over Uber AAP \nA High Court judge is set to rule on the legality of ride-sharing app Uber. Transport for London (TfL) is seeking …", "external_links": [], "published": "2015-10-16T09:12:00.000+03:00", "crawled": "2015-10-16T11:48:24.271+03:00", "highlightTitle": ""}