{"organizations": ["ARM Holdings", "HSBC Holdings plc"], "uuid": "8e3587ec033d4f9c615a7ca122048f51ddd2c7ff", "thread": {"social": {"gplus": {"shares": 0}, "pinterest": {"shares": 0}, "vk": {"shares": 0}, "linkedin": {"shares": 0}, "facebook": {"likes": 0, "shares": 0, "comments": 0}, "stumbledupon": {"shares": 0}}, "site_full": "uk.finance.yahoo.com", "main_image": "https://s1.yimg.com/bt/api/res/1.2/M7vS95b2fvSzHFeFStPk0A--/YXBwaWQ9eW5ld3NfbGVnbztxPTc1O3c9NjAw/http://l.yimg.com/os/mit/media/m/social/images/social_default_logo-1481777.png", "site_section": "https://uk.finance.yahoo.com/news/sector-technology/?format=rss", "section_title": "Technology News - Yahoo! Finance UK", "url": "https://uk.finance.yahoo.com/news/boost-returns-hsbc-holdings-plc-050653953.html", "country": "GB", "title": "Boost Your Returns With HSBC Holdings plc, ARM Holdings plc And Persimmon plc", "performance_score": 0, "site": "yahoo.com", "participants_count": 0, "title_full": "Boost Your Returns With HSBC Holdings plc, ARM Holdings plc And Persimmon plc", "spam_score": 0.0, "site_type": "news", "published": "2015-10-17T08:06:00.000+03:00", "replies_count": 0, "uuid": "8e3587ec033d4f9c615a7ca122048f51ddd2c7ff"}, "author": "", "url": "https://uk.finance.yahoo.com/news/boost-returns-hsbc-holdings-plc-050653953.html", "ord_in_thread": 0, "title": "Boost Your Returns With HSBC Holdings plc, ARM Holdings plc And Persimmon plc", "locations": [], "entities": {"persons": [], "locations": [], "organizations": []}, "highlightText": "", "language": "english", "persons": [], "text": "Tip : Use comma (,) to separate multiple quotes. Learn more... \nSun, Oct 18, 2015, 05:30 BST - UK Markets closed Boost Your Returns With HSBC Holdings plc, ARM Holdings plc And Persimmon plc By Peter Stephens | Fool.co.uk – 23 hours ago 1,956.00 +3.00 \nWithin the FTSE 100 there are numerous opportunities at the present time for investors to buy high quality companies at very appealing prices. A notable example is HSBC (LSE: HSBA), which currently trades on a price to earnings (P/E) ratio of just 10. \nClearly, HSBC is struggling to deal with a cost base which it could be argued has got out of control. Operating costs are at their highest ever level and, while many of its peers have been successfully able to reduce their overheads in recent years, HSBC has become relatively inefficient. However, this is set to change with a major cost-cutting programme which will involve many thousands of the bank's staff being made redundant. \nAs ever, the Asian economy holds huge growth potential within the banking space, with a rising middle class having relatively low exposure to savings products and loans. HSBC's entrenched position within the Asian economy provides it with an excellent opportunity to deliver high levels of growth in the long run. And, in the meantime, the bank yields 6.4% from a dividend which is covered 1.6 times by profit and which is therefore highly sustainable even with earnings set to grow by just 2% next year. \nSimilarly, house builder Persimmon (LSE: PSN) has highly appealing growth prospects. The UK housing market may well be massively overvalued but, with interest rates likely to remain relatively low, demand for housing is likely to remain high as people continue to rack up vast debts. As such, the outlook for Persimmon's sales prices seems to be positive, which is a key reason why the company's bottom line is expected to rise by 25% in the current year and by a further 10% next year. \nMany investors, though, will be put off buying Persimmon as a result of its share price growth of 414% in the last five years, with it being argued that it is now overvalued and due a pullback. However, Persimmon still trades on a P/E ratio of just 11.4 and, with the company's shares yielding just under 6%, it seems to be relatively cheap and capable of further gains in the coming years. \nThe same could be said for ARM (LSE: ARM), with the intellectual property company offering a high level of sustainable growth over the long term. The increasing popularity of smartphones across the developing world is a key reason why the company's bottom line is expected to rise by 68% this year and by a further 17% next year. And, with ARM's shares trading on a price to earnings growth (PEG) ratio of just 1.6, they appear to offer excellent capital gain potential in future. \nClearly, ARM is becoming a more mature company and, as a result, it is forecast to increase dividends per share at an annualised rate of 21.5% during the next two years. This means that it is due to yield 1.1% next year and, while relatively low, further increases in dividends are on the cards as ARM has a payout ratio of just 29% which, when combined with its high earnings growth rate, indicates that it could become an appealing income play. \nOf course, ARM, Persimmon and HSBC aren't the only companies that could boost your portfolio returns. However, finding the best stocks at the lowest prices can be challenging when work and other commitments get in the way. \nThat's why the analysts at The Motley Fool have written a free and without obligation guide called 10 Steps To Making A Million In The Market. \nIt's a step-by-step guide that could make a real difference to your financial future and allow you to retire early, pay off your mortgage, or even build a seven-figure portfolio. \nClick here to get your free and without obligation copy - it's well-worth a read! \nPeter Stephens owns shares of HSBC Holdings and Persimmon. The Motley Fool UK has recommended ARM Holdings and HSBC Holdings. We Fools don't all hold the same opinions, but we all believe that considering a diverse range of insights makes us better investors.", "external_links": [], "published": "2015-10-17T08:06:00.000+03:00", "crawled": "2015-10-18T07:31:31.252+03:00", "highlightTitle": ""}