{"organizations": [], "uuid": "93233e70fb5aac5acc66eb0295d412da97bd59ff", "thread": {"social": {"gplus": {"shares": 0}, "pinterest": {"shares": 0}, "vk": {"shares": 0}, "linkedin": {"shares": 0}, "facebook": {"likes": 0, "shares": 0, "comments": 0}, "stumbledupon": {"shares": 0}}, "site_full": "finance.yahoo.com", "main_image": "http://l3.yimg.com/bt/api/res/1.2/M7vS95b2fvSzHFeFStPk0A--/YXBwaWQ9eW5ld3NfbGVnbztxPTc1O3c9NjAw/http://l.yimg.com/os/mit/media/m/social/images/social_default_logo-1481777.png", "site_section": "http://finance.yahoo.com/rss/HeavyConstruction", "section_title": "Yahoo! Finance: Heavy Construction Industry News", "url": "http://finance.yahoo.com/news/sterling-construction-schedules-2015-third-200500061.html", "country": "GB", "title": "Sterling Construction Schedules 2015 Third Quarter Release and Conference Call for Monday, November 9th - Yahoo Finance", "performance_score": 0, "site": "yahoo.com", "participants_count": 1, "title_full": "Sterling Construction Schedules 2015 Third Quarter Release and Conference Call for Monday, November 9th - Yahoo Finance", "spam_score": 0.0, "site_type": "news", "published": "2015-10-14T03:00:00.000+03:00", "replies_count": 0, "uuid": "93233e70fb5aac5acc66eb0295d412da97bd59ff"}, "author": "Sterling Construction Company, Inc.", "url": "http://finance.yahoo.com/news/sterling-construction-schedules-2015-third-200500061.html", "ord_in_thread": 0, "title": "Sterling Construction Schedules 2015 Third Quarter Release and Conference Call for Monday, November 9th - Yahoo Finance", "locations": [], "entities": {"persons": [], "locations": [], "organizations": []}, "highlightText": "", "language": "english", "persons": [], "text": "THE WOODLANDS, Texas--(BUSINESS WIRE)--\nSterling Construction Company, Inc. (NasdaqGS:STRL), (\"Sterling\" or the \"Company\") today announced that it plans to issue its financial results for the third quarter ended September 30, 2015 on Monday, November 9, 2015 before the stock market opens. \nSterling’s management will host a conference call on Monday, November 9, 2015, at 11:00 a.m. ET/10:00 a.m. CT to discuss the third quarter results as well as recent corporate developments. Interested parties may participate in the call by dialing (201) 493-6744 or (877) 445-9755. Please call in 10 minutes before the conference call is scheduled to begin and ask for the Sterling Construction call. Following opening remarks, there will be a question and answer session. Questions may be asked during the live call, or alternatively, you may e-mail questions in advance to fbuonocore@equityny.com . \nTo listen to a webcast of the call, please go to the Company’s website at www.strlco.com at least 15 minutes early to download and install any necessary audio software. If you are unable to listen live, the conference call webcast will be archived on the Company’s website for thirty days. \nSterling is a leading heavy civil construction company that specializes in building and reconstruction of transportation and water infrastructure projects in Texas, Utah, Nevada, Arizona, California, Hawaii, and other states where there are profitable construction opportunities. Its transportation infrastructure projects include highways, roads, bridges, airfields and light rail. Its water infrastructure projects include water, wastewater and storm drainage systems. \n\nView source version on businesswire.com: http://www.businesswire.com/news/home/20151013006315/en/ \nCompany Earnings Contact: Sterling Construction Company, Inc.\nJennifer Maxwell, 281-951-3560\nDirector of Investor Relations\nor\nInvestor Relations Counsel: \nThe Equity Group Inc.\nFred Buonocore, 212-836-9607\nLinda Latman, 212-836-9609", "external_links": [], "published": "2015-10-14T03:00:00.000+03:00", "crawled": "2015-10-14T04:32:21.628+03:00", "highlightTitle": ""}