{"organizations": [], "uuid": "e60d7a69fc7fc9afc5dab7dd705c9eff18a68141", "thread": {"social": {"gplus": {"shares": 0}, "pinterest": {"shares": 0}, "vk": {"shares": 0}, "linkedin": {"shares": 0}, "facebook": {"likes": 0, "shares": 0, "comments": 0}, "stumbledupon": {"shares": 0}}, "site_full": "www.wsj.com", "main_image": "http://si.wsj.net/public/resources/images/BN-KU804_chinah_G_20151019020136.jpg", "site_section": "http://www.wsj.com/news/business", "section_title": "Business &amp; Finance News - Wall Street Journal", "url": "http://www.wsj.com/articles/china-gdp-deflategate-comes-to-beijing-1445236431", "country": "", "title": "China GDP: Deflategate Comes to Beijing", "performance_score": 0, "site": "wsj.com", "participants_count": 1, "title_full": "China GDP: Deflategate Comes to Beijing - WSJ", "spam_score": 0.0, "site_type": "news", "published": "2015-10-19T10:33:00.000+03:00", "replies_count": 0, "uuid": "e60d7a69fc7fc9afc5dab7dd705c9eff18a68141"}, "author": "Alex Frangos", "url": "http://www.wsj.com/articles/china-gdp-deflategate-comes-to-beijing-1445236431", "ord_in_thread": 0, "title": "China GDP: Deflategate Comes to Beijing", "locations": [], "entities": {"persons": [], "locations": [], "organizations": []}, "highlightText": "", "language": "english", "persons": [], "text": "China’s economy is like Tom Brady’s footballs: Deflation may improve performance.\nThe world’s second largest economy registered an official 6.9% growth rate, in inflation adjusted terms, in the third quarter compared with a year ago, just a smidgen off the government’s official target of 7%.\nBut in nominal terms, it grew just 6.2%, the slowest top-line growth for the economy since 1999. That is distressing news for anyone in... ", "external_links": [], "published": "2015-10-19T10:33:00.000+03:00", "crawled": "2015-10-19T09:38:40.634+03:00", "highlightTitle": ""}