{"organizations": [], "uuid": "0c9be134d591aea322c7fb780628f42c82bf8a21", "thread": {"social": {"gplus": {"shares": 0}, "pinterest": {"shares": 0}, "vk": {"shares": 0}, "linkedin": {"shares": 0}, "facebook": {"likes": 0, "shares": 0, "comments": 0}, "stumbledupon": {"shares": 0}}, "site_full": "www.wsj.com", "main_image": "http://si.wsj.net/public/resources/images/BN-KR803_1009bu_G_20151009121619.jpg", "site_section": "http://www.wsj.com/news/world/asia", "section_title": "Asia Business, Finance &amp; Political News - The Wall Street Journal", "url": "http://www.wsj.com/articles/myanmars-buddhist-monks-flex-muscle-ahead-of-election-1444795200", "country": "US", "title": "Myanmar’s Buddhist Monks Flex Muscle Ahead of Election - WSJ", "performance_score": 0, "site": "wsj.com", "participants_count": 1, "title_full": "Myanmar’s Buddhist Monks Flex Muscle Ahead of Election - WSJ", "spam_score": 0.0, "site_type": "news", "published": "2015-10-14T08:00:00.000+03:00", "replies_count": 0, "uuid": "0c9be134d591aea322c7fb780628f42c82bf8a21"}, "author": "James Hookway", "url": "http://www.wsj.com/articles/myanmars-buddhist-monks-flex-muscle-ahead-of-election-1444795200", "ord_in_thread": 0, "title": "Myanmar’s Buddhist Monks Flex Muscle Ahead of Election - WSJ", "locations": [], "entities": {"persons": [], "locations": [], "organizations": []}, "highlightText": "", "language": "english", "persons": [], "text": "MANDALAY, Myanmar—Buddhism is normally associated with meditation and withdrawing from the material world. But some monks here are playing a more temporal role, pressing a hard-line nationalist agenda ahead of next month’s elections that threatens the country’s nascent shift to democracy after decades of military rule.\nAshin Wirathu, the 47-year-old abbot of the Ma Soe Yein monastery in Mandalay, is among the most influential. His head shaved smooth, he frequently tugs a pair of battered reading glasses from the folds of... To Read the Full Story, Subscribe or Sign In", "external_links": [], "published": "2015-10-14T08:00:00.000+03:00", "crawled": "2015-10-14T07:24:56.331+03:00", "highlightTitle": ""}