{"organizations": [], "uuid": "aea023af0dc9b0f88fecd12bafc89e932a8cb1a8", "thread": {"social": {"gplus": {"shares": 0}, "pinterest": {"shares": 0}, "vk": {"shares": 0}, "linkedin": {"shares": 0}, "facebook": {"likes": 0, "shares": 0, "comments": 0}, "stumbledupon": {"shares": 0}}, "site_full": "financefollow.com", "main_image": "", "site_section": "http://financefollow.com/feed/", "section_title": "Finance Follow", "url": "http://financefollow.com/2015/10/germanys-merck-kgaa-scraps-unit-brands/", "country": "", "title": "Germany’s Merck KGaA scraps unit brands", "performance_score": 0, "site": "financefollow.com", "participants_count": 1, "title_full": "Germany’s Merck KGaA scraps unit brands", "spam_score": 0.0, "site_type": "news", "published": "2015-10-14T10:15:00.000+03:00", "replies_count": 0, "uuid": "aea023af0dc9b0f88fecd12bafc89e932a8cb1a8"}, "author": "Expert", "url": "http://financefollow.com/2015/10/germanys-merck-kgaa-scraps-unit-brands/", "ord_in_thread": 0, "title": "Germany’s Merck KGaA scraps unit brands", "locations": [], "entities": {"persons": [], "locations": [], "organizations": []}, "highlightText": "", "language": "english", "persons": [], "text": "Your email address will not be published. Required fields are marked * Name *", "external_links": [], "published": "2015-10-14T10:15:00.000+03:00", "crawled": "2015-10-14T15:34:44.725+03:00", "highlightTitle": ""}