{"organizations": [], "uuid": "05a41613b7b6dc14c1a01d573dd4978bce01970f", "thread": {"social": {"gplus": {"shares": 0}, "pinterest": {"shares": 0}, "vk": {"shares": 0}, "linkedin": {"shares": 0}, "facebook": {"likes": 0, "shares": 0, "comments": 0}, "stumbledupon": {"shares": 0}}, "site_full": "www.cbs8.com", "main_image": "http://images.worldnow.com/AP/images/9046899_G.jpg", "site_section": "http://www.cbs8.com/category/120652/money", "section_title": "Money: Personal Finance, Business, Small Business news features - CBS News 8 - San Diego, CA News Station - KFMB Channel 8", "url": "http://www.cbs8.com/story/30291747/chinese-president-to-begin-busy-state-visit-to-britain", "country": "US", "title": "Chinese president to begin busy state visit to Britain", "performance_score": 0, "site": "cbs8.com", "participants_count": 1, "title_full": "Chinese president to begin busy state visit to Britain - CBS News 8 - San Diego, CA News Station - KFMB Channel 8", "spam_score": 0.0, "site_type": "news", "published": "2015-10-19T03:00:00.000+03:00", "replies_count": 0, "uuid": "05a41613b7b6dc14c1a01d573dd4978bce01970f"}, "author": "cbs8", "url": "http://www.cbs8.com/story/30291747/chinese-president-to-begin-busy-state-visit-to-britain", "ord_in_thread": 0, "title": "Chinese president to begin busy state visit to Britain", "locations": [], "entities": {"persons": [], "locations": [], "organizations": []}, "highlightText": "", "language": "english", "persons": [], "text": "LONDON (AP) - Chinese President Xi Jinping is set to begin a four-day state visit to Britain to emphasize growing trade ties between the two countries.\nThe president and his wife arrive Monday evening and will stay at Buckingham Palace as guests of Queen Elizabeth II and her husband Prince Philip.\nXi plans to make an unusual address to both houses of Parliament and will meet with Prime Minister David Cameron and Prince Charles.\nHis trip follows a high profile visit to China by Treasury chief George Osborne, who seeks more Chinese investment for Britain.\nProtests are expected throughout Xi's visit, which is scheduled to end Friday. British opposition leader Jeremy Corbyn has indicated a desire to discuss human rights with Xi when they meet at a palace banquet.\n ", "external_links": [], "published": "2015-10-19T03:00:00.000+03:00", "crawled": "2015-10-19T12:04:06.648+03:00", "highlightTitle": ""}