{"organizations": [], "uuid": "8f5841f6f8b5e334559380fbdcf455bdba414a6d", "thread": {"social": {"gplus": {"shares": 0}, "pinterest": {"shares": 0}, "vk": {"shares": 0}, "linkedin": {"shares": 0}, "facebook": {"likes": 0, "shares": 0, "comments": 0}, "stumbledupon": {"shares": 0}}, "site_full": "www.livemint.com", "main_image": "http://www.livemint.com/rf/Image-621x414/LiveMint/Period1/2015/10/20/Photos/seniorcitizen.JPG", "site_section": "http://www.livemint.com/money", "section_title": "Livemint - Money, news on finance, stock markets, personal finance, loans and more", "url": "http://www.livemint.com/Money/7IItpZrOLwnk3M2AJ9wOXL/Financial-planning-for-the-senior-citizen.html", "country": "IN", "title": "Financial planning for the senior citizen", "performance_score": 0, "site": "livemint.com", "participants_count": 1, "title_full": "Financial planning for the senior citizen - Livemint", "spam_score": 0.0, "site_type": "news", "published": "2015-10-19T18:56:00.000+03:00", "replies_count": 0, "uuid": "8f5841f6f8b5e334559380fbdcf455bdba414a6d"}, "author": "Livemint", "url": "http://www.livemint.com/Money/7IItpZrOLwnk3M2AJ9wOXL/Financial-planning-for-the-senior-citizen.html", "ord_in_thread": 0, "title": "Financial planning for the senior citizen", "locations": [], "entities": {"persons": [], "locations": [], "organizations": []}, "highlightText": "", "language": "english", "persons": [], "text": "Make retirement corpus work\nMost retired people gravitate towards safe assets and instruments that assure returns, while staying away from the equity market. This is not a wise move. Read more here\nWhy reverse mortgage is unpopular\nThis loan is unpopular among senior citizens due to three reasons—emotional attachment to the property, lack of understanding of the product and lack of awareness. Read full story here\nInsurance: health over life\nHospital bills are exorbitant, so having health insurance is a must. It ensures that you don’t dip into your retirement income in paying for medical expenses. Read more here\nOn a road less travelled\nThough one’s car usage might come down post retirement, the need for personalised features that ensure ease of driving becomes more pertinent as on ages. Read full story here\nReady for some footloose and fancy-free time\nHere is a look at various travel packages on offer for senior citizens and some factors to keep in mind when booking a holiday. Read full story here\nAll insurers have some restrictions on pre-existing diseases\nAfter a specified time—generally two to four years—the pre-existing ailments become payable. Read full story here\nFocus on details in a Will\nWrite a Will that clearly defines your beneficiaries and nominees. Include even the smaller things like family paintings and artefacts, as these may hold emotional value for family members. Read the full story here\nPension system for the future needs new thinking\nAs pension reforms progress, the immediacy, flexibility and dexterity of a pension system to respond to the above trends will need to be balanced with the need for a long. Read more here\nRealise post-retirement goals\nThe topmost priority should be to prepare for essential living expenses—mostly household spends and healthcare. Read the full story here", "external_links": [], "published": "2015-10-19T18:56:00.000+03:00", "crawled": "2015-10-19T08:52:13.377+03:00", "highlightTitle": ""}