{"organizations": [], "uuid": "1e5a140abef7ea46b30dd05e2a5af8149c0cc461", "thread": {"social": {"gplus": {"shares": 0}, "pinterest": {"shares": 0}, "vk": {"shares": 0}, "linkedin": {"shares": 0}, "facebook": {"likes": 0, "shares": 0, "comments": 0}, "stumbledupon": {"shares": 0}}, "site_full": "sg.finance.yahoo.com", "main_image": "https://s1.yimg.com/bt/api/res/1.2/XtgvZGf7vmN9qwG.Lunpqg--/YXBwaWQ9eW5ld3NfbGVnbztpbD1wbGFuZTtxPTc1O3c9NjAw/http://globalfinance.zenfs.com/images/SG_AHTTP_AP_FINANCIALTIMES/d4c7e8c71fb5e630850f6a706700b428_original.jpg", "site_section": "http://finance.yahoo.com/rss/headline?s=GM", "section_title": "Yahoo! Finance: GM News", "url": "https://sg.finance.yahoo.com/news/toyota-top-global-vehicle-sales-045315622.html", "country": "GB", "title": "Toyota at top in global vehicle sales for first 9 months - Yahoo Singapore Finance", "performance_score": 0, "site": "yahoo.com", "participants_count": 1, "title_full": "Toyota at top in global vehicle sales for first 9 months - Yahoo Singapore Finance", "spam_score": 0.0, "site_type": "news", "published": "2015-10-26T02:00:00.000+02:00", "replies_count": 0, "uuid": "1e5a140abef7ea46b30dd05e2a5af8149c0cc461"}, "author": "Yuri Kageyama, AP Business Writer", "url": "https://sg.finance.yahoo.com/news/toyota-top-global-vehicle-sales-045315622.html", "ord_in_thread": 0, "title": "Toyota at top in global vehicle sales for first 9 months - Yahoo Singapore Finance", "locations": [], "entities": {"persons": [], "locations": [], "organizations": []}, "highlightText": "", "language": "english", "persons": [], "text": "RELATED QUOTES Symbol Price Change TM 125.74 +0.51 VLKPY 23.84 +0.50 VOW.DE 121.85 -2.05 VLKAY 27.21 -0.43 GM 35.95 +0.53", "external_links": [], "published": "2015-10-26T02:00:00.000+02:00", "crawled": "2015-10-26T09:43:05.447+02:00", "highlightTitle": ""}