{"organizations": [], "uuid": "94d4750a03064b6767a8be33343c50c10b858410", "thread": {"social": {"gplus": {"shares": 0}, "pinterest": {"shares": 0}, "vk": {"shares": 0}, "linkedin": {"shares": 0}, "facebook": {"likes": 0, "shares": 0, "comments": 0}, "stumbledupon": {"shares": 0}}, "site_full": "finance.yahoo.com", "main_image": "http://l3.yimg.com/bt/api/res/1.2/M7vS95b2fvSzHFeFStPk0A--/YXBwaWQ9eW5ld3NfbGVnbztxPTc1O3c9NjAw/http://l.yimg.com/os/mit/media/m/social/images/social_default_logo-1481777.png", "site_section": "http://finance.yahoo.com/rss/PropertyManagement", "section_title": "Yahoo! Finance: Property Management Industry News", "url": "http://finance.yahoo.com/news/forest-city-webcast-special-meeting-120000071.html", "country": "GB", "title": "Forest City to Webcast Special Meeting of Shareholders", "performance_score": 0, "site": "yahoo.com", "participants_count": 1, "title_full": "Forest City to Webcast Special Meeting of Shareholders - Yahoo Finance", "spam_score": 0.0, "site_type": "news", "published": "2015-10-16T03:00:00.000+03:00", "replies_count": 0, "uuid": "94d4750a03064b6767a8be33343c50c10b858410"}, "author": "Forest City Enterprises, Inc.", "url": "http://finance.yahoo.com/news/forest-city-webcast-special-meeting-120000071.html", "ord_in_thread": 0, "title": "Forest City to Webcast Special Meeting of Shareholders", "locations": [], "entities": {"persons": [], "locations": [], "organizations": []}, "highlightText": "", "language": "english", "persons": [], "text": "CLEVELAND, Oct. 15, 2015 /PRNewswire/ -- Forest City Enterprises, Inc., (NYSE:FCEA and FCEB) today announced that the Company will webcast its upcoming Special Meeting of Shareholders beginning at 2:00 p.m. eastern time on Tuesday, October 20, 2015. The meeting will be held in the Skylight Room, Tower City Center, Skylight Level 3, 230 West Huron Road, Cleveland, Ohio.\nView photo\n. The meeting will be available live over the internet through an audio webcast. To access the webcast, please visit the main Investors page of the Company's website, www.forestcity.net . A webcast replay will also be available.\nAbout Forest City\nForest City Enterprises, Inc. is a NYSE-listed national real estate company with $10.3 billion in consolidated assets. The Company is principally engaged in the ownership, development, management and acquisition of commercial and residential real estate throughout the United States. For more information, visit www.forestcity.net .\nLogo - http://photos.prnewswire.com/prnh/20080515/FRSTCTYLOGO \nTo view the original version on PR Newswire, visit: http://www.prnewswire.com/news-releases/forest-city-to-webcast-special-meeting-of-shareholders-300159895.html \nProfessional Services Forest City Enterprises", "external_links": [], "published": "2015-10-16T03:00:00.000+03:00", "crawled": "2015-10-16T15:35:42.343+03:00", "highlightTitle": ""}