{"organizations": ["Worst Gas Mileage"], "uuid": "252b67992da8d3fcfe92044e04596ab87d396547", "thread": {"social": {"gplus": {"shares": 0}, "pinterest": {"shares": 0}, "vk": {"shares": 0}, "linkedin": {"shares": 0}, "facebook": {"likes": 0, "shares": 0, "comments": 0}, "stumbledupon": {"shares": 0}}, "site_full": "business-news.thestreet.com", "main_image": "", "site_section": "http://business-news.thestreet.com/south-jersey-local-news/rss/627", "section_title": "South Jersey Local News : Personal Finance", "url": "http://business-news.thestreet.com/south-jersey-local-news/story/15-gas-guzzling-suvs-and-pickups-with-the-worst-gas-mileage/13324204", "country": "US", "title": "15 Gas-Guzzling SUVs and Pickups with the Worst Gas Mileage", "performance_score": 0, "site": "thestreet.com", "participants_count": 0, "title_full": "15 Gas-Guzzling SUVs and Pickups with the Worst Gas Mileage", "spam_score": 0.0, "site_type": "news", "published": "2015-10-17T19:13:00.000+03:00", "replies_count": 0, "uuid": "252b67992da8d3fcfe92044e04596ab87d396547"}, "author": "", "url": "http://business-news.thestreet.com/south-jersey-local-news/story/15-gas-guzzling-suvs-and-pickups-with-the-worst-gas-mileage/13324204", "ord_in_thread": 0, "title": "15 Gas-Guzzling SUVs and Pickups with the Worst Gas Mileage", "locations": [], "entities": {"persons": [], "locations": [], "organizations": []}, "highlightText": "", "language": "english", "persons": ["Laurie Kulikowski"], "text": "15 Gas-Guzzling SUVs and Pickups with the Worst Gas Mileage Written by: Laurie Kulikowski 10/17/15 - 12:13 PM EDT \nNEW YORK (TheStreet) -- Though the weather is still mild in many areas of the country, consumers should be assessing their winter driving needs now, specifically which cars and trucks will safely get them through snow, ice and other hazardous conditions -- without breaking the bank. \nThe good news is that gas prices this year are down 28% nationally from last year, according to the AAA Daily Fuel Gauge Report . Filling up the gas tank for your 8-seater Cadillac Escalade will cost you a heck of a lot less than it did in 2014, but it will still take a bite out of the monthly budget. \nFor instance, the Mercedes-Benz AMG G63, with its 8-cylinder engine, has the power to barrel through even the toughest winter storms, but it gets just 13 miles to the gallon and its annual fuel cost is estimated at a whopping $3,200, according to the Web site, Fueleconomy.gov , a joint venture between the U.S. Environmental Protection Agency and the U.S. Department of Energy. More Headlines", "external_links": [], "published": "2015-10-17T19:13:00.000+03:00", "crawled": "2015-10-17T23:22:06.326+03:00", "highlightTitle": ""}