{"organizations": [], "uuid": "254d58adee5298ec342009b6935378d99913f582", "thread": {"social": {"gplus": {"shares": 0}, "pinterest": {"shares": 0}, "vk": {"shares": 0}, "linkedin": {"shares": 0}, "facebook": {"likes": 0, "shares": 0, "comments": 0}, "stumbledupon": {"shares": 0}}, "site_full": "uk.finance.yahoo.com", "main_image": "https://s.yimg.com/bt/api/res/1.2/A5zeJgjLspB29SlgmQrZEQ--/YXBwaWQ9eW5ld3NfbGVnbztpbD1wbGFuZTtxPTc1O3c9NjAw/http://globalfinance.zenfs.com/images/UK_AFTP_BusinessWire_New_LIVE_1/ace_2c_pos_xlarge_png_original.jpg", "site_section": "https://uk.finance.yahoo.com/news/sector-financial-services/?format=rss", "section_title": "Financial Services News - Yahoo! Finance UK", "url": "https://uk.finance.yahoo.com/news/ace-observes-global-day-uk-070000466.html", "country": "GB", "title": "ACE Observes Global Day of Service in the UK and Ireland", "performance_score": 0, "site": "yahoo.com", "participants_count": 0, "title_full": "ACE Observes Global Day of Service in the UK and Ireland", "spam_score": 0.0, "site_type": "news", "published": "2015-10-23T10:00:00.000+03:00", "replies_count": 0, "uuid": "254d58adee5298ec342009b6935378d99913f582"}, "author": "", "url": "https://uk.finance.yahoo.com/news/ace-observes-global-day-uk-070000466.html", "ord_in_thread": 0, "title": "ACE Observes Global Day of Service in the UK and Ireland", "locations": ["Ireland", "UK"], "entities": {"persons": [], "locations": [], "organizations": []}, "highlightText": "", "language": "english", "persons": [], "text": "Tip : Use comma (,) to separate multiple quotes. Learn more... \nFri, Oct 23, 2015, 08:36 BST - UK Markets close in 7 hrs 54 mins ACE Observes Global Day of Service in the UK and Ireland Press Release : ACE – 36 minutes ago \n\nLONDON--(BUSINESSWIRE)-- \nToday ACE in the United Kingdom and Ireland is observing a Global Day of Service, a tradition that began in 2005 and reflects ACE’s firm belief that positive contributions to communities return long-lasting benefits to society and the company’s employees and business. This Smart News Release features multimedia. View the full release here: http://www.businesswire.com/news/home/20151023005026/en/ David Robinson, Regional President, UK & Ireland, ACE (Photo: Business Wire) \nMore than 500 employees in the UK and Ireland will participate in 15 volunteer projects focused on education, poverty and health and the environment. Globally, more than 6,000 ACE employees in 50 countries will participate in approximately 250 volunteer projects, donating more than 25,000 hours in the communities where they live and work. \nPlanned activities for ACE’s Global Day of Service in the UK and Ireland include: In Birmingham , ACE employees are hosting a cake and samosa sale in the office to support the ACORNS Children’s' Hospice. In Glasgow , volunteers will be unpacking and storing Harvest donations, among other activities, for the Glasgow City Mission, which provides care to vulnerable children and adults by fighting against poverty and disadvantage. In London , ACE volunteers will paint and decorate the communal areas of Hestia Housing, which provides support to individuals with a range of needs including offenders and ex-offenders; victims of domestic abuse and people with mental health issues. In Leeds, ACE volunteers will provide company for older people, play bingo and help at the lunch club at the Hawksmoor Older People Support Services, a charity helping older people to live independently and proactively participate within their own communities. In Manchester , ACE employees will undertake a variety of activities, including footpath construction and repair; stile, step and footbridge building; fencing; and walling for the Peak Park Conservation Volunteers, a charity supporting the environment of this beautiful National Park. \nDavid Robinson, Country President for ACE in the UK and Ireland, said: \n“ACE’s Global Day of Service is a great tradition. It confirms our commitment to being a good neighbour by helping those who need it both in the UK where we have a long and deep presence, as well as globally. I want to thank all of our employees around the country who are volunteering today to help those who are less fortunate, care for our environment and make a positive impact in our communities through education. It is their time and contribution that makes this Global Day of Service special.” View source version on businesswire.com: http://www.businesswire.com/news/home/20151023005026/en/ Contact", "external_links": [], "published": "2015-10-23T10:00:00.000+03:00", "crawled": "2015-10-23T10:37:11.863+03:00", "highlightTitle": ""}