{"organizations": [], "uuid": "a2dc27e44fe6e652e4fef9100c59cc6d1bd3da77", "thread": {"social": {"gplus": {"shares": 0}, "pinterest": {"shares": 0}, "vk": {"shares": 0}, "linkedin": {"shares": 0}, "facebook": {"likes": 0, "shares": 0, "comments": 0}, "stumbledupon": {"shares": 0}}, "site_full": "www.wsj.com", "main_image": "http://si.wsj.net/public/resources/images/BN-KQ680_panmkt_G_20151007042146.jpg", "site_section": "http://www.wsj.com/news/business", "section_title": "Business &amp; Finance News - Wall Street Journal", "url": "http://www.wsj.com/articles/ice-to-buy-interactive-data-for-5-2-billion-1445868128", "country": "", "title": "ICE to Buy Interactive Data for $5.2 Billion", "performance_score": 0, "site": "wsj.com", "participants_count": 1, "title_full": "ICE to Buy Interactive Data for $5.2 Billion - WSJ", "spam_score": 0.0, "site_type": "news", "published": "2015-10-26T17:02:00.000+02:00", "replies_count": 0, "uuid": "a2dc27e44fe6e652e4fef9100c59cc6d1bd3da77"}, "author": "Lisa Beilfuss", "url": "http://www.wsj.com/articles/ice-to-buy-interactive-data-for-5-2-billion-1445868128", "ord_in_thread": 0, "title": "ICE to Buy Interactive Data for $5.2 Billion", "locations": [], "entities": {"persons": [], "locations": [], "organizations": []}, "highlightText": "", "language": "english", "persons": [], "text": "Intercontinental Exchange agreed to buy Interactive Data Corp. from Silver Lake and Warburg Pincus for about $5.2 billion, ending the financial-data provider’s bid to go public.\nThe Atlanta-based exchange operator, which bought the New York Stock Exchange in 2013, is paying $3.65 billion in cash and $1.55 billion in shares.\nBased in... To Read the Full Story, Subscribe or Sign In", "external_links": [], "published": "2015-10-26T17:02:00.000+02:00", "crawled": "2015-10-26T16:17:20.343+02:00", "highlightTitle": ""}