{"organizations": [], "uuid": "87a8eb423104b9a639dc49b07c1441a403af39d3", "thread": {"social": {"gplus": {"shares": 0}, "pinterest": {"shares": 0}, "vk": {"shares": 0}, "linkedin": {"shares": 0}, "facebook": {"likes": 0, "shares": 0, "comments": 0}, "stumbledupon": {"shares": 0}}, "site_full": "www.prweb.com", "main_image": "", "site_section": "http://www.prweb.com/rss2/finance.xml", "section_title": "Business: Finance", "url": "http://www.prweb.com/releases/2015/10/prweb13030750.htm", "country": "US", "title": "North American Bancard’s Vice President of Human Resources Julia Kellogg Named Michigan’s Top HR Professional", "performance_score": 0, "site": "prweb.com", "participants_count": 1, "title_full": "North American Bancard’s Vice President of Human Resources Julia Kellogg Named Michigan’s Top HR Professional", "spam_score": 0.0, "site_type": "news", "published": "2015-10-19T03:00:00.000+03:00", "replies_count": 0, "uuid": "87a8eb423104b9a639dc49b07c1441a403af39d3"}, "author": "Ashley Star Fisher", "url": "http://www.prweb.com/releases/2015/10/prweb13030750.htm", "ord_in_thread": 0, "title": "North American Bancard’s Vice President of Human Resources Julia Kellogg Named Michigan’s Top HR Professional", "locations": [], "entities": {"persons": [], "locations": [], "organizations": []}, "highlightText": "", "language": "english", "persons": [], "text": "North American Bancard (NAB), an industry leader in credit card processing and provider of the PayAnywhere mobile point-of-sale solution, is pleased to announce that vice president of human resources Julia Kellogg won the Michigan’s Top HR Professional Award. The award is presented by the Michigan Council of the Society for Human Resource Management (MISHRM), an affiliate of the Society for Human Resource Management (SHRM). Now in its second year, the prestigious award recognizes outstanding achievement in the HR field and is presented to the HR professionals who best exemplify the highest standards of the profession. This year’s winners were announced on October 16, 2015 at the closing luncheon of the MISHRM Conference at DeVos Place in Grand Rapids, Mich. Kellogg is an experienced human resource management professional with extensive background in the field. She is a certified Professional in Human Resources, a member of SHRM and currently serves on the board and is a past president of Detroit SHRM. Kellogg also held positions on Detroit SHRM including vice president Member Services and served on the Audit/Finance Committee. Kellogg’s capabilities and skills in the HR field are well recognized; she has been a speaker at industry conferences, including the FMLA Keynote Speaker at the Conference for the Michigan Housekeeping Counsel and guest speaker for Oakland University’s SHRM chapter. She was also elected to the Governance Counsel for former Michigan Governor John Engler’s School to Work Program. Furthermore, Kellogg was the Vice President and Membership Committee Chair for the San Diego chapter of ZONTA International, a non-profit organization committed to advancing the status of women worldwide.\n“Julia’s nomination for Michigan’s Top HR Professional is a well-deserved honor,” said Kirk Haggarty, CFO of North American Bancard. “She is a tremendous specialist who is dedicated to her field and to NAB. Julia is passionate about creating an atmosphere of success for both our employees and our business.”\nKellogg graduated with distinction from the University of Michigan – Flint, with a bachelor’s degree in Business Administration and a concentration in Human Resources Management and Organizational Behavior. Kellogg is certified in DDI Content, Vital Smarts Crucial Confrontations and Predictive Index.\nAbout North American Bancard\nHeadquartered in Troy, Michigan, award-winning North American Bancard is an industry leader in credit card processing, providing a variety of merchant services that help client companies of all sizes develop solutions for payment processing, including credit, debit, EBT, check conversion and guarantee, gift & loyalty cards, and much more. As an MSP/ISO since 1992, North American Bancard is dedicated to offering the highest service levels, exceptionally competitive pricing, and the latest technology to its client companies, including PayAnywhere, its proprietary point-of-sale (POS) solution. With over $34 billion worth of payments processed for more than 250,000 businesses every year, North American Bancard is determined to help American business prosper. For more information, visit http://www.nabancard.com .", "external_links": ["http://www.prweb.net/Redirect.aspx?id=aHR0cDovL3d3dy5ub3J0aGFtZXJpY2FuYmFuY2FyZC5jb20=", "http://www.prweb.net/Redirect.aspx?id=aHR0cDovL3d3dy5uYWJhbmNhcmQuY29t"], "published": "2015-10-19T03:00:00.000+03:00", "crawled": "2015-10-19T22:55:36.527+03:00", "highlightTitle": ""}