{"organizations": [], "uuid": "3ba5154e2b1e1f5cc20314388aee31f15618865c", "thread": {"social": {"gplus": {"shares": 0}, "pinterest": {"shares": 0}, "vk": {"shares": 0}, "linkedin": {"shares": 0}, "facebook": {"likes": 0, "shares": 0, "comments": 0}, "stumbledupon": {"shares": 0}}, "site_full": "www.wsj.com", "main_image": "http://si.wsj.net/public/resources/images/BN-KT280_10141m_G_20151014065352.jpg", "site_section": "http://www.wsj.com/news/business", "section_title": "Business &amp; Finance News - Wall Street Journal", "url": "http://www.wsj.com/articles/1mdb-nears-deadline-for-sale-of-power-assets-1444821550", "country": "", "title": "1MDB Nears Deadline for Sale of Power Assets", "performance_score": 0, "site": "wsj.com", "participants_count": 1, "title_full": "1MDB Nears Deadline for Sale of Power Assets - WSJ", "spam_score": 0.0, "site_type": "news", "published": "2015-10-14T15:19:00.000+03:00", "replies_count": 0, "uuid": "3ba5154e2b1e1f5cc20314388aee31f15618865c"}, "author": "P.R. Venkat", "url": "http://www.wsj.com/articles/1mdb-nears-deadline-for-sale-of-power-assets-1444821550", "ord_in_thread": 0, "title": "1MDB Nears Deadline for Sale of Power Assets", "locations": [], "entities": {"persons": [], "locations": [], "organizations": []}, "highlightText": "", "language": "english", "persons": [], "text": "With final bids for power plants owned by Malaysia’s state-investment fund due Friday, few potential buyers remain, including government-owned power producers in Malaysia and Qatar, people familiar with the matter said.\nThe sale is crucial for 1 Malaysia Development Bhd., as it tries to dig out of its $11 billion debt hole. The fund paid roughly 12 billion ringgit ($2.85 billion) for the plants in 2012, and had valued them around $4... ", "external_links": [], "published": "2015-10-14T15:19:00.000+03:00", "crawled": "2015-10-14T14:28:37.763+03:00", "highlightTitle": ""}