{"organizations": [], "uuid": "b8360188b2abc8fb2fd906a19a1a55a9049839ae", "thread": {"social": {"gplus": {"shares": 0}, "pinterest": {"shares": 0}, "vk": {"shares": 0}, "linkedin": {"shares": 0}, "facebook": {"likes": 0, "shares": 0, "comments": 0}, "stumbledupon": {"shares": 0}}, "site_full": "www.wsj.com", "main_image": "http://si.wsj.net/public/resources/images/BN-KU871_pimcob_G_20151019082210.jpg", "site_section": "http://www.wsj.com/news/markets", "section_title": "Stock Market &amp; Finance News - Wall Street Journal", "url": "http://www.wsj.com/articles/pimcos-balls-says-u-s-rate-rise-should-boost-emerging-markets-1445259209", "country": "US", "title": "Pimco’s Balls Says U.S. Rate Rise Should Boost Emerging Markets", "performance_score": 0, "site": "wsj.com", "participants_count": 1, "title_full": "Pimco’s Balls Says U.S. Rate Rise Should Boost Emerging Markets - WSJ", "spam_score": 0.0, "site_type": "news", "published": "2015-10-19T16:53:00.000+03:00", "replies_count": 0, "uuid": "b8360188b2abc8fb2fd906a19a1a55a9049839ae"}, "author": "Christopher Whittall", "url": "http://www.wsj.com/articles/pimcos-balls-says-u-s-rate-rise-should-boost-emerging-markets-1445259209", "ord_in_thread": 0, "title": "Pimco’s Balls Says U.S. Rate Rise Should Boost Emerging Markets", "locations": [], "entities": {"persons": [], "locations": [], "organizations": []}, "highlightText": "", "language": "english", "persons": [], "text": "For many investors, the prospect of the U.S. Federal Reserve finally raising rates is a troubling one that could send prices of some assets downward, especially in emerging markets that have benefited from a prolonged period of easy money.\nAndrew Balls, who oversees 50 portfolio managers and approximately $460 billion in assets globally at Pacific Investment Management Co., thinks otherwise.\nAn increase in U.S. interest... ", "external_links": [], "published": "2015-10-19T16:53:00.000+03:00", "crawled": "2015-10-19T16:08:46.374+03:00", "highlightTitle": ""}