{"organizations": [], "uuid": "50cc6f23952ab5f6bb715ffd0b710deb6cec5e80", "thread": {"social": {"gplus": {"shares": 0}, "pinterest": {"shares": 0}, "vk": {"shares": 0}, "linkedin": {"shares": 0}, "facebook": {"likes": 0, "shares": 0, "comments": 0}, "stumbledupon": {"shares": 0}}, "site_full": "www.prweb.com", "main_image": "http://ww1.prweb.com/prfiles/2015/10/16/13026978/Cameron Over profile.jpg", "site_section": "http://www.prweb.com/rss2/finance.xml", "section_title": "Business: Finance", "url": "http://www.prweb.com/releases/2015/10/prweb13026978.htm", "country": "US", "title": "CrossCountry Consulting Hires Cameron Over to Lead Cybersecurity Practice", "performance_score": 0, "site": "prweb.com", "participants_count": 1, "title_full": "CrossCountry Consulting Hires Cameron Over to Lead Cybersecurity Practice", "spam_score": 0.0, "site_type": "news", "published": "2015-10-16T03:00:00.000+03:00", "replies_count": 0, "uuid": "50cc6f23952ab5f6bb715ffd0b710deb6cec5e80"}, "author": "David Arnold", "url": "http://www.prweb.com/releases/2015/10/prweb13026978.htm", "ord_in_thread": 0, "title": "CrossCountry Consulting Hires Cameron Over to Lead Cybersecurity Practice", "locations": [], "entities": {"persons": [], "locations": [], "organizations": []}, "highlightText": "", "language": "english", "persons": [], "text": "CrossCountry Consulting, a leading management consulting firm, announced today that Cameron Over will lead its Cybersecurity practice as a Director in the Enterprise Risk and Internal Audit service line. Cameron and her team will offer a comprehensive suite of Cybersecurity offerings to leading companies in industries such as financial services, hospitality, media, research and technology; these service offerings will range from those serving board and executive-level needs to the hands-on, technical capabilities required to bring Cybersecurity objectives to fruition.\nCameron has approximately fifteen years of experience enabling organizations to design, develop and implement Cybersecurity programs. Her executive-level experience supporting commercial and Department of Defense (DoD) clients with their emerging Cybersecurity technical and regulatory requirements will further enhance CrossCountry's growing leadership in the risk consulting market space.\n“There is a pressing need for Cybersecurity services in the marketplace, and Cameron’s arrival is a critical and strategic step in our commitment to providing this important service for our clients,” said Erik Linn, co-founder of CrossCountry Consulting.\nCrossCountry Consulting co-founder, Dave Kay, added, “The addition of Cameron’s dedicated leadership and technical expertise will significantly enhance the firm’s already well-established Cybersecurity capabilities and further demonstrates the firm’s dedication to providing cutting-edge and world-class risk consulting services for our clients.”\nPrior to joining CrossCountry Consulting, Cameron served as a Senior Associate for Booz Allen Hamilton in the Washington DC Metro area. She assisted numerous DoD clients in support of DoD and National Security Agency (NSA) requirements, leading large and complex teams in the capacity of Program Manager (PM) and Information Security Officer (ISO). Cameron holds a Bachelor of Science in Computer Science from The University of Mary Washington. She is a Certified Information Systems Security Professional (CISSP).\n***\nAbout CrossCountry Consulting:\nCrossCountry Consulting is an independent advisory firm providing performance improvement, finance and accounting, risk and technology consulting services. CrossCountry assists leading organizations in optimizing their finance, operations, compliance and technology functions in response to business expansion, regulatory mandates, and increased demand for timely and accurate financial and management information. CrossCountry is comprised almost exclusively of former Big Four professionals with deep experience in project management, business analysis, process improvement and transformational change management. //www.crosscountry-consulting.com .", "external_links": ["http://www.prweb.net/Redirect.aspx?id=aHR0cDovL3d3dy5jcm9zc2NvdW50cnktY29uc3VsdGluZy5jb20="], "published": "2015-10-16T03:00:00.000+03:00", "crawled": "2015-10-16T18:56:50.670+03:00", "highlightTitle": ""}