{"organizations": ["Cummins Inc.", "Cummins", "Cummins Connected Diagnostics", "Pacific Controls", "Cummins Customer Care", "United States Pacific Controls Inc", "Connected Diagnostics", "Cummins Connected Diagnostics Launch Innovative Service Delivery", "Pacific Controls Inc", "Pacific Control"], "uuid": "b8eaf23ad310822338542f9d14a9f1a815619a2c", "thread": {"social": {"gplus": {"shares": 0}, "pinterest": {"shares": 0}, "vk": {"shares": 0}, "linkedin": {"shares": 0}, "facebook": {"likes": 0, "shares": 0, "comments": 0}, "stumbledupon": {"shares": 0}}, "site_full": "businesswireindia.com", "main_image": "", "site_section": "http://businesswireindia.com/RSSFeeds/cat-business-finance.xml", "section_title": "BusinessWire India.com - Business/ Finance", "url": "http://businesswireindia.com/news/news-details/pacific-controls-cummins-connected-diagnostics-launch-innovative-service-delivery-galaxy-2021-cloud-platform/45846", "country": "US", "title": "Pacific Controls and Cummins Connected Diagnostics Launch Innovative Service Delivery on the Galaxy 2021 Cloud Platform", "performance_score": 0, "site": "businesswireindia.com", "participants_count": 0, "title_full": "Pacific Controls and Cummins Connected Diagnostics Launch Innovative Service Delivery on the Galaxy 2021 Cloud Platform", "spam_score": 0.0, "site_type": "news", "published": "2015-10-26T16:45:00.000+02:00", "replies_count": 0, "uuid": "b8eaf23ad310822338542f9d14a9f1a815619a2c"}, "author": "", "url": "http://businesswireindia.com/news/news-details/pacific-controls-cummins-connected-diagnostics-launch-innovative-service-delivery-galaxy-2021-cloud-platform/45846", "ord_in_thread": 0, "title": "Pacific Controls and Cummins Connected Diagnostics Launch Innovative Service Delivery on the Galaxy 2021 Cloud Platform", "locations": ["Somerset", "Expert Guidance N.J."], "entities": {"persons": [], "locations": [], "organizations": []}, "highlightText": "", "language": "english", "persons": ["Dilip Rahulan", "Cummins", "John Malina"], "text": "Monday, October 26, 2015 8:15PM IST (2:45PM GMT) (BW)(NJ-PACIFIC-CONTROLS) Pacific Controls and Cummins Connected Diagnostics Launch Innovative Service Delivery on the Galaxy 2021 Cloud Platform Application Optimizes Engine Maintenance and Repair with Immediate Information and Expert Guidance N.J., Somerset, United States Pacific Controls Inc ., a leading provider of Internet of Things (IOT) managed services solutions globally and Cummins Inc. (NYSE: CMI), a leading independent manufacturer of diesel and natural gas engines, today announced that Cummins Connected Diagnostics application is available to industrial and power generation customers using Pacific Controls’ Galaxy 2021 Managed Service Platform for Cummins midrange and heavy duty electronic engines. Connected Diagnostics optimizes the features of Pacific Control’s Galaxy Telematics Fault Monitoring application by providing immediate diagnosis and prioritization of urgent engine system fault alerts. It delivers expert guidance to maintenance and operations management providing probable root cause enabling proactive steps to streamline the repair process to reduce maintenance, operation and repair costs and minimize equipment downtime. “Connected Diagnostics through Pacific Controls’ Galaxy 2021 Cloud Platform will support a proactive approach to engine maintenance and repair while enhancing the value that we deliver to our mutual customers,” said Dilip Rahulan, Chairman and CEO of Pacific Controls Inc. He further stated, “This collaboration further underscores Pacific Controls’ commitment to developing critical solutions with industry leaders that help any market operate more efficiently, safely and enabling real time business intelligence and new after market values.” “Advanced electronic engine systems can provide Cummins customers with an immense amount of raw engine data which is not always useful unless it can be converted into useable information,” said John Malina, Executive Director – Product Connectivity Business, Cummins. “Pacific Controls Galaxy customers can now realize the immediate benefit of Connected Diagnostics through its actionable information and genuine Cummins recommendations in response to remote engine system fault data. The collaboration with Pacific Controls in power generation and industrial markets further demonstrates the seamless integration approach that Cummins has taken with its Connected Solutions suite.” Commercial availability of Connected Diagnostics for assets equipped with Pacific Controls’ Galaxy 2021 will begin on November 1, 2015. For more information and to enable Connected Diagnostics, contact Pacific Controls at 1-732-748-0060, your Cummins representative or Cummins Customer Care at 1-800-DIESELS™ (1-800-343-7357). For additional information, visit www.cumminsengines.com/connected-diagnostics or www.pacificcontrols.net", "external_links": [], "published": "2015-10-26T16:45:00.000+02:00", "crawled": "2015-10-26T17:45:37.415+02:00", "highlightTitle": ""}