{"organizations": ["Reserve Bank"], "uuid": "7b6da0fee07cf8cc38f7cf47c1184717eb58fcf7", "thread": {"social": {"gplus": {"shares": 0}, "pinterest": {"shares": 0}, "vk": {"shares": 0}, "linkedin": {"shares": 0}, "facebook": {"likes": 0, "shares": 0, "comments": 0}, "stumbledupon": {"shares": 0}}, "site_full": "economictimes.indiatimes.com", "main_image": "http://economictimes.indiatimes.com/thumb/msid-49431944,width-600,resizemode-4/imphal.jpg", "site_section": "http://economictimes.indiatimes.com/news/news/economy/news/economy/finance/rssfeeds/1286551815.cms", "section_title": "Finance-Economy-News-The Economic Times", "url": "http://economictimes.indiatimes.com/news/economy/finance/rbi-opens-sub-office-in-imphal/articleshow/49431907.cms", "country": "IL", "title": "RBI opens sub-office in Imphal", "performance_score": 0, "site": "indiatimes.com", "participants_count": 0, "title_full": "RBI opens sub-office in Imphal", "spam_score": 0.0, "site_type": "news", "published": "2015-10-17T16:39:00.000+03:00", "replies_count": 0, "uuid": "7b6da0fee07cf8cc38f7cf47c1184717eb58fcf7"}, "author": "", "url": "http://economictimes.indiatimes.com/news/economy/finance/rbi-opens-sub-office-in-imphal/articleshow/49431907.cms", "ord_in_thread": 0, "title": "RBI opens sub-office in Imphal", "locations": ["North East", "Imphal", "Manipur", "MUMBAI"], "entities": {"persons": [], "locations": [], "organizations": []}, "highlightText": "", "language": "english", "persons": ["Harun R Khan", "Khan", "O Ibobi Singh"], "text": "ET SPECIAL: Love visual aspect of news? Enjoy this exclusive slideshows treat! MUMBAI: The Reserve Bank today opened a sub-office in Imphal which will have separate departments for financial inclusion and development, consumer education and market intelligence. \"With opening of Imphal office, the Reserve Bank will now have offices in five of the seven states in the North East,\" the RBI said in a press release. The sub-office was inaugurated by Manipur Chief Minister O Ibobi Singh and RBI Deputy Governor Harun R Khan. The Imphal office will work in close coordination of the state government, Nabard and the banks for financial and banking development of the state, it said. The state chief minister said that RBI's initiative to open a new office in Imphal, will help unbanked blocks to have have banking presence as soon as possible. He added that the Reserve Bank, Nabard and banks should play more proactive role in inclusive growth of the state. Singh further said the state government will focus on flood control under the Rural Infrastructure Development Fund (RIDF). Khan said Reserve Bank is sensitive to the needs for economic and financial development of North East states, focusing particularly on small states like Manipur and opening of Imphal office is a step in this direction. \"The Payment Systems Vision of the Reserve Bank for North East states is also being carried out keeping in view the hilly terrain,\" he added. Banking penetration needs to be improved, he said and stressed the potential of development of agriculture, in particular organic agriculture, horticulture, handlooms and handicrafts, self help groups, joint liability groups and development of exports under 'Look East Policy'. Khan also stressed on digital connectivity to improve banking facilities through branches and their business correspondents.  ", "external_links": [], "published": "2015-10-17T16:39:00.000+03:00", "crawled": "2015-10-17T22:53:02.967+03:00", "highlightTitle": ""}