{"organizations": [], "uuid": "36065a591cc83d6dc7be561e2b29dc22b48db79b", "thread": {"social": {"gplus": {"shares": 0}, "pinterest": {"shares": 0}, "vk": {"shares": 0}, "linkedin": {"shares": 0}, "facebook": {"likes": 0, "shares": 0, "comments": 0}, "stumbledupon": {"shares": 0}}, "site_full": "uk.finance.yahoo.com", "main_image": "https://s1.yimg.com/bt/api/res/1.2/M7vS95b2fvSzHFeFStPk0A--/YXBwaWQ9eW5ld3NfbGVnbztxPTc1O3c9NjAw/http://l.yimg.com/os/mit/media/m/social/images/social_default_logo-1481777.png", "site_section": "https://uk.finance.yahoo.com/news/sector-conglomerates/?format=rss", "section_title": "Conglomerate Sector News | Yahoo! Finance", "url": "https://uk.finance.yahoo.com/news/maersk-slashes-workforce-amid-oil-100711117.html", "country": "US", "title": "Maersk slashes workforce amid oil price slump", "performance_score": 0, "site": "yahoo.com", "participants_count": 0, "title_full": "Maersk slashes workforce amid oil price slump", "spam_score": 0.0, "site_type": "news", "published": "2015-10-26T12:07:00.000+02:00", "replies_count": 0, "uuid": "36065a591cc83d6dc7be561e2b29dc22b48db79b"}, "author": "", "url": "https://uk.finance.yahoo.com/news/maersk-slashes-workforce-amid-oil-100711117.html", "ord_in_thread": 0, "title": "Maersk slashes workforce amid oil price slump", "locations": [], "entities": {"persons": [], "locations": [], "organizations": []}, "highlightText": "", "language": "english", "persons": [], "text": "Tip : Use comma (,) to separate multiple quotes. Learn more... \nMon, Oct 26, 2015, 10:30 GMT - UK Markets close in 6 hrs. Maersk slashes workforce amid oil price slump Denmark's Maersk Oil slashes 10-12 percent of workforce amid oil price slump Associated Press – 23 minutes ago Print \nSTOCKHOLM (AP) -- Maersk Oil, the oil and gas unit of Danish shipping and energy conglomerate A.P. Moller-Maersk, says it will cut 1,250 jobs this year, reducing its workforce by 10-12 percent due to the slump in oil prices. \nMaersk Oil said Monday the move would help reduce operating costs by 20 percent by the end of 2016 and \"follows an extensive internal review of business activities and continued low oil prices.\" \nNoting that Maersk operates \"in a materially changed oil price environment,\" chief executive Jakob Thomasen said the pressure is expected to continue in 2016 \"and we must remain cost-focused to grow in this market.\" \nMaersk Oil produces about 555,000 barrels of oil a day in Denmark, Britain, Qatar, Kazakhstan, the U.S. Gulf of Mexico, Algeria and Brazil. Tax cuts, pensions, childcare, online accounts and beer duty, here's … Financial Times Videos Follow the quotes you care about most. Access timely news and investment updates to stay on top of the market. … More » Yahoo UK & Ireland Finance Terms \nQuotes are real-time for NASDAQ, NYSE, and NYSEAmex when available. See also delay times for other exchanges . Quotes and other information supplied by independent providers identified on the Yahoo! Finance partner page . Quotes are updated automatically, but will be turned off after 25 minutes of inactivity. Quotes are delayed at least 15 minutes. All information provided \"as is\" for informational purposes only, not intended for trading purposes or advice. Neither Yahoo! nor any of independent providers is liable for any informational errors, incompleteness, or delays, or for any actions taken in reliance on information contained herein. By accessing the Yahoo! site, you agree not to redistribute the information found therein. \nFundamental company data provided by Capital IQ . Historical chart data and daily updates provided by Commodity Systems, Inc. (CSI) . International historical chart data and daily updates provided by Morningstar, Inc . Yahoo! - News Network", "external_links": [], "published": "2015-10-26T12:07:00.000+02:00", "crawled": "2015-10-26T12:30:57.736+02:00", "highlightTitle": ""}