{"organizations": [], "uuid": "a33cf44be93c221bc696c6ec02b4350093f3dee4", "thread": {"social": {"gplus": {"shares": 0}, "pinterest": {"shares": 0}, "vk": {"shares": 0}, "linkedin": {"shares": 0}, "facebook": {"likes": 0, "shares": 0, "comments": 0}, "stumbledupon": {"shares": 0}}, "site_full": "www.wsj.com", "main_image": "", "site_section": "http://www.wsj.com/news/business", "section_title": "Business &amp; Finance News - Wall Street Journal", "url": "http://www.wsj.com/articles/numericable-sfr-to-move-money-to-parent-altice-via-2-5-billion-dividend-1444854588", "country": "", "title": "Numericable-SFR to Move Money to Parent Altice Via €2.5 Billion Dividend", "performance_score": 0, "site": "wsj.com", "participants_count": 1, "title_full": "Numericable-SFR to Move Money to Parent Altice Via €2.5 Billion Dividend - WSJ", "spam_score": 0.0, "site_type": "news", "published": "2015-10-15T00:29:00.000+03:00", "replies_count": 0, "uuid": "a33cf44be93c221bc696c6ec02b4350093f3dee4"}, "author": "Nick Kostov", "url": "http://www.wsj.com/articles/numericable-sfr-to-move-money-to-parent-altice-via-2-5-billion-dividend-1444854588", "ord_in_thread": 0, "title": "Numericable-SFR to Move Money to Parent Altice Via €2.5 Billion Dividend", "locations": [], "entities": {"persons": [], "locations": [], "organizations": []}, "highlightText": "", "language": "english", "persons": [], "text": "Numericable-SFR, the French mobile and cable operator majority owned by billionaire Patrick Drahi, plans to transfer money to parent company Altice SA by paying a €2.5 billion dividend.\nSFR-Numericable announced the move in a statement late Wednesday that said it would fund the dividend by borrowing at least €1.6 billion as well as using... To Read the Full Story, Subscribe or Sign In", "external_links": [], "published": "2015-10-15T00:29:00.000+03:00", "crawled": "2015-10-14T23:38:08.881+03:00", "highlightTitle": ""}