{"organizations": ["Susan Carol Associates"], "uuid": "1a8a7c9214fe1b6f0280d547399a26327d1ac251", "thread": {"social": {"gplus": {"shares": 0}, "pinterest": {"shares": 0}, "vk": {"shares": 0}, "linkedin": {"shares": 0}, "facebook": {"likes": 0, "shares": 0, "comments": 0}, "stumbledupon": {"shares": 0}}, "site_full": "www.equipmentfa.com", "main_image": "", "site_section": "http://www.equipmentfa.com/rss/feeds/latestnews.xml", "section_title": "Equipment Finance Advisor", "url": "http://www.equipmentfa.com/news/4799/equipment-finance-advisor-launches-thought-leadership-video-series", "country": "US", "title": "Equipment Finance Advisor Launches Thought Leadership Video Series", "performance_score": 0, "site": "equipmentfa.com", "participants_count": 0, "title_full": "Equipment Finance Advisor Launches Thought Leadership Video Series", "spam_score": 0.0, "site_type": "news", "published": "2015-10-15T14:06:00.000+03:00", "replies_count": 0, "uuid": "1a8a7c9214fe1b6f0280d547399a26327d1ac251"}, "author": "", "url": "http://www.equipmentfa.com/news/4799/equipment-finance-advisor-launches-thought-leadership-video-series", "ord_in_thread": 0, "title": "Equipment Finance Advisor Launches Thought Leadership Video Series", "locations": [], "entities": {"persons": [], "locations": [], "organizations": []}, "highlightText": "", "language": "english", "persons": ["Michael Toglia"], "text": "  Equipment Finance Advisor Launches Thought Leadership Video Series October 15, 2015, 07:06 AM Related: Equipment Finance Advisor , Michael Toglia , Susan Carol Associates Public Relations \nEquipment Finance Advisor is pleased to announce the newest expansion of its innovative online publishing platform with the launch of its new Thought Leadership Video Series – featured exclusively on the Daily eNews Blast beginning today.Videos will feature brief interviews with subject matter experts and leaders of bank-owned equipment finance companies, independent commercial finance companies, service and product providers and more – offering their candid thoughts in interviews broadcast via Equipment Finance Advisor’s YouTube Channel . “Continually expanding our publishing platform with industry-centric content and resources is a critical component of our ongoing strategy to meet the evolving expectations of our readers. Bringing thought leadership video content to our readers is an exciting addition to our online publishing platform,” said Michael Toglia, Publisher of Equipment Finance Advisor . Equipment Finance Advisor has teamed with Susan Carol Associates Public Relations to produce a series of videos that will be featured in the coming months. Toglia adds, “We are very pleased to be working with Susan Carol and her team. Susan’s experience in video production and industry knowledge make her a tremendous resource in developing this new offering for our readers.” Industry leaders and subject matter experts interested in contributing video content for publication are encouraged to contact Michael Toglia at mtoglia@equipmentfa.com . To arrange for the production of a thought leadership video, contact Susan Carol at sca@scapr.com . Today's Other News", "external_links": [], "published": "2015-10-15T14:06:00.000+03:00", "crawled": "2015-10-15T23:24:19.805+03:00", "highlightTitle": ""}