{"organizations": [], "uuid": "009a3dbbc9a8b07209fbc7285f9b4e5292da0b4c", "thread": {"social": {"gplus": {"shares": 0}, "pinterest": {"shares": 0}, "vk": {"shares": 0}, "linkedin": {"shares": 0}, "facebook": {"likes": 0, "shares": 0, "comments": 0}, "stumbledupon": {"shares": 0}}, "site_full": "www.wsj.com", "main_image": "", "site_section": "http://www.wsj.com/news/business", "section_title": "Business &amp; Finance News - Wall Street Journal", "url": "http://www.wsj.com/articles/corrections-amplifications-1444871931", "country": "", "title": "Corrections & Amplifications", "performance_score": 0, "site": "wsj.com", "participants_count": 1, "title_full": "Corrections & Amplifications - WSJ", "spam_score": 0.0, "site_type": "news", "published": "2015-10-15T05:18:00.000+03:00", "replies_count": 0, "uuid": "009a3dbbc9a8b07209fbc7285f9b4e5292da0b4c"}, "author": "wsjcom", "url": "http://www.wsj.com/articles/corrections-amplifications-1444871931", "ord_in_thread": 0, "title": "Corrections & Amplifications", "locations": [], "entities": {"persons": [], "locations": [], "organizations": []}, "highlightText": "", "language": "english", "persons": [], "text": "0 COMMENTS Republicans suffered electoral defeats after the government shutdown in the 1990s; the more recent shutdown in 2013 had no such immediate impact. A U.S. News analysis piece Sept. 26 about John Boehner ’s decision to step down as speaker of the U.S. House of Representatives incorrectly referred to the GOP having suffered electoral defeats after the last shutdown.\nVMware Inc., VMW -1.93 % a seller of data-center software, expects to achieve $1 billion in total revenue synergies from Dell Inc.’s proposed acquisition of EMC Corp. EMC -1.60 % , VMware’s biggest shareholder. A Technology article Wednesday about VMware and the deal incorrectly said VMware expects to achieve such synergies annually.\nContinental Resources Inc. CLR 3.31 % has 1,100 employees. In some editions Tuesday, a Business & Tech. article about cutbacks at energy firms incorrectly said the company has 11,000 employees.\nThe Pittsburgh & Lake Erie Railroad was incorrectly called the Pennsylvania & Lake Erie Railroad in an Off Duty article Saturday about cycling the Great Allegheny Passage.", "external_links": [], "published": "2015-10-15T05:18:00.000+03:00", "crawled": "2015-10-15T05:34:38.137+03:00", "highlightTitle": ""}