{"organizations": [], "uuid": "99b6cd60a14dcab5d97de43eee76b0b3fd9215b3", "thread": {"social": {"gplus": {"shares": 0}, "pinterest": {"shares": 0}, "vk": {"shares": 0}, "linkedin": {"shares": 0}, "facebook": {"likes": 0, "shares": 0, "comments": 0}, "stumbledupon": {"shares": 0}}, "site_full": "finance.yahoo.com", "main_image": "http://l3.yimg.com/bt/api/res/1.2/M7vS95b2fvSzHFeFStPk0A--/YXBwaWQ9eW5ld3NfbGVnbztxPTc1O3c9NjAw/http://l.yimg.com/os/mit/media/m/social/images/social_default_logo-1481777.png", "site_section": "http://finance.yahoo.com/rss/headline?s=SSRI", "section_title": "Yahoo! Finance: SSRI News", "url": "http://finance.yahoo.com/news/marigold-produces-three-millionth-gold-110000845.html", "country": "GB", "title": "Marigold Produces its Three Millionth Gold Ounce - Yahoo Finance", "performance_score": 0, "site": "yahoo.com", "participants_count": 1, "title_full": "Marigold Produces its Three Millionth Gold Ounce - Yahoo Finance", "spam_score": 0.0, "site_type": "news", "published": "2015-10-20T03:00:00.000+03:00", "replies_count": 0, "uuid": "99b6cd60a14dcab5d97de43eee76b0b3fd9215b3"}, "author": "Silver Standard Resources Inc.", "url": "http://finance.yahoo.com/news/marigold-produces-three-millionth-gold-110000845.html", "ord_in_thread": 0, "title": "Marigold Produces its Three Millionth Gold Ounce - Yahoo Finance", "locations": [], "entities": {"persons": [], "locations": [], "organizations": []}, "highlightText": "", "language": "english", "persons": [], "text": "VANCOUVER , Oct. 20, 2015 /CNW/ -   Inc. ( SSRI ) ( SSO.TO ) (\"Silver Standard\") announces that its Marigold mine passed a major milestone with the production of its three millionth ounce of gold on October 6, 2015 . The Marigold mine has been in continuous operation since 1988 and is forecast to produce between 195,000 and 205,000 ounces of gold this year at cash costs below $750 per ounce.\nPaul Benson , President and CEO said, \"Three million ounces of gold from continuous production at Marigold is a testament to the scale and quality of the deposit and the commitment of the Marigold team. Since the mine began operating in 1988, it has consistently replaced Mineral Reserves and Mineral Resources and today it has similar mine life as when it opened. We are advancing several exploration targets and the Marigold assay program, which have the potential to increase production throughout the planned mine life and to add to Mineral Resources. The team remains focused on efficient, reliable and safe production at the lowest possible cost and we continue to advance our exploration and operational excellence programs to drive shareholder value.\"\nFor further information contact:\nW. John DeCooman, Jr. \nVice President, Business Development and Strategy\n  Inc.\nVancouver , BC \nN.A. toll-free: +1 (888) 338-0046\nAll others: +1 (604) 689-3846\nE-Mail: invest@silverstandard.com \nTo receive Silver Standard's news releases by e-mail, please register using the Silver Standard website at www.silverstandard.com . \nCautionary Note Regarding Forward-Looking Statements: \nThis news release contains forward-looking information within the meaning of Canadian securities laws and forward-looking statements within the meaning of the U.S. Private Securities Litigation Reform Act of 1995 (collectively, \"forward-looking statements\") concerning the anticipated developments in our operations in future periods, and other events or conditions that may occur or exist in the future. All statements, other than statements of historical fact, are forward-looking statements. Generally, forward-looking statements can be identified by the use of words or phrases such as \"expects,\" \"anticipates,\" \"plans,\" \"projects,\" \"estimates,\" \"assumes,\" \"intends,\" \"strategy,\" \"goals,\" \"objectives,\" \"potential,\" or variations thereof, or stating that certain actions, events or results \"may,\" \"could,\" \"would,\" \"might\" or \"will\" be taken, occur or be achieved, or the negative of any of these terms or similar expressions. The forward-looking statements in this news release relate to, among other things, future production of gold, future cash costs of gold sold, and our plans and expectations for our properties and operations. These forward-looking statements are subject to a variety of known and unknown risks, uncertainties and other factors that could cause actual events or results to differ from those expressed or implied. See the various risks and uncertainties identified under the heading \"Risk Factors\" in our most recent Annual Information Form filed with the Canadian securities regulatory authorities and included in our most recent Annual Report on Form 40-F filed with the U.S. Securities and Exchange Commission (\"SEC\"). \nThis list is not exhaustive of the factors that may affect any of our forward-looking statements. Our forward-looking statements are based on what our management considers to be reasonable assumptions, beliefs, expectations and opinions based on the information currently available to it. Our forward-looking statements reflect current expectations regarding future events and operating performance and speak only as of the date hereof and we do not assume any obligation to update forward-looking statements if circumstances or management's beliefs, expectations or opinions should change other than as required by applicable law. For the reasons set forth above, you should not place undue reliance on forward-looking statements. \nCautionary Note to U.S. Investors \nThis news release includes Mineral Reserves and Mineral Resources classification terms that comply with reporting standards in Canada and the Mineral Reserves and the Mineral Resources estimates are made in accordance with National Instrument 43-101 – Standards of Disclosure for Mineral Projects (\"NI 43-101\"). NI 43-101 is a rule developed by the Canadian Securities Administrators that establishes standards for all public disclosure an issuer makes of scientific and technical information concerning mineral projects. These standards differ significantly from the requirements of the SEC set out in Industry Guide 7. Consequently, Mineral Reserves and Mineral Resources information included in this news release is not comparable to similar information that would generally be disclosed by domestic U.S. reporting companies subject to the reporting and disclosure requirements of the SEC. Under SEC standards, mineralization may not be classified as a \"reserve\" unless the determination has been made that the mineralization could be economically produced or extracted at the time the reserve determination is made. \nCautionary Note Regarding Non-GAAP Measures \nThis news release includes certain terms or performance measures commonly used in the mining industry that are not defined under International Financial Reporting Standards (\"IFRS\"), including cash costs per payable ounce of gold sold. We believe that, in addition to conventional measures prepared in accordance with IFRS, certain investors use this information to evaluate our performance. The data presented is intended to provide additional information and should not be considered in isolation or as a substitute for measures of performance prepared in accordance with IFRS. These non-GAAP measures should be read in conjunction with our consolidated financial statements. \nSOURCE   Inc.\nView photo\n. Commodity Markets Silver Standard Mineral Resources   Inc. Contact: W. John DeCooman, Jr., Vice President, Business Development and Strategy,   Inc., Vancouver, BC, N.A. toll-free: +1 (888) 338-0046, All others: +1 (604) 689-3846, E-Mail: invest@silverstandard.com", "external_links": [], "published": "2015-10-20T03:00:00.000+03:00", "crawled": "2015-10-20T16:09:27.351+03:00", "highlightTitle": ""}