{"organizations": [], "uuid": "0bfbf98c2b47421c83e9615fc6cbc5b445a8b25e", "thread": {"social": {"gplus": {"shares": 0}, "pinterest": {"shares": 0}, "vk": {"shares": 0}, "linkedin": {"shares": 0}, "facebook": {"likes": 0, "shares": 0, "comments": 0}, "stumbledupon": {"shares": 0}}, "site_full": "www.moneylife.in", "main_image": "http://moneylife.in/site/userimage/image/thumbnail/banks0252.jpg", "site_section": "http://www.moneylife.in/site/rss.php", "section_title": "Moneylife Personal Finance Magazine", "url": "http://www.moneylife.in/article/skewed-survey-that-favours-insurance-as-investment/43650.html", "country": "IN", "title": "Skewed Survey That Favours Insurance as Investment", "performance_score": 0, "site": "moneylife.in", "participants_count": 1, "title_full": "Skewed Survey That Favours Insurance as Investment", "spam_score": 0.0, "site_type": "news", "published": "2015-10-12T12:34:00.000+03:00", "replies_count": 0, "uuid": "0bfbf98c2b47421c83e9615fc6cbc5b445a8b25e"}, "author": "Raj Pradhan", "url": "http://www.moneylife.in/article/skewed-survey-that-favours-insurance-as-investment/43650.html", "ord_in_thread": 0, "title": "Skewed Survey That Favours Insurance as Investment", "locations": [], "entities": {"persons": [], "locations": [], "organizations": []}, "highlightText": "", "language": "english", "persons": [], "text": "Moneylife » Skewed Survey That Favours Insurance as Investment 43650 Skewed Survey That Favours Insurance as Investment 0 Comments, Be the first to comment Raj Pradhan | 12/10/2015 03:04 PM | Consumers love insurance as investment and prefer to buy from banks, says a survey! To continue reading this article, you must be a Premium subscriber... Premium Content Moneylife Magazine issues launched during the month Archives from 2006 Automatic membership of Moneylife.in to help you access the site, comment, create alerts Daily and weekly newsletters for news and views with a difference in your mailbox Automatic membership of Moneylife Foundation Automatic basic membership of Moneylife Smart Savers, our upcoming initiative Details of our initiatives, local events, deals & discounts Yearly Digital+Print Access", "external_links": [], "published": "2015-10-12T12:34:00.000+03:00", "crawled": "2015-10-14T19:28:42.911+03:00", "highlightTitle": ""}