{"organizations": [], "uuid": "5f3cd1b20624c01157bb6535112734f2557b04b6", "thread": {"social": {"gplus": {"shares": 0}, "pinterest": {"shares": 0}, "vk": {"shares": 0}, "linkedin": {"shares": 0}, "facebook": {"likes": 0, "shares": 0, "comments": 0}, "stumbledupon": {"shares": 0}}, "site_full": "uk.finance.yahoo.com", "main_image": "https://s1.yimg.com/bt/api/res/1.2/M7vS95b2fvSzHFeFStPk0A--/YXBwaWQ9eW5ld3NfbGVnbztxPTc1O3c9NjAw/http://l.yimg.com/os/mit/media/m/social/images/social_default_logo-1481777.png", "site_section": "https://uk.finance.yahoo.com/news/category-international/?format=rss", "section_title": "World Business News | Finance News - Yahoo! Finance UK", "url": "https://uk.finance.yahoo.com/news/iran-nuclear-deal-hits-milestone-100027005.html", "country": "GB", "title": "Iran nuclear deal hits milestone aimed at sanctions relief", "performance_score": 0, "site": "yahoo.com", "participants_count": 0, "title_full": "Iran nuclear deal hits milestone aimed at sanctions relief", "spam_score": 0.0, "site_type": "news", "published": "2015-10-18T13:00:00.000+03:00", "replies_count": 0, "uuid": "5f3cd1b20624c01157bb6535112734f2557b04b6"}, "author": "", "url": "https://uk.finance.yahoo.com/news/iran-nuclear-deal-hits-milestone-100027005.html", "ord_in_thread": 0, "title": "Iran nuclear deal hits milestone aimed at sanctions relief", "locations": ["Iran"], "entities": {"persons": [], "locations": [], "organizations": []}, "highlightText": "", "language": "english", "persons": [], "text": "Tip : Use comma (,) to separate multiple quotes. Learn more... \nSun, Oct 18, 2015, 12:13 BST - UK Markets closed Iran nuclear deal hits milestone aimed at sanctions relief Nuclear deal with Iran reaches milestone, but US officials emphasize Iran has much work ahead By Kevin Freking, Associated Press | Associated Press – 1 hour 13 minutes ago Print \nWASHINGTON (AP) -- The Obama administration says it expects Iran will take months to live up to its end of a seven-nation nuclear pact that could eventually relieve the country of international sanctions. \nA milestone in the agreement kicks in Sunday, with Iran beginning to make major changes to an underground nuclear facility, a heavy water reactor and a site for enriching uranium. The changes won't happen immediately, and Iran must further constrain its nuclear program before relief from sanctions will occur. \nSenior administration officials insist that no sanctions relief will occur until the U.N.'s International Atomic Energy Agency has verified Iran's compliance with the terms of the agreement. They say Iran's work will almost certainly take more than the two months Iran has projected. Tax cuts, pensions, childcare, online accounts and beer duty, here's … Financial Times Videos Follow the quotes you care about most. Access timely news and investment updates to stay on top of the market. … More » Yahoo UK & Ireland Finance Terms \nQuotes are real-time for NASDAQ, NYSE, and NYSEAmex when available. See also delay times for other exchanges . Quotes and other information supplied by independent providers identified on the Yahoo! Finance partner page . Quotes are updated automatically, but will be turned off after 25 minutes of inactivity. Quotes are delayed at least 15 minutes. All information provided \"as is\" for informational purposes only, not intended for trading purposes or advice. Neither Yahoo! nor any of independent providers is liable for any informational errors, incompleteness, or delays, or for any actions taken in reliance on information contained herein. By accessing the Yahoo! site, you agree not to redistribute the information found therein. \nFundamental company data provided by Capital IQ . Historical chart data and daily updates provided by Commodity Systems, Inc. (CSI) . International historical chart data and daily updates provided by Morningstar, Inc . Yahoo! - News Network", "external_links": [], "published": "2015-10-18T13:00:00.000+03:00", "crawled": "2015-10-18T14:18:23.431+03:00", "highlightTitle": ""}