{"organizations": [], "uuid": "613a5564690a923045b4f0b5dd6887c8a990da91", "thread": {"social": {"gplus": {"shares": 0}, "pinterest": {"shares": 0}, "vk": {"shares": 0}, "linkedin": {"shares": 0}, "facebook": {"likes": 0, "shares": 0, "comments": 0}, "stumbledupon": {"shares": 0}}, "site_full": "www.wsj.com", "main_image": "http://si.wsj.net/public/resources/images/OJ-AA708_EUEMIS_G_20150930170014.jpg", "site_section": "http://www.wsj.com/news/business", "section_title": "Business &amp; Finance News - Wall Street Journal", "url": "http://www.wsj.com/articles/europes-auto-makers-keep-test-firms-close-1443648097", "country": "US", "title": "Europe’s Auto Makers Keep Test Firms Close", "performance_score": 0, "site": "wsj.com", "participants_count": 1, "title_full": "Europe’s Auto Makers Keep Test Firms Close - WSJ", "spam_score": 0.0, "site_type": "news", "published": "2015-10-01T01:21:00.000+03:00", "replies_count": 0, "uuid": "613a5564690a923045b4f0b5dd6887c8a990da91"}, "author": "Jason Chow", "url": "http://www.wsj.com/articles/europes-auto-makers-keep-test-firms-close-1443648097", "ord_in_thread": 0, "title": "Europe’s Auto Makers Keep Test Firms Close", "locations": [], "entities": {"persons": [], "locations": [], "organizations": []}, "highlightText": "", "language": "english", "persons": [], "text": "The scramble to tighten rules on emissions tests following Volkswagen AG’s diesel-engine scandal is laying bare a system in which car makers pay the very firms that test and certify their vehicles.\nThat system relies on the use of so-called “golden vehicles,” stripped down prototypes that car makers send to testing firms for inspection. The practice, which officials for car makers and testing firms say is widespread, allows car... ", "external_links": [], "published": "2015-10-01T01:21:00.000+03:00", "crawled": "2015-10-01T00:57:41.914+03:00", "highlightTitle": ""}