{"organizations": [], "uuid": "3683b4931e30fa490044be0887c4f2596dd25006", "thread": {"social": {"gplus": {"shares": 0}, "pinterest": {"shares": 0}, "vk": {"shares": 0}, "linkedin": {"shares": 0}, "facebook": {"likes": 0, "shares": 0, "comments": 0}, "stumbledupon": {"shares": 0}}, "site_full": "www.financialexpress.com", "main_image": "", "site_section": "http://www.financialexpress.com/section/industry/banking-finance/", "section_title": "Banking and Finance News:Banking News,Finance News,Bank and Finance News Today | The Financial Express", "url": "http://www.financialexpress.com/article/industry/banking-finance/coffee-day-offer-froths-up-on-day-3/152593", "country": "IE", "title": "Coffee Day offer froths up on day 3", "performance_score": 0, "site": "financialexpress.com", "participants_count": 1, "title_full": "Coffee Day offer froths up on day 3 | The Financial Express", "spam_score": 0.0, "site_type": "news", "published": "2015-10-17T10:11:00.000+03:00", "replies_count": 0, "uuid": "3683b4931e30fa490044be0887c4f2596dd25006"}, "author": "financialexpress.com", "url": "http://www.financialexpress.com/article/industry/banking-finance/coffee-day-offer-froths-up-on-day-3/152593", "ord_in_thread": 0, "title": "Coffee Day offer froths up on day 3", "locations": [], "entities": {"persons": [], "locations": [], "organizations": []}, "highlightText": "", "language": "english", "persons": [], "text": "Other Articles 'Mobile banking may overtake internet banking in 2-3 years' Banking reforms initiated, says PM Narendra Modi: Top 5 points to note RBI to provide more bank licences, says S S Mundra The initial public offering (IPO) of Coffee Day Enterprises successfully closed on Friday after receiving strong support from institutional investors, while high networth individuals (HNIs) and retail investors remained on the sidelines. The IPO was subscribed 1.81 times, assuring the company of at least R1,150 crore.\nStock exchange data showed that qualified institutional bidders (QIBs) continued to exhibit confidence in the largest IPO deal since December 2012. Institutional investors bid for 3.23 crore shares against 73.80 lakh shares reserved for the category, data showed. The QIB book was subscribed 4.39 times.\nThe non-institutional category — comprising HNIs — bid for 29.20 lakh shares against a reservation of 53.88 lakh shares. The book was subscribed 0.54 times and experts said the weak undertone in secondary markets made margin funding risky.\nThe retail category was subscribed 0.9 times as investors applied for 1.13 crore shares against 1.25 crore on offer.\nOn Tuesday, the Bengaluru-based company had raised around R334.27 crore through a pre-IPO placement to anchor investors. A little over 1.03 crore shares were allotted to 17 institutional investors at R322 apiece. List of anchor investors included Blackrock, Government Pension Fund Global, ICICI Prudential Mutual Fund, Merrill Lynch, Swiss Finance Corp and Axis Mutual Fund.\nThe public issue, which closes on Friday, is priced at R316-328 per piece. The company aims to raise a total of R1,150 crore public investors to pay back existing debts and for general corporate purposes. The company aims to retire R632.8 crore of its total debt, according to information made available in the draft prospectus.\nKotak Investment Banking, Citigroup, Morgan Stanley, Axis Capital, Edelweiss and Yes Bank are the lead book running managers for the issue.\nCoffee Day Enterprises is the parent company of Coffee Day Group and the company operates the largest chain of coffee stores in India. The company also has presence in real estate sector through a subsidiary, Sical Logistics. It also owns a 16.75% equity holding in information technology company, Mindtree.\nShares of Sical Logistics ended down 2.8% or R4.6 to end at R159.70 per share on the BSE, exchange data showed.\n 17, 2015 2:11 am", "external_links": [], "published": "2015-10-17T10:11:00.000+03:00", "crawled": "2015-10-20T00:12:07.933+03:00", "highlightTitle": ""}