{"organizations": ["SABMILLER"], "uuid": "779ed370a1211fe1dc51bdf6b959384d26296f5d", "thread": {"social": {"gplus": {"shares": 0}, "pinterest": {"shares": 0}, "vk": {"shares": 0}, "linkedin": {"shares": 0}, "facebook": {"likes": 0, "shares": 0, "comments": 0}, "stumbledupon": {"shares": 0}}, "site_full": "uk.finance.yahoo.com", "main_image": "https://s1.yimg.com/bt/api/res/1.2/M7vS95b2fvSzHFeFStPk0A--/YXBwaWQ9eW5ld3NfbGVnbztxPTc1O3c9NjAw/http://l.yimg.com/os/mit/media/m/social/images/social_default_logo-1481777.png", "site_section": "https://uk.finance.yahoo.com/news/sector-food-beverage/?format=rss", "section_title": "Food & Beverage News - Yahoo! Finance UK", "url": "https://uk.finance.yahoo.com/news/form-8-3-sabmiller-plc-142000143.html", "country": "GB", "title": "FORM 8.3 - SABMILLER PLC", "performance_score": 0, "site": "yahoo.com", "participants_count": 0, "title_full": "FORM 8.3 - SABMILLER PLC", "spam_score": 0.0, "site_type": "news", "published": "2015-10-16T17:20:00.000+03:00", "replies_count": 0, "uuid": "779ed370a1211fe1dc51bdf6b959384d26296f5d"}, "author": "", "url": "https://uk.finance.yahoo.com/news/form-8-3-sabmiller-plc-142000143.html", "ord_in_thread": 0, "title": "FORM 8.3 - SABMILLER PLC", "locations": [], "entities": {"persons": [], "locations": [], "organizations": []}, "highlightText": "", "language": "english", "persons": [], "text": "Price per unit (if applicable) \n4. OTHER INFORMATION \n(a) Indemnity and other dealing arrangements Details of any indemnity or option arrangement, or any agreement or understanding, formal or informal, relating to relevant securities which may be an inducement to deal or refrain from dealing entered into by the person making the disclosure and any party to the offer or any person acting in concert with a party to the offer: Irrevocable commitments and letters of intent should not be included. If there are no such agreements, arrangements or understandings, state “none” \n(b) Agreements, arrangements or understandings relating to options or derivatives Details of any agreement, arrangement or understanding, formal or informal, between the person making the disclosure and any other person relating to: (i) the voting rights of any relevant securities under any option; or (ii) the voting rights or future acquisition or disposal of any relevant securities to which any derivative is referenced: If there are no such agreements, arrangements or understandings, state “none” \n(c) Attachments Is a Supplemental Form 8 (Open Positions) attached?", "external_links": [], "published": "2015-10-16T17:20:00.000+03:00", "crawled": "2015-10-17T00:16:45.834+03:00", "highlightTitle": ""}