{"organizations": [], "uuid": "7b07dbbf4aa14ee27c4f71adfc562d4f8246188c", "thread": {"social": {"gplus": {"shares": 0}, "pinterest": {"shares": 0}, "vk": {"shares": 0}, "linkedin": {"shares": 0}, "facebook": {"likes": 0, "shares": 0, "comments": 0}, "stumbledupon": {"shares": 0}}, "site_full": "www.wsj.com", "main_image": "http://si.wsj.net/public/resources/images/BN-KS684_1013in_G_20151013041932.jpg", "site_section": "http://www.wsj.com/news/world/asia", "section_title": "Asia Business, Finance &amp; Political News - The Wall Street Journal", "url": "http://www.wsj.com/articles/india-introduces-guidelines-for-ride-hailing-apps-1444725568", "country": "US", "title": "India Introduces Guidelines for Ride-Hailing Apps", "performance_score": 0, "site": "wsj.com", "participants_count": 1, "title_full": "India Introduces Guidelines for Ride-Hailing Apps - WSJ", "spam_score": 0.0, "site_type": "news", "published": "2015-10-13T12:39:00.000+03:00", "replies_count": 0, "uuid": "7b07dbbf4aa14ee27c4f71adfc562d4f8246188c"}, "author": "Joanna Sugden", "url": "http://www.wsj.com/articles/india-introduces-guidelines-for-ride-hailing-apps-1444725568", "ord_in_thread": 0, "title": "India Introduces Guidelines for Ride-Hailing Apps", "locations": [], "entities": {"persons": [], "locations": [], "organizations": []}, "highlightText": "", "language": "english", "persons": [], "text": "NEW DELHI—India’s government has issued its first federal guidelines for app-based ride-hailing companies after almost a year of legal wrangling in the national capital over the legal status of Uber Technologies Inc. and others looking to establish themselves in the world’s second-most populous country.\nThe Ministry of Road Transport issued the new guidelines, which aren’t binding, to state governments since passing laws to regulate... ", "external_links": [], "published": "2015-10-13T12:39:00.000+03:00", "crawled": "2015-10-13T11:39:52.392+03:00", "highlightTitle": ""}