{"organizations": [], "uuid": "445ff25c3b88eefe93786a42051fce9995054bdd", "thread": {"social": {"gplus": {"shares": 0}, "pinterest": {"shares": 0}, "vk": {"shares": 0}, "linkedin": {"shares": 0}, "facebook": {"likes": 0, "shares": 0, "comments": 0}, "stumbledupon": {"shares": 0}}, "site_full": "www.reuters.com", "main_image": "", "site_section": "http://www.reuters.com/finance/personal-finance", "section_title": "Wealth, Personal Finance &amp; Money | Reuters.com", "url": "http://www.reuters.com/article/2015/10/15/vale-sa-dividends-idUSE5N0ZX00A20151015", "country": "US", "title": "RPT-Board of Brazil's Vale approves second dividend payment", "performance_score": 0, "site": "reuters.com", "participants_count": 1, "title_full": "RPT-Board of Brazil's Vale approves second dividend payment | Reuters", "spam_score": 0.0, "site_type": "news", "published": "2015-10-16T01:12:00.000+03:00", "replies_count": 0, "uuid": "445ff25c3b88eefe93786a42051fce9995054bdd"}, "author": "Reuters", "url": "http://www.reuters.com/article/2015/10/15/vale-sa-dividends-idUSE5N0ZX00A20151015", "ord_in_thread": 0, "title": "RPT-Board of Brazil's Vale approves second dividend payment", "locations": [], "entities": {"persons": [], "locations": [], "organizations": []}, "highlightText": "", "language": "english", "persons": [], "text": "(Repeats to add dropped word to headline)\nRIO DE JANEIRO Oct 15 (Reuters) - Brazilian miner Vale SA said on Thursday its board approved the payment of a second dividend installment this year of $500 million.\nThe sum was proposed by the company's executive committee last month. (Reporting by Stephen Eisenhammer)", "external_links": [], "published": "2015-10-16T01:12:00.000+03:00", "crawled": "2015-10-16T00:14:38.856+03:00", "highlightTitle": ""}