{"organizations": [], "uuid": "1f590f2fb71fb90f3c884101ee87dad61cd6cc47", "thread": {"social": {"gplus": {"shares": 0}, "pinterest": {"shares": 0}, "vk": {"shares": 0}, "linkedin": {"shares": 0}, "facebook": {"likes": 0, "shares": 0, "comments": 0}, "stumbledupon": {"shares": 0}}, "site_full": "www.wsj.com", "main_image": "http://si.wsj.net/public/resources/images/BN-KU282_mtb101_G_20151016113827.jpg", "site_section": "http://www.wsj.com/news/markets", "section_title": "Stock Market &amp; Finance News - Wall Street Journal", "url": "http://www.wsj.com/articles/m-t-falls-shy-of-street-as-mortgages-slow-and-provisions-rise-1445255265", "country": "US", "title": "M&T Falls Shy of Street as Mortgages Slow and Provisions Rise", "performance_score": 0, "site": "wsj.com", "participants_count": 1, "title_full": "M&T Falls Shy of Street as Mortgages Slow and Provisions Rise - WSJ", "spam_score": 0.0, "site_type": "news", "published": "2015-10-19T15:47:00.000+03:00", "replies_count": 0, "uuid": "1f590f2fb71fb90f3c884101ee87dad61cd6cc47"}, "author": "Lisa Beilfuss", "url": "http://www.wsj.com/articles/m-t-falls-shy-of-street-as-mortgages-slow-and-provisions-rise-1445255265", "ord_in_thread": 0, "title": "M&T Falls Shy of Street as Mortgages Slow and Provisions Rise", "locations": [], "entities": {"persons": [], "locations": [], "organizations": []}, "highlightText": "", "language": "english", "persons": [], "text": "M&T Bank Corp. said profit edged up in its latest quarter, as cost reductions helped offset the effect of a slowdown in mortgage loan originations and a sharp increase in the lender’s loss provision.\nResults fell short of Wall Street projections.\nThe bank earned $280.4 million in the third quarter, up from $275.3 million a year... To Read the Full Story, Subscribe or Sign In", "external_links": [], "published": "2015-10-19T15:47:00.000+03:00", "crawled": "2015-10-19T14:59:25.228+03:00", "highlightTitle": ""}