{"organizations": [], "uuid": "cbec1e90982d7669dd0e4cba8a38dd8b93afa113", "thread": {"social": {"gplus": {"shares": 0}, "pinterest": {"shares": 0}, "vk": {"shares": 0}, "linkedin": {"shares": 0}, "facebook": {"likes": 0, "shares": 0, "comments": 0}, "stumbledupon": {"shares": 0}}, "site_full": "financefollow.com", "main_image": "", "site_section": "http://financefollow.com/feed/", "section_title": "Finance Follow", "url": "http://financefollow.com/2015/10/cutting-the-cord-my-5-biggest-fears/", "country": "", "title": "Cutting the Cord: My 5 Biggest Fears", "performance_score": 0, "site": "financefollow.com", "participants_count": 1, "title_full": "Cutting the Cord: My 5 Biggest Fears", "spam_score": 0.0, "site_type": "news", "published": "2015-10-16T03:33:00.000+03:00", "replies_count": 0, "uuid": "cbec1e90982d7669dd0e4cba8a38dd8b93afa113"}, "author": "Expert", "url": "http://financefollow.com/2015/10/cutting-the-cord-my-5-biggest-fears/", "ord_in_thread": 0, "title": "Cutting the Cord: My 5 Biggest Fears", "locations": [], "entities": {"persons": [], "locations": [], "organizations": []}, "highlightText": "", "language": "english", "persons": [], "text": "Topnews , US Expert \nMy world may change October 24. That’s the day all of my year-long AT&T U-verse discounts expire. It’s also the day the company will jack up my service rates — as it’s done every year since we welcomed it into our house. Oh sure, I will dance the dance, threatening […]", "external_links": [], "published": "2015-10-16T03:33:00.000+03:00", "crawled": "2015-10-16T06:04:42.184+03:00", "highlightTitle": ""}