{"organizations": [], "uuid": "9f8d3771aa12b46d389bf770b7f27de17bea0e54", "thread": {"social": {"gplus": {"shares": 0}, "pinterest": {"shares": 0}, "vk": {"shares": 0}, "linkedin": {"shares": 0}, "facebook": {"likes": 0, "shares": 0, "comments": 0}, "stumbledupon": {"shares": 0}}, "site_full": "uk.finance.yahoo.com", "main_image": "https://s1.yimg.com/bt/api/res/1.2/cUNPTbP3sb03uQHNmIjdaw--/YXBwaWQ9eW5ld3NfbGVnbztpbD1wbGFuZTtxPTc1O3c9NjAw/http://globalfinance.zenfs.com/images/UK_AFTP_AFP_LIVE_1/96cf3b049157abc94f397f02c06c61157afea414_original.jpg", "site_section": "https://uk.finance.yahoo.com/news/provider-afp/?format=rss", "section_title": "Finance News | AFP - Yahoo! UK & Ireland Finance", "url": "https://uk.finance.yahoo.com/news/weight-watchers-soars-oprah-tips-142625617.html", "country": "GB", "title": "Weight Watchers soars after Oprah tips investment scale", "performance_score": 0, "site": "yahoo.com", "participants_count": 0, "title_full": "Weight Watchers soars after Oprah tips investment scale", "spam_score": 0.0, "site_type": "news", "published": "2015-10-20T00:23:00.000+03:00", "replies_count": 0, "uuid": "9f8d3771aa12b46d389bf770b7f27de17bea0e54"}, "author": "", "url": "https://uk.finance.yahoo.com/news/weight-watchers-soars-oprah-tips-142625617.html", "ord_in_thread": 0, "title": "Weight Watchers soars after Oprah tips investment scale", "locations": [], "entities": {"persons": [], "locations": [], "organizations": []}, "highlightText": "", "language": "english", "persons": ["Oprah"], "text": "Tip : Use comma (,) to separate multiple quotes. Learn more... \nMon, Oct 19, 2015, 21:41 BST - UK Markets closed Weight Watchers soars after Oprah tips investment scale AFP – 6 hours ago View Photo \n\nUS film and TV star Oprah Winfrey is buying a 10 percent stake in Weight Watchers International (NYSE: WTW - news ) and joining the board of the struggling weight-loss company, sending its shares soaring 86 percent. \nWinfrey, one of the world's richest celebrities, who has fought a long battle in controlling her weight, said she was forming a partnership with Weight Watchers to inspire people worldwide to lead a healthier life. \n\"Weight Watchers has given me the tools to begin to make the lasting shift that I and so many of us who are struggling with weight have longed for,\" Winfrey said in a statement. \n\"I believe in the program so much I decided to invest in the company and partner in its evolution.\" \nWinfrey said she will join the Weight Watchers program and share her experiences with the public. The weight management program includes weekly meetings for group support and information on developing healthy eating and physical activity patterns. \nWinfrey, 61, has built a financial empire through savvy branding of her name and image. The television mogul, author and actress is also known for spotting talent -- books chosen for her Oprah's Book Club regularly end up on best-seller lists. \nWith a net work of $3 billion, according to Forbes, Winfrey's endorsement of Weight Watchers could lift the flagging performance of the company, which has suffered as consumers turn to free online programs and wearable fitness trackers to manage their weight. \nWeight Watchers shares gained 86.2 percent to $12.69 in opening trade.", "external_links": [], "published": "2015-10-20T00:23:00.000+03:00", "crawled": "2015-10-20T00:54:10.118+03:00", "highlightTitle": ""}