{"organizations": [], "uuid": "8847d994d7d831a79b6ed58f12dc4ecec3c6354f", "thread": {"social": {"gplus": {"shares": 0}, "pinterest": {"shares": 0}, "vk": {"shares": 0}, "linkedin": {"shares": 0}, "facebook": {"likes": 0, "shares": 0, "comments": 0}, "stumbledupon": {"shares": 0}}, "site_full": "uk.finance.yahoo.com", "main_image": "https://s.yimg.com/bt/api/res/1.2/VmOTi8t27vrxJa3ei_cgAw--/YXBwaWQ9eW5ld3NfbGVnbztpbD1wbGFuZTtxPTc1O3c9NjAw/http://globalfinance.zenfs.com/images/UK_AFTP_AFP_LIVE_1/efaa636c69231337de31b5f4e60db36bd9af9fc4_original.jpg", "site_section": "http://us.rd.yahoo.com/finance/news/rss/add/*http://finance.yahoo.com/rss/headline?s=FB", "section_title": "Yahoo! Finance: FB News", "url": "https://uk.finance.yahoo.com/news/facebook-test-mobile-app-shopping-222433508.html", "country": "US", "title": "Facebook to test mobile app shopping tab", "performance_score": 0, "site": "yahoo.com", "participants_count": 0, "title_full": "Facebook to test mobile app shopping tab", "spam_score": 0.0, "site_type": "news", "published": "2015-10-13T01:24:00.000+03:00", "replies_count": 0, "uuid": "8847d994d7d831a79b6ed58f12dc4ecec3c6354f"}, "author": "", "url": "https://uk.finance.yahoo.com/news/facebook-test-mobile-app-shopping-222433508.html", "ord_in_thread": 0, "title": "Facebook to test mobile app shopping tab", "locations": [], "entities": {"persons": [], "locations": [], "organizations": []}, "highlightText": "", "language": "english", "persons": [], "text": "Tip : Use comma (,) to separate multiple quotes. Learn more... \nTue, Oct 13, 2015, 00:45 BST - UK Markets open in 7 hrs 15 mins Facebook to test mobile app shopping tab AFP – 1 hour 20 minutes ago View Photo \n\nFacebook (NasdaqGS: FB - news ) said Monday that it will begin testing a shopping tab for its mobile app as it works to ramp up advertising and online commerce offerings. \nMobile advertising accounts for some three-quarters of the leading social network's revenue, and it is out to make even more money by weaving the ability to buy items more tightly with marketing messages. \n\"On Facebook, we've seen that people are coming to our platform not only to connect with friends and family but also with products and brands,\" the Silicon Valley-based Internet firm said in an online post. \n\"We want to build native experiences that make it easier for both people to discover products on mobile and businesses to drive more sales.\" \nFacebook introduced a new ad format that lets people smoothly complete purchases inside the social network instead of being taken to outside websites that could stall or delay the process. \nIn coming weeks, Facebook will begin testing a Shop section where people can \"discover, share, and purchase\" products that they may currently seek out in various locations such as News Feed or Pages at the social network. \nA small number of US partners will take part in the Shop section test, with an eye to expanding offerings if the results are promising. \nSome new products, such as Carousel, which allows marketers to display assortments of products and links in a single ad, have been previously launched. \nFacebook has also introduced \"Buy\" buttons to streamline purchases at the social network.", "external_links": [], "published": "2015-10-13T01:24:00.000+03:00", "crawled": "2015-10-13T02:53:44.825+03:00", "highlightTitle": ""}