{"organizations": [], "uuid": "bc6c1660fa1505e79cf5d23dc1729f7320a74231", "thread": {"social": {"gplus": {"shares": 0}, "pinterest": {"shares": 0}, "vk": {"shares": 0}, "linkedin": {"shares": 0}, "facebook": {"likes": 0, "shares": 0, "comments": 0}, "stumbledupon": {"shares": 0}}, "site_full": "business-news.thestreet.com", "main_image": "", "site_section": "http://business-news.thestreet.com/news-herald/rss/627", "section_title": "The News Herald    : Personal Finance", "url": "http://business-news.thestreet.com/news-herald/story/the-student-loan-honeymoon-is-over-for-many/13329014", "country": "US", "title": "The Student Loan Honeymoon Is Over For Many", "performance_score": 0, "site": "thestreet.com", "participants_count": 0, "title_full": "The Student Loan Honeymoon Is Over For Many", "spam_score": 0.0, "site_type": "news", "published": "2015-10-19T19:33:00.000+03:00", "replies_count": 0, "uuid": "bc6c1660fa1505e79cf5d23dc1729f7320a74231"}, "author": "", "url": "http://business-news.thestreet.com/news-herald/story/the-student-loan-honeymoon-is-over-for-many/13329014", "ord_in_thread": 0, "title": "The Student Loan Honeymoon Is Over For Many", "locations": [], "entities": {"persons": [], "locations": [], "organizations": []}, "highlightText": "", "language": "english", "persons": ["John Sandman"], "text": "The Student Loan Honeymoon Is Over For Many Written by: John Sandman 10/19/15 - 12:33 PM EDT \nThe diplomas have been framed, the caps and gowns are in mothballs. Now comes the first payment on your student loan. \nMost student loans have six-month grace periods that are ending for May and June grads, with those first payments usually due in October or November. Finding out the exact date--and the amount of the payment--is on the borrower. Student loan servicers, who are being paid by the Department of Education (ED), can't be counted on to give their customers a heads-up. Borrowers have to contact servicers to ensure that they have accurate information on when and where payments have to be made. \nThey should also pick a payment plan at ED’s website through the student loan estimator to determine the lowest interest rate for which they qualify. Those who don’t will be put into the ten-year plan, which comes with fixed monthly payments. Lower monthly payment plans are available but those loans are more expensive as the time it takes to pay them off is extended. More Headlines", "external_links": [], "published": "2015-10-19T19:33:00.000+03:00", "crawled": "2015-10-19T21:21:07.480+03:00", "highlightTitle": ""}