{"organizations": [], "uuid": "af3e971ed40ee0166ff5759990ec9b28f6159738", "thread": {"social": {"gplus": {"shares": 0}, "pinterest": {"shares": 0}, "vk": {"shares": 0}, "linkedin": {"shares": 0}, "facebook": {"likes": 0, "shares": 0, "comments": 0}, "stumbledupon": {"shares": 0}}, "site_full": "finance.yahoo.com", "main_image": "http://l.yimg.com/bt/api/res/1.2/UYTH7hLEN8RW688woKIQoA--/YXBwaWQ9eW5ld3NfbGVnbztpbD1wbGFuZTtxPTc1O3c9NjAw/http://globalfinance.zenfs.com/images/US_AHTTP_REUTERS_OLUSBUS_WRAPPER_H_LIVE_NEW/2015-10-15T114738Z_3_LYNXNPEB9E0LD_RTROPTP_3_USA_original.jpg", "site_section": "http://finance.yahoo.com/rss/topstories", "section_title": "Yahoo! Finance: Top Stories", "url": "http://finance.yahoo.com/news/goldman-sachs-profit-hit-weak-114307731.html?l=1", "country": "GB", "title": "Goldman profit plunges as market turmoil hits bond trading", "performance_score": 0, "site": "yahoo.com", "participants_count": 2, "title_full": "Goldman profit plunges as market turmoil hits bond trading - Yahoo Finance", "spam_score": 0.0, "site_type": "news", "published": "2015-10-15T03:00:00.000+03:00", "replies_count": 10, "uuid": "af3e971ed40ee0166ff5759990ec9b28f6159738"}, "author": "yahoo", "url": "http://finance.yahoo.com/news/goldman-sachs-profit-hit-weak-114307731.html?l=1", "ord_in_thread": 0, "title": "Goldman profit plunges as market turmoil hits bond trading", "locations": [], "entities": {"persons": [], "locations": [], "organizations": []}, "highlightText": "", "language": "english", "persons": [], "text": ". View photo\nA Goldman Sachs sign is seen above the floor of the New York Stock Exchange shortly after the opening bell in the Manhattan borough of New York January 24, 2014. REUTERS/Lucas Jackson By Richa Naidu and Olivia Oran\n(Reuters) - Goldman Sachs Group Inc's (GS.N) profit plunged for the second straight quarter as bond trading revenue fell by a third amid market turmoil stemming from concerns about global growth.\nRevenue fell in all of the bank's major businesses except investment banking, which benefited from a surge in takeovers.The results are the latest example of how the grim trading environment is gutting Wall Street.\nTurbulent trading, much stemming from worries about the flow-on effect of China's cooling economy, was aggravated by uncertainty over the timing of a U.S. interest rate hike.\n\"We experienced lower levels of activity and declining asset prices during the quarter, reflecting renewed concerns about global economic growth,\" Chief Executive Lloyd Blankfein said in a statement on Thursday. ( http://bit.ly/1OEqKQi )\nGoldman, which released its results through its website instead of a press release service for the first time, said revenue from fixed-income, currency and commodity (FICC) trading, fell 33 percent to $1.46 billion.\nThis was the biggest year-over-year drop since the third quarter of 2013, when markets began to worry that the Federal Reserve was about to start tightening monetary policy.\nGoldman joins JPMorgan Chase & Co (JPM.N), Bank of America Corp (BAC.N) and Citigroup Inc (C.N) in reporting a drop in revenue from bond trading.\nBoth JPMorgan and Bank of America reported 11 percent declines in FICC revenue, while Citi's revenue from the business fell about 16 percent. Arch-rival Morgan Stanley (MS.N) will report results on Monday.\n\"Investors sit it out in such a market. They don't trade,\" said Erik Oja, an analyst at S&P Capital IQ. \"Unless such a market rout happens again, I would expect fourth-quarter trading revenues at the banks to improve compared to third-quarter.\"\nHowever, JPMorgan CFO Marianne Lake offered little hope for a quick rebound, saying earlier this week that analyst estimates for the current quarter appeared to be too high in light of slow market trading in the first two weeks of October.\nGoldman, whose shares were down 1 percent in morning trading, said its net income applicable to common shareholders fell 38 percent - to $1.33 billion, or $2.90 per share, from $2.14 billion, or $4.57 per share, a year earlier.\nAnalysts had expected earnings of $2.91 per share for the third quarter ended Sept. 30, according to Thomson Reuters I/B/E/S. Net revenue fell 18.2 percent to $6.86 billion, far short of the average estimate of $7.12 billion.\nReturn on equity fell to 7 percent from 11.8 percent in the same quarter last year - starkly below the 30 percent range the bank achieved before the financial crisis.\nMany investors argue that banks need to earn at least a 10 percent ROE to cover the cost of capital.\nGoldman made no mention of Blankfein's cancer in its results statement or on a later conference call. The long-time CEO said last month he had a \"highly curable\" form of lymphoma and would be able to work mostly as normal during treatment.\n\nBRIGHT SPOT\nGoldman has stressed the bank's commitment to trading, even as other banks have pulled back or exited the business to focus on less-volatile activities that require less capital. New rules aimed at improving the stability of the banking system also discourage banks from trading off their own balance sheets.\nStill, FICC contributed just 21.3 percent to revenue in the latest quarter, compared with about 40 percent at its peak.\nOne bright spot was investment banking, where debt underwriting and M&A advisory stood out. Revenue in the unit rose 6.3 percent to $1.56 billion.\nThe bank led U.S. target M&A advisory work this year with 124 deals worth $522.2 billion as of Sept. 18, according to Thomson Reuters data. JP Morgan was second with $460.4 billion.\nFifty-four deals greater than $5 billion had been announced in the United States by mid-September, a 68 percent increase from the same period last year.\nRevenue from equities trading rose 9 percent to $1.75 billion, matching the performance of JPMorgan. Citi's revenue from the business rose 31 percent, however, while Bank of America's increased 12 percent.\nHowever, Goldman's equity underwriting revenue experienced its weakest quarter in three years, more than halving to $190 million as many firms delayed going public in a stormy market.\nIPO activity in the United States this year totaled $24.5 billion as at Oct. 9, down 42 percent compared to the same period last year, according to Thomson Reuters data.\nThe bank spent 16 percent less on employee compensation in the quarter.\nUp to Wednesday's close of $179.51, Goldman's shares had fallen 7.4 percent since the start of the year, underperforming the S&P 500 index (.SPX), which lost 3.14 percent.\n\n(Reporting by Richa Naidu and Oliva Oran in New York; Additional reporting by Sruthi Shankar and Rachel Chitra in Bengaluru; Editing by Ted Kerr)\nCompany Earnings Goldman Sachs Group Inc Bank of America investment banking", "external_links": [], "published": "2015-10-15T03:00:00.000+03:00", "crawled": "2015-10-15T19:29:08.266+03:00", "highlightTitle": ""}