{"organizations": ["Glencore"], "uuid": "49344634bbb25eba6652f47ef69a15e4a237f158", "thread": {"social": {"gplus": {"shares": 0}, "pinterest": {"shares": 0}, "vk": {"shares": 0}, "linkedin": {"shares": 0}, "facebook": {"likes": 0, "shares": 0, "comments": 0}, "stumbledupon": {"shares": 0}}, "site_full": "uk.finance.yahoo.com", "main_image": "https://s1.yimg.com/bt/api/res/1.2/M7vS95b2fvSzHFeFStPk0A--/YXBwaWQ9eW5ld3NfbGVnbztxPTc1O3c9NjAw/http://l.yimg.com/os/mit/media/m/social/images/social_default_logo-1481777.png", "site_section": "https://uk.finance.yahoo.com/news/sector-basic-resources/?format=rss", "section_title": "Basic Resources News - Yahoo! Finance UK", "url": "https://uk.finance.yahoo.com/news/cost-glencore-units-suspension-complicate-160505127.html", "country": "US", "title": "Cost of Glencore unit's suspension will complicate Congo's elections", "performance_score": 0, "site": "yahoo.com", "participants_count": 0, "title_full": "Cost of Glencore unit's suspension will complicate Congo's elections", "spam_score": 0.0, "site_type": "news", "published": "2015-10-26T18:05:00.000+02:00", "replies_count": 0, "uuid": "49344634bbb25eba6652f47ef69a15e4a237f158"}, "author": "", "url": "https://uk.finance.yahoo.com/news/cost-glencore-units-suspension-complicate-160505127.html", "ord_in_thread": 0, "title": "Cost of Glencore unit's suspension will complicate Congo's elections", "locations": ["Congo"], "entities": {"persons": [], "locations": [], "organizations": []}, "highlightText": "", "language": "english", "persons": [], "text": "Tip : Use comma (,) to separate multiple quotes. Learn more... \nMon, Oct 26, 2015, 16:24 GMT - UK Markets close in 6 mins. Cost of Glencore unit's suspension will complicate Congo's elections Reuters - UK Focus – 19 minutes ago -0.005 \nBy Aaron Ross \nKINSHASA, Oct (HKSE: 3366-OL.HK - news ) 26 (Reuters) - A decision by the Swiss trading house Glencore (Xetra: A1JAGV - news ) to halt some production in Democratic Republic of Congo will cost the government about 200 billion Congolese francs ($216 million) next year, further complicating Congo's tangled politics. \nLosing the revenue will make it harder for Congo to pay for regional and national elections, including a presidential election in November. The cost will come to more than $1.1 billion, according to Congo's election commission (CENI). \nThe government plans to allocate 537.8 billion francs toward the elections, or 6.4 percent of the total budget, Prime Minister Augustin Matata Ponyo said on Monday, in a presentation to the lower house of parliament of the proposed 2016 budget. \nThe $580 million commitment from Matata Ponyo, $40.7 million of which he said would come from \"external sources\", would fulfill the $1.1 billion price tag for this election cycle. The government has approved $565 million in election funding over the last three years. \nHowever, in a letter to Matata Ponyo earlier this month, the CENI said that only 17 percent of those funds have been disbursed. The government says there have been some delays in dispersing the money but it is committed to funding the elections. \nCongo missed holding elections for provincial deputies and local counselors on Sunday after Congo's constitutional court ordered the CENI last month to re-evaluate its calendar, saying that budgetary and political constraints have made it untenable. \nCritics say the government is not spending what is required so it can delay the presidential vote and allow President Joseph Kabila to cling to power beyond his mandate. \nKabila, who became president after his father was assassinated in 2001 and went on to win disputed elections in 2006 and 2011, is barred by the constitution from standing for a third term next year. He has not commented publicly on his political future, though a spokesman says he intends to respect the constitution. \nRecent months have seen an erosion of support for Kabila among some key supporters. Around 40 people were killed in protests in January over proposed changes to the electoral code that opponents said would delay the presidential poll. \nGlencore said last month it would suspend production at its Katanga Mining (Toronto: KAT.TO - news ) unit for 18 months as it pursues an $880 million modernization project to lower costs. The mine accounts for about 15 percent of copper production in Congo, Africa's leading producer of the metal. (Editing by Matthew Mpoke Bigg, Larry King)", "external_links": [], "published": "2015-10-26T18:05:00.000+02:00", "crawled": "2015-10-26T18:26:25.378+02:00", "highlightTitle": ""}