{"organizations": [], "uuid": "bfe9824b77e250848411fcad89cbbb53eceaec01", "thread": {"social": {"gplus": {"shares": 0}, "pinterest": {"shares": 0}, "vk": {"shares": 0}, "linkedin": {"shares": 0}, "facebook": {"likes": 0, "shares": 0, "comments": 0}, "stumbledupon": {"shares": 0}}, "site_full": "www.jdsupra.com", "main_image": "http://www.jdsupra.com/showThumbnail.aspx?img=12833_4517.jpg&size=og", "site_section": "http://www.jdsupra.com/resources/syndication/docsRSSFeed.aspx?ftype=FinanceBanking", "section_title": "Finance & Banking RSS Feed | JD Supra Law News", "url": "http://www.jdsupra.com/legalnews/basel-committee-updates-on-priorities-85422/", "country": "US", "title": "Basel Committee updates on priorities", "performance_score": 0, "site": "jdsupra.com", "participants_count": 1, "title_full": "Basel Committee updates on priorities", "spam_score": 0.0, "site_type": "news", "published": "2015-10-16T20:44:00.000+03:00", "replies_count": 0, "uuid": "bfe9824b77e250848411fcad89cbbb53eceaec01"}, "author": "Dentons", "url": "http://www.jdsupra.com/legalnews/basel-committee-updates-on-priorities-85422/", "ord_in_thread": 0, "title": "Basel Committee updates on priorities", "locations": [], "entities": {"persons": [], "locations": [], "organizations": []}, "highlightText": "", "language": "english", "persons": [], "text": "<iframe src=\"http://www.jdsupra.com/post/contentViewerEmbed.aspx?fid=ad2b9cf0-da07-4a9a-83b6-4cd8cd578db7\" width=\"100%\" height=\"620\" frameborder=\"1\" style=\"border: 2px solid #ccc; overflow-x:hidden !important; overflow:hidden;\" scrolling=\"auto\"> \nStefan Ingves has spoken on the Basel Committee’ work on revising the risk-base \n© Dentons on: \"My best business intelligence, in one easy email…\" Your first step to building a free, personalized, morning email brief covering pertinent authors and topics on JD Supra: * By using the service, you signify your acceptance of JD Supra's Privacy Policy. - hide Privacy Policy (Updated: October 8, 2015) : \nJD Supra provides users with access to its legal industry publishing services (the \"Service\") through its website (the \"Website\") as well as through other sources. Our policies with regard to data collection and use of personal information of users of the Service, regardless of the manner in which users access the Service, and visitors to the Website are set forth in this statement (\"Policy\"). By using the Service, you signify your acceptance of this Policy. Information Collection and Use by JD Supra \nJD Supra collects users' names, companies, titles, e-mail address and industry. JD Supra also tracks the pages that users visit, logs IP addresses and aggregates non-personally identifiable user data and browser type. This data is gathered using cookies and other technologies. \nThe information and data collected is used to authenticate users and to send notifications relating to the Service, including email alerts to which users have subscribed; to manage the Service and Website, to improve the Service and to customize the user's experience. This information is also provided to the authors of the content to give them insight into their readership and help them to improve their content, so that it is most useful for our users. \nJD Supra does not sell, rent or otherwise provide your details to third parties, other than to the authors of the content on JD Supra. \nIf you prefer not to enable cookies, you may change your browser settings to disable cookies; however, please note that rejecting cookies while visiting the Website may result in certain parts of the Website not operating correctly or as efficiently as if cookies were allowed. Email Choice/Opt-out \nUsers who opt in to receive emails may choose to no longer receive e-mail updates and newsletters by selecting the \"opt-out of future email\" option in the email they receive from JD Supra or in their JD Supra account management screen. Security \nJD Supra takes reasonable precautions to insure that user information is kept private. We restrict access to user information to those individuals who reasonably need access to perform their job functions, such as our third party email service, customer service personnel and technical staff. However, please note that no method of transmitting or storing data is completely secure and we cannot guarantee the security of user information. Unauthorized entry or use, hardware or software failure, and other factors may compromise the security of user information at any time. \nIf you have reason to believe that your interaction with us is no longer secure, you must immediately notify us of the problem by contacting us at info@jdsupra.com . In the unlikely event that we believe that the security of your user information in our possession or control may have been compromised, we may seek to notify you of that development and, if so, will endeavor to do so as promptly as practicable under the circumstances. Sharing and Disclosure of Information JD Supra Collects \nExcept as otherwise described in this privacy statement, JD Supra will not disclose personal information to any third party unless we believe that disclosure is necessary to: (1) comply with applicable laws; (2) respond to governmental inquiries or requests; (3) comply with valid legal process; (4) protect the rights, privacy, safety or property of JD Supra, users of the Service, Website visitors or the public; (5) permit us to pursue available remedies or limit the damages that we may sustain; and (6) enforce our Terms & Conditions of Use. \nIn the event there is a change in the corporate structure of JD Supra such as, but not limited to, merger, consolidation, sale, liquidation or transfer of substantial assets, JD Supra may, in its sole discretion, transfer, sell or assign information collected on and through the Service to one or more affiliated or unaffiliated third parties. Links to Other Websites \nThis Website and the Service may contain links to other websites. The operator of such other websites may collect information about you, including through cookies or other technologies. If you are using the Service through the Website and link to another site, you will leave the Website and this Policy will not apply to your use of and activity on those other sites. We encourage you to read the legal notices posted on those sites, including their privacy policies. We shall have no responsibility or liability for your visitation to, and the data collection and use practices of, such other sites. This Policy applies solely to the information collected in connection with your use of this Website and does not apply to any practices conducted offline or in connection with any other websites. Changes in Our Privacy Policy \nWe reserve the right to change this Policy at any time. Please refer to the date at the top of this page to determine when this Policy was last revised. Any changes to our privacy policy will become effective upon posting of the revised policy on the Website. By continuing to use the Service or Website following such changes, you will be deemed to have agreed to such changes. If you do not agree with the terms of this Policy, as it may be amended from time to time, in whole or part, please do not continue using the Service or the Website. Contacting JD Supra \nIf you have any questions about this privacy statement, the practices of this site, your dealings with this Web site, or if you would like to change any of the information you have provided to us, please contact us at: info@jdsupra.com . - hide * With LinkedIn, you don't need to create a separate login to manage your free JD Supra account, and we can make suggestions based on your needs and interests. We will not post anything on LinkedIn in your name. Or", "external_links": [], "published": "2015-10-16T20:44:00.000+03:00", "crawled": "2015-10-16T21:41:00.897+03:00", "highlightTitle": ""}