{"organizations": [], "uuid": "6b2be6c7c9a24579777f15e506739a591947cc30", "thread": {"social": {"gplus": {"shares": 0}, "pinterest": {"shares": 0}, "vk": {"shares": 0}, "linkedin": {"shares": 0}, "facebook": {"likes": 0, "shares": 0, "comments": 0}, "stumbledupon": {"shares": 0}}, "site_full": "www.wsj.com", "main_image": "http://si.wsj.net/public/resources/images/BN-KP696_MADOFF_G_20151005110947.jpg", "site_section": "http://www.wsj.com/news/markets", "section_title": "Stock Market &amp; Finance News - Wall Street Journal", "url": "http://www.wsj.com/articles/investor-seeks-to-hold-ernst-young-liable-for-madoff-losses-1444854695", "country": "", "title": "Investor Seeks to Hold Ernst & Young Liable for Madoff Losses", "performance_score": 0, "site": "wsj.com", "participants_count": 1, "title_full": "Investor Seeks to Hold Ernst & Young Liable for Madoff Losses - WSJ", "spam_score": 0.0, "site_type": "news", "published": "2015-10-15T01:39:00.000+03:00", "replies_count": 0, "uuid": "6b2be6c7c9a24579777f15e506739a591947cc30"}, "author": "Jacqueline Palank", "url": "http://www.wsj.com/articles/investor-seeks-to-hold-ernst-young-liable-for-madoff-losses-1444854695", "ord_in_thread": 0, "title": "Investor Seeks to Hold Ernst & Young Liable for Madoff Losses", "locations": [], "entities": {"persons": [], "locations": [], "organizations": []}, "highlightText": "", "language": "english", "persons": [], "text": "Ernst & Young failed to serve as a gatekeeper for a Washington investment firm that sank millions of dollars into Bernard Madoff’s investment firm and should be held liable for its losses, the firm’s lawyer told a jury Wednesday.\n“I’m going to prove to you that Ernst & Young had a job. I’m going to prove to you that Ernst & Young didn’t do their job,” said Steven W. Thomas, a lawyer representing FutureSelect Portfolio... To Read the Full Story, Subscribe or Sign In", "external_links": [], "published": "2015-10-15T01:39:00.000+03:00", "crawled": "2015-10-15T00:42:34.857+03:00", "highlightTitle": ""}