{"organizations": [], "uuid": "672e23aa363f43b26ef58e3bf632d9721f82da77", "thread": {"social": {"gplus": {"shares": 0}, "pinterest": {"shares": 0}, "vk": {"shares": 0}, "linkedin": {"shares": 0}, "facebook": {"likes": 0, "shares": 0, "comments": 0}, "stumbledupon": {"shares": 0}}, "site_full": "uk.finance.yahoo.com", "main_image": "https://s.yimg.com/bt/api/res/1.2/Q.8BIkLz5DRlrLfCa5RhQQ--/YXBwaWQ9eW5ld3NfbGVnbztpbD1wbGFuZTtxPTc1O3c9NjAw/http://globalfinance.zenfs.com/images/UK_AFTP_AFP_LIVE_1/efd1c5c533673b38746ac5b7b7cb08876061c45b_original.jpg", "site_section": "https://uk.finance.yahoo.com/news/provider-afp/?format=rss", "section_title": "Finance News | AFP - Yahoo! UK & Ireland Finance", "url": "https://uk.finance.yahoo.com/news/ge-earnings-fall-oil-gas-115431142.html", "country": "GB", "title": "GE earnings fall as oil and gas profits sink", "performance_score": 0, "site": "yahoo.com", "participants_count": 0, "title_full": "GE earnings fall as oil and gas profits sink", "spam_score": 0.0, "site_type": "news", "published": "2015-10-16T14:54:00.000+03:00", "replies_count": 0, "uuid": "672e23aa363f43b26ef58e3bf632d9721f82da77"}, "author": "", "url": "https://uk.finance.yahoo.com/news/ge-earnings-fall-oil-gas-115431142.html", "ord_in_thread": 0, "title": "GE earnings fall as oil and gas profits sink", "locations": [], "entities": {"persons": [], "locations": [], "organizations": []}, "highlightText": "", "language": "english", "persons": [], "text": "Tip : Use comma (,) to separate multiple quotes. Learn more... \nFri, Oct 16, 2015, 13:22 BST - UK Markets close in 3 hrs 8 mins GE earnings fall as oil and gas profits sink AFP – 27 minutes ago View Photo \n\nGeneral Electric reported a drop in third-quarter earnings Friday on modestly lower sales, as declining oil and gas income offsets gains in other businesses. \nGE, which is divesting most of its finance arm, posted net income of $2.5 billion, down 29.1 percent from the year-ago period. \nRevenues declined 1.3 percent to $31.7 billion. \nOperating earnings from industrial businesses edged up 4.5 percent behind gains in five of seven sectors, including power and water and aviation. \nHowever, oil and gas profits fell 11.5 percent as the downturn in the petroleum industry due to lower commodity prices weighed on results. GE's revenues from oil and gas sank 15.9 percent to $3.9 billion. \nEarnings in the year-ago period were boosted by profits from finance operations that are no longer counted. \nGE has announced sales of more than $126 billion in assets as it moves to scale back its finance arm to emphasize industrial operations. \nAnalysts have warned that year-over-year comparisons are difficult at GE because of the major reshuffling of assets. \n\"Our portfolio transformation is happening at an unprecedented pace,\" said GE chief executive Jeff Immelt. \"We are transforming GE into the world's premier Digital Industrial company.\" \nEarnings translated into 29 cents per share, three cents above analyst estimates. \nShares (Berlin: DI6.BE - news ) of GE fell 1.5 percent to $27.62 in pre-market trade.", "external_links": [], "published": "2015-10-16T14:54:00.000+03:00", "crawled": "2015-10-16T15:23:13.507+03:00", "highlightTitle": ""}