{"organizations": [], "uuid": "5c28216a289a9b98e37acf1f7f543c6dc074071f", "thread": {"social": {"gplus": {"shares": 0}, "pinterest": {"shares": 0}, "vk": {"shares": 0}, "linkedin": {"shares": 0}, "facebook": {"likes": 0, "shares": 0, "comments": 0}, "stumbledupon": {"shares": 0}}, "site_full": "www.reuters.com", "main_image": "", "site_section": "http://www.reuters.com/finance/personal-finance", "section_title": "Wealth, Personal Finance &amp; Money | Reuters.com", "url": "http://www.reuters.com/article/2015/10/16/peru-economy-tradebalance-idUSP3N0RC00Q20151016", "country": "US", "title": "TABLE-Peru posts $226 million trade deficit in August -central bank", "performance_score": 0, "site": "reuters.com", "participants_count": 1, "title_full": "TABLE-Peru posts $226 million trade deficit in August -central bank | Reuters", "spam_score": 0.0, "site_type": "news", "published": "2015-10-16T22:06:00.000+03:00", "replies_count": 0, "uuid": "5c28216a289a9b98e37acf1f7f543c6dc074071f"}, "author": "Reuters", "url": "http://www.reuters.com/article/2015/10/16/peru-economy-tradebalance-idUSP3N0RC00Q20151016", "ord_in_thread": 0, "title": "TABLE-Peru posts $226 million trade deficit in August -central bank", "locations": [], "entities": {"persons": [], "locations": [], "organizations": []}, "highlightText": "", "language": "english", "persons": [], "text": "LIMA Oct 16 Peru, a top global exporter of copper and other minerals, posted a $226 million trade deficit in August, central bank chief economist Adrian Armas said on Friday.\nThe reading brings the shortfall logged so far this year to about $2.6 billion, according to central bank data.\nPeru's exports have fallen in the past year on slumping mineral prices. The central bank has estimated a $2.1 billion trade deficit in 2015 and $2 billion in 2016.\nAugust 2015 August 2014 Balance -226 mln +30.9 mln Exports 2.949 bln 3.624 bln Imports 3.175 bln 3.593 bln (Reporting By Teresa Cespedes)", "external_links": [], "published": "2015-10-16T22:06:00.000+03:00", "crawled": "2015-10-16T21:39:01.314+03:00", "highlightTitle": ""}