{"organizations": ["World Bank Group"], "uuid": "d591815ddaef11ec129b6e5ec3f997b761c84c5e", "thread": {"social": {"gplus": {"shares": 0}, "pinterest": {"shares": 0}, "vk": {"shares": 0}, "linkedin": {"shares": 0}, "facebook": {"likes": 0, "shares": 0, "comments": 0}, "stumbledupon": {"shares": 0}}, "site_full": "www.modernghana.com", "main_image": "http://img.modernghana.com/images/content/h40of66eey_jimyongkim.jpg", "site_section": "http://www.modernghana.com/rssfeed/news.xml?cat_id=1&gender=46", "section_title": "Business & Finance", "url": "http://www.modernghana.com/news/649808/1/world-bank-group-president-arrives-in-accra.html", "country": "US", "title": "World Bank Group President arrives in Accra", "performance_score": 0, "site": "modernghana.com", "participants_count": 0, "title_full": "World Bank Group President arrives in Accra", "spam_score": 0.0, "site_type": "news", "published": "2015-10-17T13:00:00.000+03:00", "replies_count": 0, "uuid": "d591815ddaef11ec129b6e5ec3f997b761c84c5e"}, "author": "", "url": "http://www.modernghana.com/news/649808/1/world-bank-group-president-arrives-in-accra.html", "ord_in_thread": 0, "title": "World Bank Group President arrives in Accra", "locations": ["Accra"], "entities": {"persons": [], "locations": [], "organizations": []}, "highlightText": "", "language": "english", "persons": [], "text": "  17 October 2015 11:00 CET World Bank Group President arrives in Accra By GNA \nAccra, Oct. 16, GNA - The World Bank Group President, Dr. Jim Yong Kim, arrived in Ghana on Friday to hold discussions with the government, on a number of key topics. \nHe is also expected to launch a report on poverty in Africa, look at Ghana's progress towards ending poverty, and commemorate the End Poverty Day. \nDr. Kim, accompanied by President John Dramani Mahama and other dignitaries, would also observe End Poverty Day in James Town, Accra, where they would jointly launch a regional flagship report, 'Poverty in a Rising Africa.' \nThe World Bank President, would also participate in a Shared Prosperity Forum at the University of Ghana - Legon later in the day. \nGNA", "external_links": [], "published": "2015-10-17T13:00:00.000+03:00", "crawled": "2015-10-17T13:31:49.093+03:00", "highlightTitle": ""}