{"organizations": [], "uuid": "9b91adfa6cfa1edc1bee8b786594bfe6681d7d27", "thread": {"social": {"gplus": {"shares": 0}, "pinterest": {"shares": 0}, "vk": {"shares": 0}, "linkedin": {"shares": 0}, "facebook": {"likes": 0, "shares": 0, "comments": 0}, "stumbledupon": {"shares": 0}}, "site_full": "www.telegraph.co.uk", "main_image": "http://i.telegraph.co.uk/multimedia/archive/02266/US_economy_2266158a.jpg", "site_section": "http://www.telegraph.co.uk/newsfeed/rss/money_city.xml", "section_title": "Finance - Business news and market updates - Telegraph", "url": "http://www.telegraph.co.uk/finance/economics/11934488/Slower-US-growth-supports-caution-on-rates-says-Feds-William-Dudley.html", "country": "CH", "title": "Slower US growth supports caution on rates, says Fed's William Dudley", "performance_score": 0, "site": "telegraph.co.uk", "participants_count": 1, "title_full": "Slower US growth supports caution on rates, says Fed's William Dudley", "spam_score": 0.0, "site_type": "news", "published": "2015-10-15T21:36:00.000+03:00", "replies_count": 0, "uuid": "9b91adfa6cfa1edc1bee8b786594bfe6681d7d27"}, "author": "Szu Ping Chan", "url": "http://www.telegraph.co.uk/finance/economics/11934488/Slower-US-growth-supports-caution-on-rates-says-Feds-William-Dudley.html", "ord_in_thread": 0, "title": "Slower US growth supports caution on rates, says Fed's William Dudley", "locations": [], "entities": {"persons": [], "locations": [], "organizations": []}, "highlightText": "", "language": "english", "persons": [], "text": "Economics Slower US growth supports caution on rates, says Fed's William Dudley William Dudley, president of the New York Federal Reserve, says 2015 rate rise still on the cards, but warns that global developments must be watched closely Mr Dudley pointed to disappointing US jobs figures and \"soft\" retail sales data this week as evidence that growth was easing By Szu Ping Chan", "external_links": [], "published": "2015-10-15T21:36:00.000+03:00", "crawled": "2015-10-15T22:36:08.356+03:00", "highlightTitle": ""}