{"organizations": [], "uuid": "d0ea6de977bc4c48c13e9f8e3c6697f0fe87c9bc", "thread": {"social": {"gplus": {"shares": 0}, "pinterest": {"shares": 0}, "vk": {"shares": 0}, "linkedin": {"shares": 0}, "facebook": {"likes": 0, "shares": 0, "comments": 0}, "stumbledupon": {"shares": 0}}, "site_full": "www.reuters.com", "main_image": "", "site_section": "http://www.reuters.com/finance/personal-finance", "section_title": "Wealth, Personal Finance &amp; Money | Reuters.com", "url": "http://www.reuters.com/article/2015/10/22/banorte-results-idUSL1N12K2E820151022", "country": "US", "title": "Mexico's Banorte posts 6 pct rise in profit in 3rd quarter", "performance_score": 0, "site": "reuters.com", "participants_count": 1, "title_full": "Mexico's Banorte posts 6 pct rise in profit in 3rd quarter | Reuters", "spam_score": 0.0, "site_type": "news", "published": "2015-10-23T01:15:00.000+03:00", "replies_count": 0, "uuid": "d0ea6de977bc4c48c13e9f8e3c6697f0fe87c9bc"}, "author": "Reuters", "url": "http://www.reuters.com/article/2015/10/22/banorte-results-idUSL1N12K2E820151022", "ord_in_thread": 0, "title": "Mexico's Banorte posts 6 pct rise in profit in 3rd quarter", "locations": [], "entities": {"persons": [], "locations": [], "organizations": []}, "highlightText": "", "language": "english", "persons": [], "text": "MEXICO CITY Oct 22 Mexico's Grupo Financiero Banorte, the country's fourth-largest bank by assets, on Thursday reported a third-quarter net profit 6 percent higher compared to the same period last year.\nThe bank, the biggest still owned by Mexicans, reported a net profit of 4.284 billion pesos ($253 million), up from a profit of 4.042 billion pesos in the third quarter of 2014.\nBanorte said its loan book, excluding bad loans, expanded 12 percent to $500.208 billion pesos.\nBanorte has reported steadily growing profits so far this year, reflecting increased deposits and falling numbers of bad loans. Its share price has risen 8 percent in 2015 and closed at 87.96 pesos before the earnings report came out. ($1 = 16.933 pesos at end-September) (Reporting by Anna Yukhananov ; Editing by James Dalgleish )", "external_links": [], "published": "2015-10-23T01:15:00.000+03:00", "crawled": "2015-10-23T00:19:35.617+03:00", "highlightTitle": ""}