{"organizations": [], "uuid": "c9cee392111dbfb5d16ee5bcade4cc4243836340", "thread": {"social": {"gplus": {"shares": 0}, "pinterest": {"shares": 0}, "vk": {"shares": 0}, "linkedin": {"shares": 0}, "facebook": {"likes": 0, "shares": 0, "comments": 0}, "stumbledupon": {"shares": 0}}, "site_full": "sg.finance.yahoo.com", "main_image": "https://s1.yimg.com/bt/api/res/1.2/M7vS95b2fvSzHFeFStPk0A--/YXBwaWQ9eW5ld3NfbGVnbztxPTc1O3c9NjAw/http://l.yimg.com/os/mit/media/m/social/images/social_default_logo-1481777.png", "site_section": "http://finance.yahoo.com/rss/headline?s=CKSW", "section_title": "Yahoo! Finance: CKSW News", "url": "https://sg.finance.yahoo.com/news/clicksoftware-posts-4q-profit-100100725.html", "country": "US", "title": "ClickSoftware posts 4Q profit - Yahoo Singapore Finance", "performance_score": 0, "site": "yahoo.com", "participants_count": 1, "title_full": "ClickSoftware posts 4Q profit - Yahoo Singapore Finance", "spam_score": 0.0, "site_type": "news", "published": "2015-10-13T03:00:00.000+03:00", "replies_count": 0, "uuid": "c9cee392111dbfb5d16ee5bcade4cc4243836340"}, "author": "AP", "url": "https://sg.finance.yahoo.com/news/clicksoftware-posts-4q-profit-100100725.html", "ord_in_thread": 0, "title": "ClickSoftware posts 4Q profit - Yahoo Singapore Finance", "locations": [], "entities": {"persons": [], "locations": [], "organizations": []}, "highlightText": "", "language": "english", "persons": [], "text": "PETAH TIKVA, Israel (AP) _ ClickSoftware Technologies Ltd. (CKSW) on Wednesday reported fourth-quarter net income of $2.6 million. \nOn a per-share basis, the Petah Tikva, Israel-based company said it had profit of 8 cents. Earnings, adjusted for one-time gains and costs, came to 11 cents per share. \nThe maker of human resources cloud computing software posted revenue of $34.5 million in the period. \nFor the year, the company reported that its loss narrowed to $3 million, or 9 cents per share. Revenue was reported as $126.2 million. \nClickSoftware expects full-year earnings in the range of 9 cents to 15 cents per share, with revenue in the range of $140 million to $145 million. \nClickSoftware shares have fallen nearly 2 percent since the beginning of the year. The stock has decreased 17 percent in the last 12 months.", "external_links": [], "published": "2015-10-13T03:00:00.000+03:00", "crawled": "2015-10-13T23:39:09.163+03:00", "highlightTitle": ""}