{"organizations": [], "uuid": "49bdbb06642d0ab6fe87b32bd94230fe3c1c524c", "thread": {"social": {"gplus": {"shares": 0}, "pinterest": {"shares": 0}, "vk": {"shares": 0}, "linkedin": {"shares": 0}, "facebook": {"likes": 0, "shares": 0, "comments": 0}, "stumbledupon": {"shares": 0}}, "site_full": "finance.yahoo.com", "main_image": "http://l3.yimg.com/bt/api/res/1.2/M7vS95b2fvSzHFeFStPk0A--/YXBwaWQ9eW5ld3NfbGVnbztxPTc1O3c9NjAw/http://l.yimg.com/os/mit/media/m/social/images/social_default_logo-1481777.png", "site_section": "http://finance.yahoo.com/rss/headline?s=LPNT", "section_title": "Yahoo! Finance: LPNT News", "url": "http://finance.yahoo.com/news/lifepoint-health-broadcast-third-quarter-150000136.html", "country": "GB", "title": "LifePoint Health to Broadcast Its Third Quarter 2015 Conference Call Live on the Internet - Yahoo Finance", "performance_score": 0, "site": "yahoo.com", "participants_count": 1, "title_full": "LifePoint Health to Broadcast Its Third Quarter 2015 Conference Call Live on the Internet - Yahoo Finance", "spam_score": 0.0, "site_type": "news", "published": "2015-10-16T03:00:00.000+03:00", "replies_count": 0, "uuid": "49bdbb06642d0ab6fe87b32bd94230fe3c1c524c"}, "author": "LifePoint Health", "url": "http://finance.yahoo.com/news/lifepoint-health-broadcast-third-quarter-150000136.html", "ord_in_thread": 0, "title": "LifePoint Health to Broadcast Its Third Quarter 2015 Conference Call Live on the Internet - Yahoo Finance", "locations": [], "entities": {"persons": [], "locations": [], "organizations": []}, "highlightText": "", "language": "english", "persons": [], "text": "BRENTWOOD, Tenn., Oct. 16, 2015 (GLOBE NEWSWIRE) -- LifePoint Health, Inc. ( LPNT ) announced today that it will provide an online Web simulcast of its third quarter 2015 conference call on Friday, October 30, 2015. The Company's results for the third quarter and nine months ended September 30, 2015, will be released before the open of the market on Friday, October 30, 2015.\nThe live broadcast of LifePoint Health's conference call will begin at 10:00 a.m. Eastern Time on October 30 th . A 30-day online replay will be available approximately an hour following the conclusion of the live broadcast. A link to these events can be found on the Company's website at www.LifePointHealth.net .\nLifePoint Health ( LPNT ) is a leading healthcare company dedicated to Making Communities Healthier(R). Through its subsidiaries, it provides quality inpatient, outpatient and post-acute services close to home. LifePoint owns and operates community hospitals, regional health systems, physician practices, outpatient centers, and post-acute facilities in 21 states. It is the sole community healthcare provider in the majority of the non-urban communities it serves. More information about the company can be found at www.LifePointHealth.net . All references to \"LifePoint,\" \"LifePoint Health\" or the \"Company\" used in this release refer to LifePoint Health, Inc. or its affiliates.\nHealth Care Industry Contact: Penny L. Brake\nVice President of Finance\n(615) 920-7612", "external_links": [], "published": "2015-10-16T03:00:00.000+03:00", "crawled": "2015-10-16T18:33:29.259+03:00", "highlightTitle": ""}