{"organizations": [], "uuid": "a2833efd37b736a3ae59e7186fdeefe2f243644f", "thread": {"social": {"gplus": {"shares": 0}, "pinterest": {"shares": 0}, "vk": {"shares": 0}, "linkedin": {"shares": 0}, "facebook": {"likes": 0, "shares": 0, "comments": 0}, "stumbledupon": {"shares": 0}}, "site_full": "www.thestreet.com", "main_image": "http://s.thestreet.com/files/tsc/v2008/photos/contrib/uploads/all-pics/traders/SpeedDesk-11-large.jpg", "site_section": "http://finance.yahoo.com/rss/headline?s=C", "section_title": "Yahoo! Finance: C News", "url": "http://www.thestreet.com/story/13327331/1/citigroup-c-stock-retreats-following-quarterly-financial-results.html?puc=yahoo&cm_ven=YAHOO", "country": "US", "title": "Citigroup (C) Stock Retreats Following Quarterly Financial Results - TheStreet", "performance_score": 0, "site": "thestreet.com", "participants_count": 1, "title_full": "Citigroup (C) Stock Retreats Following Quarterly Financial Results - TheStreet", "spam_score": 0.0, "site_type": "news", "published": "2015-10-16T03:00:00.000+03:00", "replies_count": 0, "uuid": "a2833efd37b736a3ae59e7186fdeefe2f243644f"}, "author": "yahoo", "url": "http://www.thestreet.com/story/13327331/1/citigroup-c-stock-retreats-following-quarterly-financial-results.html?puc=yahoo&cm_ven=YAHOO", "ord_in_thread": 0, "title": "Citigroup (C) Stock Retreats Following Quarterly Financial Results - TheStreet", "locations": [], "entities": {"persons": [], "locations": [], "organizations": []}, "highlightText": "", "language": "english", "persons": [], "text": "Reddit Email Print Reprint NEW YORK ( TheStreet ) -- Citigroup ( C - Get Report )  shares are declining 0.3% to $52.81 on Friday after the company posted its third quarter fiscal 2015 earnings results before the market open on Thursday. \nEarnings beat analysts' estimates while revenue fell slightly below projections.\nFor the latest quarter, the financial services holding company earned $1.31 a share on revenue of $18.496 billion.\n\nAnalysts had forecast the company to earn $1.28 a share on revenue of on revenue of $18.56 billion.\nIn the same period the year before, the company earned 95 cents a share on revenue of $20.06 billion.\n\"The quarter had more than its fair share of volatility and our results speak to the resilience of our franchise globally. And despite revenue headwinds, we once again proved our ability to manage our risk, our expenses and our capital,\" CEO Michael Corbat stated. \nDespite the revenue miss, year-over-year, profit increased 51%, helped by a decline in legal and related costs. The company also cut spending on compensation, equipment and marketing, the  Wall Street Journal  reports. \nThese results come amid market volatility and a low interest rate environment. \nSeparately, the company today said that it is adding a new unit, Citi FinTech, to its global consumer banking unit that focuses on mobile,  Reuters reports. \nCitigroup is a New York City-based multinational banking and financial services company. The company's clients include individual consumers, corporations, governments and other financial institutions.\nSeparately, TheStreet Ratings team rates CITIGROUP INC as a Buy with a ratings score of B. TheStreet Ratings Team has this to say about their recommendation:\nWe rate CITIGROUP INC (C) a BUY. This is driven by several positive factors, which we believe should have a greater impact than any weaknesses, and should give investors a better performance opportunity than most stocks we cover. The company's strengths can be seen in multiple areas, such as its compelling growth in net income, attractive valuation levels, expanding profit margins, good cash flow from operations and impressive record of earnings per share growth. Although no company is perfect, currently we do not see any significant weaknesses which are likely to detract from the generally positive outlook.\n\nYou can view the full analysis from the report here: C \nC data by YCharts Check Out Our Best Services for Investors Action Alerts PLUS Portfolio Manager Jim Cramer and Director of Research Jack Mohr reveal their investment tactics while giving advanced notice before every trade.\nProduct Features: $2.5+ million portfolio Large-cap and dividend focus Intraday trade alerts from Cramer Quant Ratings Access the tool that DOMINATES the Russell 2000 and the S&P 500.\nProduct Features: Buy, hold, or sell recommendations for over 4,300 stocks Unlimited research reports on your favorite stocks A custom stock screener Stocks Under $10 David Peltier uncovers low dollar stocks with serious upside potential that are flying under Wall Street's radar.\nProduct Features: Model portfolio Stocks trading below $10 Intraday trade alerts 14-Days Free Only $9.95 14-Days Free Dividend Stock Advisor David Peltier identifies the best of breed dividend stocks that will pay a reliable AND significant income stream.\nProduct Features: Diversified model portfolio of dividend stocks Updates with exact steps to take - BUY, HOLD, SELL Trifecta Stocks Every recommendation goes through 3 layers of intense scrutinyquantitative, fundamental and technical analysisto maximize profit potential and minimize risk.\nProduct Features: Model Portfolio Intra Day Trade alerts Access to Quant Ratings Real Money More than 30 investing pros with skin in the game give you actionable insight and investment ideas.\nProduct Features: Access to Jim Cramer's daily blog Intraday commentary and news Real-time trading forums Only $49.95 14-Days Free 14-Days Free View other subscription services that we offer", "external_links": [], "published": "2015-10-16T03:00:00.000+03:00", "crawled": "2015-10-16T19:43:48.153+03:00", "highlightTitle": ""}