{"organizations": [], "uuid": "fbd57907c7670ced9185b99a252884bf16cc9b73", "thread": {"social": {"gplus": {"shares": 0}, "pinterest": {"shares": 0}, "vk": {"shares": 0}, "linkedin": {"shares": 0}, "facebook": {"likes": 0, "shares": 0, "comments": 0}, "stumbledupon": {"shares": 0}}, "site_full": "www.cbs8.com", "main_image": "", "site_section": "http://www.cbs8.com/category/272461/business-finance", "section_title": "Business: Finance - CBS News 8 - San Diego, CA News Station - KFMB Channel 8", "url": "http://www.cbs8.com/story/30254128/continental-national-bank-to-launch-grow-entrepreneurship-program", "country": "US", "title": "Continental National Bank to Launch \"Grow Entrepreneurship Program\"", "performance_score": 0, "site": "cbs8.com", "participants_count": 1, "title_full": "Continental National Bank to Launch \"Grow Entrepreneurship Program\" - CBS News 8 - San Diego, CA News Station - KFMB Channel 8", "spam_score": 0.0, "site_type": "news", "published": "2015-10-14T04:02:00.000+03:00", "replies_count": 0, "uuid": "fbd57907c7670ced9185b99a252884bf16cc9b73"}, "author": "cbs8", "url": "http://www.cbs8.com/story/30254128/continental-national-bank-to-launch-grow-entrepreneurship-program", "ord_in_thread": 0, "title": "Continental National Bank to Launch \"Grow Entrepreneurship Program\"", "locations": [], "entities": {"persons": [], "locations": [], "organizations": []}, "highlightText": "", "language": "english", "persons": [], "text": "Bank Launches Intensive Business Education Program Developed in Conjunction with FIU\nMiami, FL (PRWEB) October 13, 2015\nContinental National Bank, Miami’s premier community provider of financial services for small businesses and entrepreneurs, is proud to announce the introduction of their GROW Entrepreneurship Program, an intensive business education initiative designed to help professionals grow their companies, improve and strengthen their skills, and enable them to make meaningful contributions to their communities. Developed in collaboration with Miami Bayside Foundation, Pino Global Entrepreneurship Center and Florida Small Business Development Center (SBDC) at Florida International University (FIU), the program is now open for enrollment with training sessions scheduled to begin on October 13.\nThrough its GROW Entrepreneurship Program, Continental National Bank seeks to inspire and engage the next generation of Miami business leaders through courses designed to foster an entrepreneurial mindset. Qualifying professionals will have the opportunity to work with experienced SBDC mentors, attend workshops, and develop connections with their peers. They will also have access to a competitive small business loan program, courtesy of Miami Bayside Foundation. The program will be divided into 4 accessible sessions per year. Classes will be held on Tuesdays and Wednesday, 6 p.m. - 9 p.m., at the Continental’s Little Havana branch.\nGROW’s first training session on October 13 will count on the participation of more than one dozen guest entrepreneurs. Continental National Bank is now actively accepting applications for the program’s upcoming sessions through its website.\n“Our GROW Entrepreneurship Program is a resource that can open lucrative doors for local business owners. Professionals enrolled will have access to unique tools to increase their revenue, create jobs, and drive growth in our community – a goal that we are strongly committed to”, comments Jaqueline Dascal-Chariff, Chairman of Continental National Bank.\nThe Entrepreneurship Training Initiative was made possible through a grant awarded to FIU by Continental National Bank. This is the most recent of several important contributions that the bank has made to community causes during this year. Throughout its 40 years of service, Continental National Bank has supported many local charities and civic organizations, placing special emphasis in safeguarding a prosperous future for the leaders of tomorrow.\nTo review program eligibility criteria, and to learn more about how interested small business owners can apply, please visit http://www.continentalbank.com/grow\nAbout Continental National Bank\nContinental National Bank is a full-service community bank established in 1974 in Miami as the first Cuban-American-chartered national bank in the United States, serving its customers for 40 years. With six branches conveniently located throughout Miami-Dade County, and with more than $400 million in assets, Continental National Bank was awarded the five-star “superior” rating by BauerFinancial and also has been rated “Outstanding” in their Community Reinvestment Act evaluation by their regulatory agency. The Bank offers a full range of financial products and services for retail, business and institutional clients.To learn more, please visit https://www.continentalbank.com and follow us via http://www.facebook.com/continentalnationalbank, and http://www.twitter.com/cnbmia.\n //www.prweb.com/releases/ContinentalNationalBank/GROWEntrepreneurship/prweb13021164.htm\n ", "external_links": ["https://www.continentalbank.com/", "https://www.continentalbank.com/grow", "http://www.facebook.com/continentalnationalbank,", "http://www.twitter.com/cnbmia", "http://www.twitter.com/cnbmia.", "http://www.continentalbank.com/grow", "http://www.facebook.com/continentalnationalbank", "http://www.prweb.com/releases/ContinentalNationalBank/GROWEntrepreneurship/prweb13021164.htm"], "published": "2015-10-14T04:02:00.000+03:00", "crawled": "2015-10-14T06:25:29.186+03:00", "highlightTitle": ""}