{"organizations": ["Finance and Development Planning", "Ministry of Finance and Development Planning", "Senate", "Millennium Challenge Corporation", "Joint Committee on Ways", "House of Representatives", "House"], "uuid": "8c5fe2e7efcc00603a6892aad290e5001202f53d", "thread": {"social": {"gplus": {"shares": 0}, "pinterest": {"shares": 0}, "vk": {"shares": 0}, "linkedin": {"shares": 0}, "facebook": {"likes": 0, "shares": 0, "comments": 0}, "stumbledupon": {"shares": 0}}, "site_full": "allafrica.com", "main_image": "http://allafrica.com/static/images/structure/aa-logo-rgba-no-text-128x128.png", "site_section": "http://allafrica.com/tools/headlines/rdf/business/headlines.rdf", "section_title": "AllAfrica News: Economy, Business and Finance", "url": "http://allafrica.com/stories/201510161313.html", "country": "US", "title": "Liberia: U.S.$256.7 Million Grant Passed Through Capitol Hill", "performance_score": 0, "site": "allafrica.com", "participants_count": 0, "title_full": "Liberia: U.S.$256.7 Million Grant Passed Through Capitol Hill", "spam_score": 0.0, "site_type": "news", "published": "2015-10-16T14:23:00.000+03:00", "replies_count": 0, "uuid": "8c5fe2e7efcc00603a6892aad290e5001202f53d"}, "author": "", "url": "http://allafrica.com/stories/201510161313.html", "ord_in_thread": 0, "title": "Liberia: U.S.$256.7 Million Grant Passed Through Capitol Hill", "locations": ["Liberia", "Nigeria", "U.S.", "United States of America"], "entities": {"persons": [], "locations": [], "organizations": []}, "highlightText": "", "language": "english", "persons": ["Gyude Moore", "Samuel D. Tweah", "Numennie Bartekwai", "Leroy M. Sonpon", "Patrick Sendolo", "Ellen Johnson", "James Kollie"], "text": "Nigeria: Ebola Survives in Semen for Nine Months, Says Study By Leroy M. Sonpon, III The House of Representatives has concurred with the Senate to ratify the agreement on the US$256.7 million grant agreement, which aimed to provide more reliable and affordable electricity and improve routine and periodic road maintenance. Members of the House of Representatives unanimously made the crucial decision yesterday to mark the 'successful' passing of the US$256.7 million Grant, which now awaits the approval of President Ellen Johnson to be printed into handball as a law. The House's action was prompted by a communication from the Senate - forwarding for concurrence Senate's engrossed Bills No: 9, 10 and 11. The bills included an \"Act to ratify the Millennium Challenge Compact (MCC) between the Republic of Liberia acting through the Ministry of Finance and Development Planning, and the United States of America acting through the Millennium Challenge Corporation;\" \"Act to ratify the Program Implementation Agreement between Liberia acting through the Ministry of Finance and Development Planning and the United States of America acting through the Millennium Challenge Corporation;\" and \"An Act to establish the Millennium Challenge Account Liberia.\" Grand Kru County Representative Numennie Bartekwai, who made the motion, said the grant agreement and the bills needed passage by the Joint Committee on Ways, Means, Finance and Development Planning have had a thorough public hearing. The hearing brought to the fore Samuel D. Tweah, Senior Economist - MCC Compact team; Lands, Mines and Energy Minister Patrick Sendolo; Public Works Minister Gyude Moore, and the Acting Minister of Finance and Development Planning, Dr. James Kollie, amongst others. All of the panelists recommended that the bill, if passed, would be an advantage to Liberians and the country. They also said MCC Account will manage the administrative, technical and financial operations of the agreement between the two countries. The concurrence of the \"acts\" is in line with Article 29 of the Constitution, which states: \"The legislative power of the Republic shall be vested in the Legislature of Liberia which shall consist of two separate houses: A Senate and a House of Representatives, both of which must pass on all legislation. The enacting style shall be: \"It is enacted by the Senate and House of Representatives of Liberia in Legislature assembled.\" Liberia qualified for the Compact after it improved performance on its score card in 2015. Liberia \nThe Liberia National Soccer Team or Lone Star, on Tuesday, October 13, 2015, defeated Guinea Bissau 3-1 in the first … see more » Copyright © 2015 Liberian Observer. All rights reserved. Distributed by AllAfrica Global Media ( allAfrica.com ). To contact the copyright holder directly for corrections — or for permission to republish or make other authorized use of this material, click here. AllAfrica publishes around 1,700 reports a day from more than 140 news organizations and over 500 other institutions and individuals , representing a diversity of positions on every topic. We publish news and views ranging from vigorous opponents of governments to government publications and spokespersons. Publishers named above each report are responsible for their own content, which AllAfrica does not have the legal right to edit or correct. Articles and commentaries that identify allAfrica.com as the publisher are produced or commissioned by AllAfrica . To address comments or complaints, please Contact us .", "external_links": [], "published": "2015-10-16T14:23:00.000+03:00", "crawled": "2015-10-16T17:51:29.044+03:00", "highlightTitle": ""}