{"organizations": [], "uuid": "e795d54a8e00c6de3bfdd67eab517f8658c025aa", "thread": {"social": {"gplus": {"shares": 0}, "pinterest": {"shares": 0}, "vk": {"shares": 0}, "linkedin": {"shares": 0}, "facebook": {"likes": 0, "shares": 0, "comments": 0}, "stumbledupon": {"shares": 0}}, "site_full": "www.bloomberg.com", "main_image": "", "site_section": "http://www.bloomberg.com/personal-finance", "section_title": "Personal-finance - Bloomberg Business", "url": "http://www.bloomberg.com/news/articles/2015-10-12/dell-borrowing-50-billion-for-emc-seen-as-manageable-by-raters", "country": "US", "title": "Dell Borrowing $50 Billion for EMC Seen as Manageable by Raters", "performance_score": 2, "site": "bloomberg.com", "participants_count": 1, "title_full": "Dell Borrowing $50 Billion for EMC Seen as Manageable by Raters - Bloomberg Business", "spam_score": 0.0, "site_type": "news", "published": "2015-10-13T02:50:00.000+03:00", "replies_count": 0, "uuid": "e795d54a8e00c6de3bfdd67eab517f8658c025aa"}, "author": "Bloomberg.com", "url": "http://www.bloomberg.com/news/articles/2015-10-12/dell-borrowing-50-billion-for-emc-seen-as-manageable-by-raters", "ord_in_thread": 0, "title": "Dell Borrowing $50 Billion for EMC Seen as Manageable by Raters", "locations": [], "entities": {"persons": [], "locations": [], "organizations": []}, "highlightText": "", "language": "english", "persons": [], "text": "Michael Dell is convincing credit raters that his company will have little problem shouldering the almost $50 billion of debt it plans to issue to buy EMC Corp.\nStandard & Poor’s affirmed Dell Inc.’s BB+ rating, leaving the personal-computer maker right on the cusp of investment-grade. Moody’s Investors Service, which grades Dell one level below S&P’s rating, said it may even boost its grade because the increased scale from buying EMC enhances Dell’s credit profile.\nMoody’s estimates that the combined companies will generate $5.5 billion of free cash flow in 2017 that will help reduce borrowings to less than four times a measure of its earnings by the end of that year.\nThe chief executive officer of the merged companies will be Michael Dell, who founded Dell and took it private for about $25 billion two years ago. As part of the $67 billion agreement announced Monday, Dell will also contribute about $3 billion in equity and Silver Lake will put in about $1 billion, according to people with knowledge of the matter.\nThe new financing is expected to be a mix of investment grade and speculative grade debt, another person said.\n“A key driver for the review for upgrade is Michael Dell’s commitment to rapidly de-lever,\" Moody’s analysts led by Stephen Sohn wrote in the report on Monday.\nS&P expects that Dell will be able to reduce its debt to around three times a measure of earnings one year after the transaction closes.\nThe deal is expected to close by next October, according to a joint-company\nstatement Monday on the buyout.\n“The combined entity will have a much better risk profile,” David Tsui, an analyst at S&P, said in an interview.", "external_links": [], "published": "2015-10-13T02:50:00.000+03:00", "crawled": "2015-10-12T22:11:34.499+03:00", "highlightTitle": ""}