{"organizations": [], "uuid": "0fa9fc68dd25ad1ee29f57c5629b3d91e078e82b", "thread": {"social": {"gplus": {"shares": 0}, "pinterest": {"shares": 0}, "vk": {"shares": 0}, "linkedin": {"shares": 0}, "facebook": {"likes": 0, "shares": 0, "comments": 0}, "stumbledupon": {"shares": 0}}, "site_full": "uk.finance.yahoo.com", "main_image": "https://s1.yimg.com/bt/api/res/1.2/M7vS95b2fvSzHFeFStPk0A--/YXBwaWQ9eW5ld3NfbGVnbztxPTc1O3c9NjAw/http://l.yimg.com/os/mit/media/m/social/images/social_default_logo-1481777.png", "site_section": "https://uk.finance.yahoo.com/news/provider-businesswire/?format=rss", "section_title": "Finance News | Business Wire - Yahoo! UK & Ireland Finance", "url": "https://uk.finance.yahoo.com/news/form-8-3-synergy-health-151800378.html", "country": "GB", "title": "Form 8.3 - Synergy Health Plc", "performance_score": 0, "site": "yahoo.com", "participants_count": 0, "title_full": "Form 8.3 - Synergy Health Plc", "spam_score": 0.0, "site_type": "news", "published": "2015-10-26T17:18:00.000+02:00", "replies_count": 0, "uuid": "0fa9fc68dd25ad1ee29f57c5629b3d91e078e82b"}, "author": "", "url": "https://uk.finance.yahoo.com/news/form-8-3-synergy-health-151800378.html", "ord_in_thread": 0, "title": "Form 8.3 - Synergy Health Plc", "locations": [], "entities": {"persons": [], "locations": [], "organizations": []}, "highlightText": "", "language": "english", "persons": [], "text": "PUBLIC OPENING POSITION DISCLOSURE/DEALING DISCLOSURE BY A PERSON WITH INTERESTS IN RELEVANT SECURITIES REPRESENTING 1% OR MORE Rule 8.3 of the Takeover Code (the “Code”) \n1. KEY INFORMATION (a) Full name of discloser: Millennium International Management LP (b) Owner or controller of interests and short positions disclosed, if different from 1(a): The naming of nominee or vehicle companies is insufficient. For a trust, the trustee(s), settlor and beneficiaries must be named. (c) Name of offeror/offeree in relation to whose relevant securities this form relates: Use a separate form for each offeror/offeree Synergy Health Plc (d) If an exempt fund manager connected with an offeror/offeree, state this and specify identity of offeror/offeree: (e) Date position held/dealing undertaken: For an opening position disclosure, state the latest practicable date prior to the disclosure 23 October 2015 (f) In addition to the company in 1(c) above, is the discloser making disclosures in respect of any other party to the offer? If it is a cash offer or possible cash offer, state “N/A” Steris Corporation \n2. POSITIONS OF THE PERSON MAKING THE DISCLOSURE \nIf there are positions or rights to subscribe to disclose in more than one class of relevant securities of the offeror or offeree named in 1(c), copy table 2(a) or (b) (as appropriate) for each additional class of relevant security. \n(a) Interests and short positions in the relevant securities of the offeror or offeree to which the disclosure relates following the dealing (if any) Class of relevant security: (1) Relevant securities owned and/or controlled: (3) Stock-settled derivatives (including options) and agreements to purchase/sell: 0.101 \nAll interests and all short positions should be disclosed. \nDetails of any open stock-settled derivative positions (including traded options), or agreements to purchase or sell relevant securities, should be given on a Supplemental Form 8 (Open Positions). \n(b) Rights to subscribe for new securities (including directors’ and other employee options) Class of relevant security in relation to which subscription right exists: Details, including nature of the rights concerned and relevant percentages: \n3. DEALINGS (IF ANY) BY THE PERSON MAKING THE DISCLOSURE \nWhere there have been dealings in more than one class of relevant securities of the offeror or offeree named in 1(c), copy table 3(a), (b), (c) or (d) (as appropriate) for each additional class of relevant security dealt in. \nThe currency of all prices and other monetary amounts should be stated. \n(a) Purchases and sales e.g. opening/closing a long/short position, increasing/reducing a long/short position \n(c) Stock-settled derivative transactions (including options) \n(i) Writing, selling, purchasing or varying Class of relevant security Product description e.g. call option Writing, purchasing, selling, varying etc. Number of securities to which option relates Option money paid/ received per unit \n(ii) Exercise \n(d) Other dealings (including subscribing for new securities) Class of relevant security Price per unit (if applicable) \n4. OTHER INFORMATION \n(a) Indemnity and other dealing arrangements Details of any indemnity or option arrangement, or any agreement or understanding, formal or informal, relating to relevant securities which may be an inducement to deal or refrain from dealing entered into by the person making the disclosure and any party to the offer or any person acting in concert with a party to the offer: Irrevocable commitments and letters of intent should not be included. If there are no such agreements, arrangements or understandings, state “none” NONE \n(b) Agreements, arrangements or understandings relating to options or derivatives Details of any agreement, arrangement or understanding, formal or informal, between the person making the disclosure and any other person relating to: (i) the voting rights of any relevant securities under any option; or (ii) the voting rights or future acquisition or disposal of any relevant securities to which any derivative is referenced: If there are no such agreements, arrangements or understandings, state “none” NONE Is a Supplemental Form 8 (Open Positions) attached?", "external_links": [], "published": "2015-10-26T17:18:00.000+02:00", "crawled": "2015-10-26T17:46:18.124+02:00", "highlightTitle": ""}