{"organizations": [], "uuid": "19307b8e43ecee36676318171b82bee4fa6355fe", "thread": {"social": {"gplus": {"shares": 0}, "pinterest": {"shares": 0}, "vk": {"shares": 0}, "linkedin": {"shares": 0}, "facebook": {"likes": 0, "shares": 0, "comments": 0}, "stumbledupon": {"shares": 0}}, "site_full": "www.canberratimes.com.au", "main_image": "http://www.canberratimes.com.au/content/dam/images/1/0/f/l/7/k/image.related.articleLeadwide.620x349.gjz8tt.png/1443684192400.jpg", "site_section": "http://www.canberratimes.com.au/business", "section_title": "Business News, Economy, Finance &amp; ASX Market News", "url": "http://www.canberratimes.com.au/business/kkrswoop-on-oz-minerals-signals-oversold-valuations-20151001-gjz8tt.html", "country": "AU", "title": "KKR'swoop on Oz Minerals signals oversold valuations", "performance_score": 0, "site": "canberratimes.com.au", "participants_count": 1, "title_full": "KKR'swoop on Oz Minerals signals oversold valuations", "spam_score": 0.0, "site_type": "news", "published": "2015-10-01T15:23:00.000+03:00", "replies_count": 0, "uuid": "19307b8e43ecee36676318171b82bee4fa6355fe"}, "author": "Brian Robins", "url": "http://www.canberratimes.com.au/business/kkrswoop-on-oz-minerals-signals-oversold-valuations-20151001-gjz8tt.html", "ord_in_thread": 0, "title": "KKR'swoop on Oz Minerals signals oversold valuations", "locations": [], "entities": {"persons": [], "locations": [], "organizations": []}, "highlightText": "", "language": "english", "persons": [], "text": "Oz Minerals will be seeking to meet KKR officials as soon as possible to clarify their intentions. Photo:\nBear market valuations of miners have been highlighted as US investor Kohlberg Kravis Roberts snapped up a 10 per cent stake in Oz Minerals Thursday, as the investor doubled its stake in the company which prompted a near-20 per cent surge in the target's share price.\nOz Minerals is seeking to meet KKR officials as soon as possible to clarify their intentions towards the miner.\nKKR is believed to have picked up a block of 14.75 million Oz Minerals shares which were traded Thursday at $3.60. Prior to those purchases, it is understood KKR held about a 5 per cent stake in Oz Minerals.\nOz Minerals shares surged on the KKR purchase to close up 19 per cent at $3.95, just off the day's high of $4.\nAdvertisement \"We think that Oz Minerals is a good company that was undervalued in the public markets when we made our investment,\" KKR said in a statement. \"We thought it was a good time to accumulate exposure to Oz Minerals shares given the environment. We went out seeking an interest in 10 per cent of the stock at a certain price and were successful in doing so.\"\nThe purchase by KKR comes hard on the heels of the collapse in the share price of Swiss miner and commodity group Glencore, which is labouring under a heavy debt burden, forcing it to sell assets. It also comes amid heightened analyst focus on oversold miners which represent value for longer-term investors.\n\"The market has been waiting for a catalyst like this to come along,\" Bell Potter analyst David Coates said. \"Private equity has been sitting on the sidelines and KKR buying in has been the catalyst the market has been waiting for.\"\nEven with the surge in the Oz Minerals share price Wednesday, Bell Potter's Coates said its shares still represent \"good buying\" and he has a $4.55 target price, which is well short of the $5 pencilled in by analysts with Morgan Stanley and GMP Securities.\nMid-tier miners such as Sandfire Resources and Western Areas with no or negligible debt, strong management and low cost operations are also worth looking at, analysts said. Shares in Sandfire rose 7.6 per cent Thursday to $5.80 with Western Areas closing ahead 5.6 per cent at $2.27.\nEven though the price of copper has fallen sharply over the past year in US dollar terms, in Australian dollar terms, it has been stable at around $330 a pound. And, with an estimated 80 per cent of Oz Minerals' costs denominated in the local currency this gives earnings an automatic hedge to the rise in the US dollar.\nAdditionally, Oz Minerals is assessing prospects for the proposed Carapateena​ expansion, using technology which will lift recoveries and reduce impurities. The final decision on this expansion is due within six months, with optimism it will pursue a cheaper development targeting a higher grade portion of the deposit which would have a faster payback.\nMid-year, when Oz Minerals ruled off its accounts for the June half, it had $409 million in cash on its balance sheet, up from $218 million six months earlier, with no debt.", "external_links": [], "published": "2015-10-01T15:23:00.000+03:00", "crawled": "2015-10-01T16:45:54.841+03:00", "highlightTitle": ""}