{"organizations": ["RezNext Global Solutions"], "uuid": "845daef0ef24a9c0fb0bfd68564962905c2a48e2", "thread": {"social": {"gplus": {"shares": 0}, "pinterest": {"shares": 0}, "vk": {"shares": 0}, "linkedin": {"shares": 0}, "facebook": {"likes": 0, "shares": 0, "comments": 0}, "stumbledupon": {"shares": 0}}, "site_full": "businesswireindia.com", "main_image": "", "site_section": "http://businesswireindia.com/RSSFeeds/cat-business-finance.xml", "section_title": "BusinessWire India.com - Business/ Finance", "url": "http://businesswireindia.com/news/news-details/reznext-global-solutions-repufact-announce-partnership/45678", "country": "US", "title": "RezNext Global Solutions and RepuFact Announce Partnership", "performance_score": 0, "site": "businesswireindia.com", "participants_count": 0, "title_full": "RezNext Global Solutions and RepuFact Announce Partnership", "spam_score": 0.0, "site_type": "news", "published": "2015-10-14T08:38:00.000+03:00", "replies_count": 0, "uuid": "845daef0ef24a9c0fb0bfd68564962905c2a48e2"}, "author": "", "url": "http://businesswireindia.com/news/news-details/reznext-global-solutions-repufact-announce-partnership/45678", "ord_in_thread": 0, "title": "RezNext Global Solutions and RepuFact Announce Partnership", "locations": ["Bangalore", "Karnataka", "India"], "entities": {"persons": [], "locations": [], "organizations": []}, "highlightText": "", "language": "english", "persons": [], "text": "Wednesday, October 14, 2015 11:08AM IST (5:38AM GMT) RezNext Global Solutions and RepuFact Announce Partnership Integrated offering to provide 360 degree analysis of guest reviews and competitor performance Bangalore, Karnataka, India \nRezNext, the world’s only true real-time enterprise distribution technology and profit management company, has announced its partnership with RepuFact TM , a business division under Good Hotel Network, providing guest intelligence and analytics based on online reviews. RezNext’s hotel network will now have access to smart analytics on guest feedback and can dissect the data into KPIs by source, sentiment, geography, demography and assign them to specific departments to act on. The RepuFact dashboard will be integrated with the RezNext Distribution Intelligence Application, allowing customers to monitor, track and respond to guest reviews from one single application, while using the performance indicators to improve internal operations. According to Mike Kistner, Chief Executive Officer, RezNext Global Solutions, “The RezNext product strategy also focusses on best-of-breed partnerships that can add value to our integrated distribution offering. We see great synergies with RepuFact in providing our hotel customers actionable intelligence across their distribution function. Our offerings will be well integrated to provide hoteliers a single version of truth across their guest booking patterns, pricing, service levels, competition trends and marketing intelligence.” Several leading hotels like The Fern Hotels and Resorts, Sun n Sand Hotels, Keys Hotels and Resorts, Spree Hospitality, The Lalit Group and Staywell Hospitality have signed up for RepuFact and are seeing visible performance improvements in their operations. According to Ameet Wagh, Head - Sales and Marketing, Sun n Sand Hotels, “I am really pleased with the competition analysis that RepuFact has to offer. I can now plan my strategy not just looking at my strengths, but also after figuring out my competition's weaknesses.” Headquartered in Bangalore, RepuFact aspires to become the world’s best guest analytics company for the hospitality industry.“We are excited about our partnership with RezNext. We believe our strong combined offering will help hoteliers leverage rich data analytics for improved profitability. This partnership is an important milestone for us and will help us accelerate our market penetration efforts”, said Deepak Mavinkurve, Founder & CEO, RepuFact. With the integrated solution suite, hoteliers can evaluate their service levels as well as their competition’s, and use the intelligence to price their offering appropriately. It will also easily enable adoption of a dynamic pricing model. About RezNext RezNext is the world’s only true real-time enterprise distribution technology company and the preferred profit management partner for the hospitality industry. We empower hotels to adopt a distribution strategy that simplifies the complex global distribution environment and makes it understandable and manageable. Our distribution platform is integrated with revenue management, operating intelligence and powered with reputation management insights. At the core of our distribution offering is the real-time two-way connect between a hotel’s property management solution and thousands of electronic channels, helping hotels improve visibility, distribute effectively 24/7, and most importantly, drive revenues. For more information please visit: http://www.reznext.com/ About RepuFact RepuFact provides customer insights by analysing over 126 websites in 25+ languages with high level of accuracy, thus enabling a comprehensive reach to hoteliers across the globe from different regions. RepuFact not only collects and analyses customer reviews across voice, video and text, but also summarises the data under different review categories to provide hotels and properties a distinct ‘RepuFact’ score. For News Release background on RezNext click here Sindhu M, Senior Vice President, Marketing and Communications, RezNext Global Solutions, +91-9916122260, Sindhu.krishnan@reznext.com", "external_links": [], "published": "2015-10-14T08:38:00.000+03:00", "crawled": "2015-10-14T09:54:01.312+03:00", "highlightTitle": ""}