{"organizations": [], "uuid": "0a3c487762e14f0fba42ccc85f6dcd2d6506c0fa", "thread": {"social": {"gplus": {"shares": 0}, "pinterest": {"shares": 0}, "vk": {"shares": 0}, "linkedin": {"shares": 0}, "facebook": {"likes": 0, "shares": 0, "comments": 0}, "stumbledupon": {"shares": 0}}, "site_full": "www.wsj.com", "main_image": "http://si.wsj.net/public/resources/images/BN-JY489_deutsc_G_20150821114941.jpg", "site_section": "http://www.wsj.com/public/page/news-wall-street.html", "section_title": "Wall Street - Deals &amp; Finance - Wsj.com", "url": "http://www.wsj.com/articles/deutsche-bank-to-pay-2-5-million-penalty-over-swaps-reporting-1443641289", "country": "", "title": "Deutsche Bank to Pay $2.5 Million Penalty Over Swaps Reporting", "performance_score": 0, "site": "wsj.com", "participants_count": 1, "title_full": "Deutsche Bank to Pay $2.5 Million Penalty Over Swaps Reporting - WSJ", "spam_score": 0.0, "site_type": "news", "published": "2015-09-30T23:28:00.000+03:00", "replies_count": 0, "uuid": "0a3c487762e14f0fba42ccc85f6dcd2d6506c0fa"}, "author": "Tess Stynes", "url": "http://www.wsj.com/articles/deutsche-bank-to-pay-2-5-million-penalty-over-swaps-reporting-1443641289", "ord_in_thread": 0, "title": "Deutsche Bank to Pay $2.5 Million Penalty Over Swaps Reporting", "locations": [], "entities": {"persons": [], "locations": [], "organizations": []}, "highlightText": "", "language": "english", "persons": [], "text": "The U.S. Commodity Futures Trading Commission said it ordered Deutsche Bank AG to pay a $2.5 million civil penalty to settle claims the bank failed to properly report swaps transactions between January 2013 and July of this year.\nThe CFTC said Deutsche Bank didn’t diligently address and correct the reporting errors until the bank was notified of the CFTC’s investigation, and failed to have an adequate swaps supervisory system... ", "external_links": [], "published": "2015-09-30T23:28:00.000+03:00", "crawled": "2015-10-01T00:01:32.831+03:00", "highlightTitle": ""}