{"organizations": ["M&S"], "uuid": "4b92fa1000887a5bc3357f0eb53e733548784765", "thread": {"social": {"gplus": {"shares": 0}, "pinterest": {"shares": 0}, "vk": {"shares": 0}, "linkedin": {"shares": 0}, "facebook": {"likes": 0, "shares": 0, "comments": 0}, "stumbledupon": {"shares": 0}}, "site_full": "uk.finance.yahoo.com", "main_image": "https://s1.yimg.com/bt/api/res/1.2/wonbQn4xQg2bZJCSPW2RCA--/YXBwaWQ9eW5ld3NfbGVnbztpbD1wbGFuZTtxPTc1O3c9NjAw/http://globalfinance.zenfs.com/images/UK_AHTTP_SKYNEWS_LIVE_1/sparks-image-2-1-400x240_original.jpg", "site_section": "https://uk.finance.yahoo.com/news/topic-top-stories/?format=rss", "section_title": "Top stories from Yahoo! Finance UK", "url": "https://uk.finance.yahoo.com/news/m-launching-members-club-called-134702731.html", "country": "GB", "title": "M&S Launching 'Members' Club' Called Sparks", "performance_score": 0, "site": "yahoo.com", "participants_count": 0, "title_full": "M&S Launching 'Members' Club' Called Sparks", "spam_score": 0.0, "site_type": "news", "published": "2015-10-15T17:03:00.000+03:00", "replies_count": 0, "uuid": "4b92fa1000887a5bc3357f0eb53e733548784765"}, "author": "", "url": "https://uk.finance.yahoo.com/news/m-launching-members-club-called-134702731.html", "ord_in_thread": 0, "title": "M&S Launching 'Members' Club' Called Sparks", "locations": [], "entities": {"persons": [], "locations": [], "organizations": []}, "highlightText": "", "language": "english", "persons": [], "text": "Tip : Use comma (,) to separate multiple quotes. Learn more... \nThu, Oct 15, 2015, 15:19 BST - UK Markets close in 1 hr 11 mins M&S Launching 'Members' Club' Called Sparks By (c) Sky News 2015 | Sky News – 15 minutes ago View Photo \n\nMarks & Spencer (Other OTC: MAKSF - news ) is launching a \"members' club\" in a move aimed at connecting with its customers amid tough competition online and on the high street. \nThe retailer, which is struggling to grow sales in its homewares and fashion business, said it used customer feedback from a trial in Wales and western England to design Sparks. \nIt (Other OTC: ITGL - news ) said benefits to be gained through the mobile app would include tailor-made discounts and priority access to new ranges. \nMembers would be able to earn 'Sparks' through their purchases and by completing product reviews, M&S said. \nPatrick Bousquet-Chavanne, the company's executive director, said: \"It’s a two way relationship; members tell us what they enjoy, select their own tailored offers and are rewarded for sharing their views.\" \nHe added: \"Now (NYSE: DNOW - news ) is the right time for M&S; thanks to our infrastructure investment and the breadth and depth of our product offer, we can deliver a club that sees us collaborate with our members to build a better M&S together.\" \nThe move follows some progress in the company's turnaround efforts but it has often been accused of failing to listen to its customer base. \nIn May, it announced its first increase in annual profits since Marc Bolland took over as chief executive four years ago. \nWhile its food offering has gone from strength to strength, M&S has struggled to grow general merchandise sales - particularly in female fashion. \nSophie McCarthy, retail analyst at research firm Conlumino, told Sky News the scheme risked being too complicated. \nShe (Munich: SOQ.MU - news ) said: \"'The launch of Sparks at Marks & Spencer has the potential ...to win back customers who deserted it over the last few years, as well as attract new ones, due to its uniqueness in the market. \n\"Considerable investment has been made by M&S in developing a digital infrastructure that produces exclusive offers and deals for each customer that are unlocked based on points earned through engagement - but is this what the consumer wants? \n\"Much has been made in the wider market over the last 12 months about simplifying pricing, reducing the amount of promotions run and generally offering transparent pricing structures, yet M&S' Sparks scheme bucks this trend.\" \nShe added: \"Sparks will provide M&S with a wealth of data on its customers and could lead to insight into why the foods division of its business has been so successful, whilst its clothing offered has struggled considerably.\"", "external_links": [], "published": "2015-10-15T17:03:00.000+03:00", "crawled": "2015-10-15T17:22:40.296+03:00", "highlightTitle": ""}