{"organizations": [], "uuid": "5517edfa09deac716bd86f724149ec3c9d1a6cdc", "thread": {"social": {"gplus": {"shares": 0}, "pinterest": {"shares": 0}, "vk": {"shares": 0}, "linkedin": {"shares": 0}, "facebook": {"likes": 0, "shares": 0, "comments": 0}, "stumbledupon": {"shares": 0}}, "site_full": "www.wsj.com", "main_image": "http://si.wsj.net/public/resources/images/BN-KU542_1016ap_G_20151016190146.jpg", "site_section": "http://www.wsj.com/news/business", "section_title": "Business &amp; Finance News - Wall Street Journal", "url": "http://www.wsj.com/articles/apple-ordered-to-pay-234-million-in-patent-lawsuit-1445038219", "country": "US", "title": "Apple Ordered to Pay $234 Million in Patent Lawsuit", "performance_score": 2, "site": "wsj.com", "participants_count": 1, "title_full": "Apple Ordered to Pay $234 Million in Patent Lawsuit - WSJ", "spam_score": 0.0, "site_type": "news", "published": "2015-10-17T03:30:00.000+03:00", "replies_count": 0, "uuid": "5517edfa09deac716bd86f724149ec3c9d1a6cdc"}, "author": "Jack Nicas", "url": "http://www.wsj.com/articles/apple-ordered-to-pay-234-million-in-patent-lawsuit-1445038219", "ord_in_thread": 0, "title": "Apple Ordered to Pay $234 Million in Patent Lawsuit", "locations": [], "entities": {"persons": [], "locations": [], "organizations": []}, "highlightText": "", "language": "english", "persons": [], "text": "A federal jury ordered Apple Inc. to pay the University of Wisconsin $234 million for illegally using some of the university’s technology in processors that power some iPhones and iPads, ending one of two lawsuits the university is pursuing against the technology firm.\nEarlier this week, the jury in U.S. District Court in Madison, Wis., ruled that the university’s 1998 patent on improving processor efficiency was valid and that Apple... ", "external_links": [], "published": "2015-10-17T03:30:00.000+03:00", "crawled": "2015-10-17T02:56:40.316+03:00", "highlightTitle": ""}