{"organizations": ["Business Assurance in Financial Services"], "uuid": "f6abc9522d1854f8ade623e9b147e90c736ba835", "thread": {"social": {"gplus": {"shares": 0}, "pinterest": {"shares": 0}, "vk": {"shares": 0}, "linkedin": {"shares": 0}, "facebook": {"likes": 0, "shares": 0, "comments": 0}, "stumbledupon": {"shares": 0}}, "site_full": "raffimax.tradepub.com", "main_image": "http://img.tradepub.com/free/w_sunt10/images/w_sunt10c8w.jpg", "site_section": "http://cts.tradepub.com/cts4/?ptnr=raffimax&tm=rss_Fi", "section_title": "Free Finance Magazines and Downloads from raffimax.tradepub.com", "url": "http://raffimax.tradepub.com/c/pubRD.mpl?sr=rss&_t=rss&qf=w_sunt10", "country": "US", "title": "Revenue Management and Business Assurance in Financial Services: Critical Performance Drivers in a Changing Environment", "performance_score": 0, "site": "tradepub.com", "participants_count": 0, "title_full": "Revenue Management and Business Assurance in Financial Services: Critical Performance Drivers in a Changing Environment", "spam_score": 0.0, "site_type": "news", "published": "2015-10-15T10:00:00.000+03:00", "replies_count": 0, "uuid": "f6abc9522d1854f8ade623e9b147e90c736ba835"}, "author": "", "url": "http://raffimax.tradepub.com/c/pubRD.mpl?sr=rss&_t=rss&qf=w_sunt10", "ord_in_thread": 0, "title": "Revenue Management and Business Assurance in Financial Services: Critical Performance Drivers in a Changing Environment", "locations": [], "entities": {"persons": [], "locations": [], "organizations": []}, "highlightText": "", "language": "english", "persons": [], "text": "Valid email address is required to fulfill your request. Complete and verifiable information is required in order to receive this offer. Verify Your Email Address \nWe require that you verify your email address prior to updating your account. Simply click on the button below and we'll send a quick note to your primary email address () confirming this request. \nAfter you've verified your email address, you can review and edit your account. Verify This Email Address  ", "external_links": [], "published": "2015-10-15T10:00:00.000+03:00", "crawled": "2015-10-16T12:57:38.368+03:00", "highlightTitle": ""}