{"organizations": [], "uuid": "62cdbdf00d593b720ccbbca120729cf1984d1189", "thread": {"social": {"gplus": {"shares": 0}, "pinterest": {"shares": 0}, "vk": {"shares": 0}, "linkedin": {"shares": 0}, "facebook": {"likes": 0, "shares": 0, "comments": 0}, "stumbledupon": {"shares": 0}}, "site_full": "www.prbuzz.com", "main_image": "", "site_section": "https://www.prbuzz.com/personal-finance.html", "section_title": "Personal Finance", "url": "https://www.prbuzz.com/personal-finance/351964-rentpaidonline-releases-an-api-integration-with-mri-software-1.html", "country": "US", "title": "RentPaidOnline® Releases an API Integration with MRI Software", "performance_score": 0, "site": "prbuzz.com", "participants_count": 1, "title_full": "RentPaidOnline® Releases an API Integration with MRI Software", "spam_score": 0.0, "site_type": "news", "published": "2015-10-16T03:00:00.000+03:00", "replies_count": 0, "uuid": "62cdbdf00d593b720ccbbca120729cf1984d1189"}, "author": "prbuzz.com", "url": "https://www.prbuzz.com/personal-finance/351964-rentpaidonline-releases-an-api-integration-with-mri-software-1.html", "ord_in_thread": 0, "title": "RentPaidOnline® Releases an API Integration with MRI Software", "locations": [], "entities": {"persons": [], "locations": [], "organizations": []}, "highlightText": "", "language": "english", "persons": [], "text": "RentPaidOnline® is excited to announce it has completed its integration to MRI Software’s new API, increasing functionality and ease-of use for their shared clients. “This integration greatly simplifies the transfer of critical, time-sensitive data between RentPaidOnline® and MRI Software’s customers,” said Steven Foster, EVP, General Manager of RentPaidOnline®.\nRentPaidOnline® is one of the first to complete this level of integration with MRI Software and incorporates its comprehensive rent payment options, which in addition to eCheck and Credit Card payments, includes RentByCash® PayByText®, and AutoPay.”\nBrett Moss, MRI’s Manger, Partner Connect said “MRI has been working closely with our partner, RentPaidOnline, to test an API integration between our solutions. MRI is excited to announce that RentPaidOnline has completed testing of that integration, and is in the process of deploying that integration with some of our mutual clients!\"\nRentPaidOnline® is part of EFX Financial Services, a payments processor with almost ten years of payments experience, serving a wide range of industries with Rent Payment, ACH, credit card, payroll and ATM processing solutions.\nMRI is a global organization with clients on five continents, offering business management software solutions to the global property management industries. As a leading provider of real estate enterprise software applications and hosted solutions, MRI serves the global multifamily and commercial property industries, helping them improve their bottom line and maximize their returns on their diverse business portfolios.\nContact:\nSteven Foster\nPhone: 904-599-2794\nEmail: This email address is being protected from spambots. You need JavaScript enabled to view it.", "external_links": [], "published": "2015-10-16T03:00:00.000+03:00", "crawled": "2015-10-16T18:23:51.702+03:00", "highlightTitle": ""}