{"organizations": [], "uuid": "78603debe40c1930ddcc22c4b5c1ef665ced99c8", "thread": {"social": {"gplus": {"shares": 0}, "pinterest": {"shares": 0}, "vk": {"shares": 0}, "linkedin": {"shares": 0}, "facebook": {"likes": 0, "shares": 0, "comments": 0}, "stumbledupon": {"shares": 0}}, "site_full": "finance-commerce.com", "main_image": "http://finance-commerce.com/files/2015/10/UrbanGrowler4x-200x200.jpg", "site_section": "http://finance-commerce.com//feed/", "section_title": "Finance & Commerce", "url": "http://finance-commerce.com/2015/10/st-pauls-urban-growler-has-a-new-landlord/", "country": "US", "title": "St. Paul’s Urban Growler has a new landlord", "performance_score": 0, "site": "finance-commerce.com", "participants_count": 1, "title_full": "St. Paul’s Urban Growler has a new landlord", "spam_score": 0.0, "site_type": "news", "published": "2015-10-26T14:00:00.000+02:00", "replies_count": 0, "uuid": "78603debe40c1930ddcc22c4b5c1ef665ced99c8"}, "author": "Hank Long", "url": "http://finance-commerce.com/2015/10/st-pauls-urban-growler-has-a-new-landlord/", "ord_in_thread": 0, "title": "St. Paul’s Urban Growler has a new landlord", "locations": [], "entities": {"persons": [], "locations": [], "organizations": []}, "highlightText": "", "language": "english", "persons": [], "text": "Apartment Sales Tracker Home / News / St. Paul’s Urban Growler has a new landlord The Urban Growler has called 2325 Endicott St. in St. Paul its home since its August 2014 opening. Longtime tenant Deneen Pottery purchased the century-old building this month. Staff photo: Bill Klotz St. Paul’s Urban Growler has a new landlord By: Hank Long Hank Long October 26, 2015 7:00 am 0 The new landlord is a family-run pottery business founded by Peter Deneen in 1972. User Name/E-mail: Password: \nEnter your user name and password in the fields above to gain access to the subscriber content on this site. \nYour subscription includes one set of login credentials for your exclusive use. Security features have been integrated on this site: If someone signs in with your credentials while you are logged in, the site will automatically close your ongoing login and you will lose access at that time. To inquire about group subscriptions for your organization, contact Disa McClellan . If you feel your login credentials are being used by a second party, contact customer service at 800-451-9998 for assistance in changing your password.\nAlready a paid subscriber but not registered for online access yet? For instructions on how to get premium web access, click here .", "external_links": [], "published": "2015-10-26T14:00:00.000+02:00", "crawled": "2015-10-26T18:04:48.525+02:00", "highlightTitle": ""}