{"organizations": ["OPEC"], "uuid": "dc5d7381f87d6b42f12ebe74114235adbac0c6d1", "thread": {"social": {"gplus": {"shares": 0}, "pinterest": {"shares": 0}, "vk": {"shares": 0}, "linkedin": {"shares": 0}, "facebook": {"likes": 0, "shares": 0, "comments": 0}, "stumbledupon": {"shares": 0}}, "site_full": "uk.finance.yahoo.com", "main_image": "https://s.yimg.com/bt/api/res/1.2/W2_NrxRVwNjISV6BECK.ng--/YXBwaWQ9eW5ld3NfbGVnbztpbD1wbGFuZTtxPTc1O3c9NjAw/http://globalfinance.zenfs.com/images/UK_AFTP_AFP_LIVE_1/c4d90a8793556569789e703646f48891be4b5435_original.jpg", "site_section": "https://uk.finance.yahoo.com/news/sector-basic-materials/?format=rss", "section_title": "Basic Resources News | Yahoo! Finance", "url": "https://uk.finance.yahoo.com/news/opec-sees-pressures-oil-price-131637027.html", "country": "US", "title": "OPEC sees pressures on oil price easing", "performance_score": 0, "site": "yahoo.com", "participants_count": 0, "title_full": "OPEC sees pressures on oil price easing", "spam_score": 0.0, "site_type": "news", "published": "2015-10-12T16:16:00.000+03:00", "replies_count": 0, "uuid": "dc5d7381f87d6b42f12ebe74114235adbac0c6d1"}, "author": "", "url": "https://uk.finance.yahoo.com/news/opec-sees-pressures-oil-price-131637027.html", "ord_in_thread": 0, "title": "OPEC sees pressures on oil price easing", "locations": [], "entities": {"persons": [], "locations": [], "organizations": []}, "highlightText": "", "language": "english", "persons": [], "text": "Tip : Use comma (,) to separate multiple quotes. Learn more... \nMon, Oct 12, 2015, 14:46 BST - UK Markets close in 1 hr 44 mins OPEC sees pressures on oil price easing AFP – 30 minutes ago View Photo \n\nMarket pressures that slashed the price of oil to below $50 per barrel appear to be easing, the OPEC oil cartel said Monday, tweaking upwards its 2015 forecast for crude demand. \n\"Fundamentals factors (of supply and demand) that have weighed on the market for more than a year have persisted, but are starting to show signs of alleviation,\" the Organization of Petroleum Exporting Countries said in its October monthly report. \nIt (Other OTC: ITGL - news ) hiked its forecast for global demand for oil this year to 92.86 million barrels per day (mbpd), up from 92.79 mbpd previously, rising to 94.11 mbpd in 2016, down 40,000 barrels per day from its last projection. \nOPEC also cut its forecast for oil production by non-members of the group, notably in the Americas, to 57.24 mbpd from 57.43 mbpd, predicting that it will dip to 57.11 mbpd next year. \nThis is partly a result of OPEC's strategy -- driven by kingpin Saudi Arabia -- of keeping production levels unchanged, despite the lower oil price, in order to preserve market share and make life difficult for US shale oil producers. \n\"While the increase in non-OPEC supply last year was more than twice that of global oil demand growth, this relationship is expected to flip this year before widening further in 2016 so that world oil demand growth exceeds the change in non-OPEC supply,\" OPEC said. \n\"This should reduce the excess supply in the market and lead to higher demand for OPEC crude.\" \nOil rose above $50 a barrel in New York on October 8, extending a rally since hitting six-year lows in late August. \nOn Monday both main contracts held close to that level, boosted by a weaker dollar and expectations that a rise in demand will ease a global supply glut. \nComments by OPEC secretary general Abdullah el-Badri at the weekend that the cartel sees a \"more balanced\" oil market next year also helped.", "external_links": [], "published": "2015-10-12T16:16:00.000+03:00", "crawled": "2015-10-12T16:47:33.838+03:00", "highlightTitle": ""}