{"organizations": [], "uuid": "f71015e2ddd57b7bf47344642f8c0a31ad51953a", "thread": {"social": {"gplus": {"shares": 0}, "pinterest": {"shares": 0}, "vk": {"shares": 0}, "linkedin": {"shares": 0}, "facebook": {"likes": 0, "shares": 0, "comments": 0}, "stumbledupon": {"shares": 0}}, "site_full": "www.forbes.com", "main_image": "http://specials-images.forbesimg.com/imageserve/562e4dfbe4b0ffa7afe64554/640x434.jpg?fit=scale&background=000000", "site_section": "http://www.forbes.com/finance/index.xml", "section_title": "Forbes - Personal Finance", "url": "http://www.forbes.com/pictures/fjfi45kdfl/vifarnaholme/", "country": "US", "title": "Vifarnaholme - In Photos: More Photos From My Week On Ideas Island - Forbes", "performance_score": 0, "site": "forbes.com", "participants_count": 1, "title_full": "Vifarnaholme - In Photos: More Photos From My Week On Ideas Island - Forbes", "spam_score": 0.0, "site_type": "news", "published": "2015-10-26T19:00:00.000+02:00", "replies_count": 0, "uuid": "f71015e2ddd57b7bf47344642f8c0a31ad51953a"}, "author": "Laura Shin", "url": "http://www.forbes.com/pictures/fjfi45kdfl/vifarnaholme/", "ord_in_thread": 0, "title": "Vifarnaholme - In Photos: More Photos From My Week On Ideas Island - Forbes", "locations": [], "entities": {"persons": [], "locations": [], "organizations": []}, "highlightText": "", "language": "english", "persons": [], "text": "More Photos From My Week On Ideas Island\nA view of the house from the big rock\nPhoto: (Laura Shin)", "external_links": [], "published": "2015-10-26T19:00:00.000+02:00", "crawled": "2015-10-26T20:15:48.570+02:00", "highlightTitle": ""}