{"organizations": ["SSE plc & SKY", "Centrica plc"], "uuid": "587e861186519dc52f34b237af9c93c7fb5cb129", "thread": {"social": {"gplus": {"shares": 0}, "pinterest": {"shares": 0}, "vk": {"shares": 0}, "linkedin": {"shares": 0}, "facebook": {"likes": 0, "shares": 0, "comments": 0}, "stumbledupon": {"shares": 0}}, "site_full": "uk.finance.yahoo.com", "main_image": "https://s1.yimg.com/bt/api/res/1.2/M7vS95b2fvSzHFeFStPk0A--/YXBwaWQ9eW5ld3NfbGVnbztxPTc1O3c9NjAw/http://l.yimg.com/os/mit/media/m/social/images/social_default_logo-1481777.png", "site_section": "https://uk.finance.yahoo.com/news/sector-utilities/?format=rss", "section_title": "Utilities News - Yahoo! Finance UK", "url": "https://uk.finance.yahoo.com/news/why-centrica-plc-sse-plc-084101794.html", "country": "GB", "title": "Why Centrica plc, SSE plc & SKY plc Will Benefit From The Longest Winter In 50 Years", "performance_score": 0, "site": "yahoo.com", "participants_count": 0, "title_full": "Why Centrica plc, SSE plc & SKY plc Will Benefit From The Longest Winter In 50 Years", "spam_score": 0.0, "site_type": "news", "published": "2015-10-19T11:41:00.000+03:00", "replies_count": 0, "uuid": "587e861186519dc52f34b237af9c93c7fb5cb129"}, "author": "", "url": "https://uk.finance.yahoo.com/news/why-centrica-plc-sse-plc-084101794.html", "ord_in_thread": 0, "title": "Why Centrica plc, SSE plc & SKY plc Will Benefit From The Longest Winter In 50 Years", "locations": [], "entities": {"persons": [], "locations": [], "organizations": []}, "highlightText": "", "language": "english", "persons": [], "text": "Tip : Use comma (,) to separate multiple quotes. Learn more... \nMon, Oct 19, 2015, 11:51 BST - UK Markets close in 4 hrs 39 mins Why Centrica plc, SSE plc & SKY plc Will Benefit From The Longest Winter In 50 Years By Dave Sullivan | Fool.co.uk – 2 hours 10 minutes ago +3.0000 \n\"Britain faces longest winter in 50 years after earliest ever arrival of Siberian swan\" \nLast week I saw the above headline in The Telegraph and across numerous other media formats throughout the week. Apparently, the UK is now facing its longest winter in 50 years after the first Bewick swan, which traditionally heralds the start of the season, arrived from Arctic Russia. \nAround 300 of our feathered friends migrate 2,500 miles to spend the winter at Simbridge Wildfowl and Wetlands Trust in order to escape the approaching cold weather that follows closely behind them, an event that has been recorded since 1963. \nThis year, the first bird arrived on 11 October -- 25 days earlier than last year and the earliest date on record. \nAs an investor, it can often pay to keep abreast of events such as these and seek out companies that stand to benefit. \nEnergy in focus \nIt is hardly surprising, then, that I'm drawn to Centrica (LSE: CNA) and SSE (LSE: SSE) as two potential candidates to profit from months of sub-zero temperatures, which will see customers turning up their heating in order to keep warm. Clearly, the more energy the company sells, the more money they make - this can be seen from the results of businesses, though it should be clear to investors that the opposite is also true, as underlying profits will fall should we see more mild weather going forward. \nIt doesn't take much internet searching to be reminded of the short and long-term challenges facing the industry, with constant regulatory pressure surrounding how cleanly the energy is produced, mixed with the huge capital outlay associated with this cleaner production. \nAdditionally, these are more than just energy supply businesses: both have many other moving parts to their respective operations, all of which should be factored into any investment decision. \nThat said, both shares currently look attractive, trading on forecast multiples of just over 13 times earnings and yielding a bank-busting 5%-plus dividend, which is expected to rise at least in line with inflation. With the sector under pressure currently, the shares could look cheap down here should the outlook improve following a short-term boost from a cold snap. \nMore cosy nights in? \nThe next theme that investors could play is the potential on offer from SKY (LSE: SKY). \nLet's face it, when the weather outside is bitter cold, there is nothing us Brits like to do more than turning the heating up and relaxing on the sofa with a warm brew and a good film. \nAnd, it seems, there are plenty of subscribers (old and new) willing to pay for their viewing pleasure. \nIn the full-year results announced in July, management hailed an excellent year of growth following investments made in content and innovation, which attracted record numbers to Sky and drove loyalty among existing customers to new highs - management noted that this had accelerated in Q4. \nInvestors, it seems, are happy to pay up for the optimistic outlook, with the shares currently around 17 times forecast earnings and expected to yield around 3.3%. That's not to be sniffed at and higher than the forecast median yield of all dividend payers according to data from Stockopedia. \nHowever, with the potential cold weather boost, the shares could well look cheap from here, leaving investors with a warm glow emanating from their portfolio. \nThis Fool's final thought \nAs we can see from the chart above, there has been a mixed performance from these three FTSE 100 constituents when compared to their benchmark. \nAnd though it is entirely conceivable that all three would benefit from a prolonged cold snap, I'm pretty sure that I hear similar stories every year - the results of these 'prophecies' are usually mixed at best. \nIn my view, investors should look to put their hard earned cash into businesses that can turn a profit whatever the weather. \nAnd on that note, I'd like to take the opportunity to present this special free report . Within, you'll find five shares that have broad global exposure, dominant market positions, as well as strong brands that should provide steady cash flows that long-term, disciplinned investors look for. \nTo receive ' The Fool's Five Shares To Retire On' , simply click here -- you won't be charged a penny or obligated in any way. Enjoy! \nDave Sullivan has no position in any shares mentioned. The Motley Fool UK has recommended Centrica and Sky. We Fools don't all hold the same opinions, but we all believe that considering a diverse range of insights makes us better investors.", "external_links": [], "published": "2015-10-19T11:41:00.000+03:00", "crawled": "2015-10-19T13:52:36.370+03:00", "highlightTitle": ""}