{"organizations": [], "uuid": "cf61cfc7f18b635653665fb130bbeaec3dfc6cc5", "thread": {"social": {"gplus": {"shares": 0}, "pinterest": {"shares": 0}, "vk": {"shares": 0}, "linkedin": {"shares": 0}, "facebook": {"likes": 0, "shares": 0, "comments": 0}, "stumbledupon": {"shares": 0}}, "site_full": "www.telegraph.co.uk", "main_image": "http://i.telegraph.co.uk/multimedia/archive/03473/SS16_fashion_week__3473208k.jpg", "site_section": "http://www.telegraph.co.uk/newsfeed/rss/money_city.xml", "section_title": "Finance - Business news and market updates - Telegraph", "url": "http://www.telegraph.co.uk/finance/markets/marketreport/11935732/Brokers-target-Burberry-after-sales-miss-first-half-targets.html", "country": "CH", "title": "Brokers target Burberry after sales miss first-half targets", "performance_score": 0, "site": "telegraph.co.uk", "participants_count": 1, "title_full": "Brokers target Burberry after sales miss first-half targets", "spam_score": 0.0, "site_type": "news", "published": "2015-10-16T13:54:00.000+03:00", "replies_count": 0, "uuid": "cf61cfc7f18b635653665fb130bbeaec3dfc6cc5"}, "author": "Tara Cunningham", "url": "http://www.telegraph.co.uk/finance/markets/marketreport/11935732/Brokers-target-Burberry-after-sales-miss-first-half-targets.html", "ord_in_thread": 0, "title": "Brokers target Burberry after sales miss first-half targets", "locations": [], "entities": {"persons": [], "locations": [], "organizations": []}, "highlightText": "", "language": "english", "persons": [], "text": "Market Report Brokers target Burberry after sales miss first-half targets Shares in Burberry fell for a second day, hurt by a slew of broker notes slashing the stock's target price and a profit warning from Hugo Boss. A slew of brokers slashed the target price of Burberry after sales missed H1 expectations. Photo: Burberry By Tara Cunningham , Business Reporter 11:54AM BST 16 Oct 2015", "external_links": [], "published": "2015-10-16T13:54:00.000+03:00", "crawled": "2015-10-16T14:28:16.331+03:00", "highlightTitle": ""}