{"organizations": [], "uuid": "f6c1246f217c01d3ad9b126a02335f2239747242", "thread": {"social": {"gplus": {"shares": 0}, "pinterest": {"shares": 0}, "vk": {"shares": 0}, "linkedin": {"shares": 0}, "facebook": {"likes": 0, "shares": 0, "comments": 0}, "stumbledupon": {"shares": 0}}, "site_full": "finance.yahoo.com", "main_image": "http://l3.yimg.com/bt/api/res/1.2/M7vS95b2fvSzHFeFStPk0A--/YXBwaWQ9eW5ld3NfbGVnbztxPTc1O3c9NjAw/http://l.yimg.com/os/mit/media/m/social/images/social_default_logo-1481777.png", "site_section": "http://finance.yahoo.com/rss/EducationTrainingServices", "section_title": "Yahoo! Finance: Education & Training Services Industry News", "url": "http://finance.yahoo.com/news/tal-education-group-announce-second-080000034.html", "country": "GB", "title": "TAL Education Group to Announce Second Quarter of Fiscal Year 2016 Financial Results on October 22, 2015 - Yahoo Finance", "performance_score": 0, "site": "yahoo.com", "participants_count": 1, "title_full": "TAL Education Group to Announce Second Quarter of Fiscal Year 2016 Financial Results on October 22, 2015 - Yahoo Finance", "spam_score": 0.0, "site_type": "news", "published": "2015-10-16T03:00:00.000+03:00", "replies_count": 0, "uuid": "f6c1246f217c01d3ad9b126a02335f2239747242"}, "author": "TAL Education Group", "url": "http://finance.yahoo.com/news/tal-education-group-announce-second-080000034.html", "ord_in_thread": 0, "title": "TAL Education Group to Announce Second Quarter of Fiscal Year 2016 Financial Results on October 22, 2015 - Yahoo Finance", "locations": [], "entities": {"persons": [], "locations": [], "organizations": []}, "highlightText": "", "language": "english", "persons": [], "text": "BEIJING, Oct. 12, 2015 /PRNewswire/ -- TAL Education Group (\"TAL\" or the \"Company\") ( XRS ), a leading K-12 after-school tutoring services provider in China, today announced that it will release its unaudited financial results for the second quarter of fiscal year 2016 ended August 31, 2015, before the market opens on Thursday, October 22, 2015.\nThe Company will host a corresponding conference call and live webcast at 8:00 a.m. U.S. Eastern Time (8:00 p.m. Beijing Time) on Thursday, October 22, 2015.\nThe dial-in details for the live conference call are as follows:\n- U.S. toll free: \n+1-866-519-4004 \n- Hong Kong toll free: \n800-906-601 \n- China toll free: \n400-620-8038 \n- International toll: \n+65-6713-5090 \nConference ID: \n47985404 \nA live and archived webcast of the conference call will be available on the Investor Relations section of TAL's website at http://en.100tal.com/investor/ .\nA telephone replay of the conference call will be available through 11:59 p.m. on October 30, 2015, U.S. Eastern Time (11:59 a.m. on October 31, 2015, Beijing Time).\nThe dial-in details for the replay are as follows:\n- U.S. toll free: \n+1-855-452-5696 \n- Hong Kong toll free: \n800-963-117 \n- China toll free: \n400-632-2162 \n- International toll: \n+61-2-8199-0299 \nConference ID: \n47985404 \nAbout TAL Edu cati on Group \nTAL Education Group is a leading K-12 after-school tutoring services provider in China. The acronym \"TAL\" stands for \"Tomorrow Advancing Life,\" which reflects our vision to promote top learning opportunities for Chinese students through both high-quality teaching and content, as well as leading edge application of technology in the education experience. TAL Education Group offers comprehensive tutoring services to students from pre-school to the twelfth grade through three flexible class formats: small classes, personalized premium services, and online courses. Our tutoring services cover the core academic subjects in China's school curriculum including mathematics, English, Chinese, physics, chemistry, and biology. The Company's learning center network includes 303 physical learning centers as of May 31, 2015, located in 19 key cities in China: Beijing, Shanghai, Guangzhou, Shenzhen, Tianjin, Wuhan, Xi`an, Chengdu, Nanjing, Hangzhou, Taiyuan, Zhengzhou, Chongqing, Suzhou, Shenyang, Jinan, Shijiazhuang, Qingdao and Changsha. We also operate www.jzb.com , a leading online education platform in China. Our ADSs trade on the New York Stock Exchange under the symbol \"XRS.\"\nFor further information, please contact:\nFor Investors:\nMei Li\nInvestor Relations\nTAL Education Group\nTel: +86 10 5292 6658\nEmail: ir@100tal.com \nFor Media:\nCaroline Straathof\nIR Inside\nTel: +31 6 5462 4301\nEmail: info@irinside.com \nTo view the original version on PR Newswire, visit: http://www.prnewswire.com/news-releases/tal-education-group-to-announce-second-quarter-of-fiscal-year-2016-financial-results-on-october-22-2015-300157696.html", "external_links": [], "published": "2015-10-16T03:00:00.000+03:00", "crawled": "2015-10-16T06:41:12.298+03:00", "highlightTitle": ""}