{"organizations": [], "uuid": "fcc1b6955eb1d4b420bc0eeb40f2b830e47058e9", "thread": {"social": {"gplus": {"shares": 0}, "pinterest": {"shares": 0}, "vk": {"shares": 0}, "linkedin": {"shares": 0}, "facebook": {"likes": 0, "shares": 0, "comments": 0}, "stumbledupon": {"shares": 0}}, "site_full": "business-news.thestreet.com", "main_image": "", "site_section": "http://business-news.thestreet.com/ile-camera/rss/627", "section_title": "Ile Camera : Personal Finance", "url": "http://business-news.thestreet.com/ile-camera/story/consumers-pay-heed-oct-15-make-tax-payment-repay-healthcare-subsidy-convert-roth/1", "country": "US", "title": "Consumers Pay Heed to Oct. 15: Make Tax Payment, Repay Healthcare Subsidy, Convert Roth IRA", "performance_score": 0, "site": "thestreet.com", "participants_count": 0, "title_full": "Consumers Pay Heed to Oct. 15: Make Tax Payment, Repay Healthcare Subsidy, Convert Roth IRA", "spam_score": 0.0, "site_type": "news", "published": "2015-10-15T00:14:00.000+03:00", "replies_count": 0, "uuid": "fcc1b6955eb1d4b420bc0eeb40f2b830e47058e9"}, "author": "", "url": "http://business-news.thestreet.com/ile-camera/story/consumers-pay-heed-oct-15-make-tax-payment-repay-healthcare-subsidy-convert-roth/1", "ord_in_thread": 0, "title": "Consumers Pay Heed to Oct. 15: Make Tax Payment, Repay Healthcare Subsidy, Convert Roth IRA", "locations": [], "entities": {"persons": [], "locations": [], "organizations": []}, "highlightText": "", "language": "english", "persons": ["Roth"], "text": "Investing for Good: Integrating Altruism into Your Portfolio \n“The taxpayer still will be charged with interest and late payment penalties for any unpaid balance after October 15,” he said. \nThe IRS offers a six-year installment payment plan online for people who owe $50,000 or less. Once you are approved, you can make monthly payments versus coming up with one lump sum. \nEven though you can use a credit card to make your tax payment , avoid them, because the interest rates charged by the IRS are lower, said Mark Jaeger, director of tax development for TaxACT, the Cedar Rapids, Iowa tax preparation company. Taking money out of a retirement account such as a 401(k) or IRA is not the solution either because you could pay a penalty and income tax on the amount withdrawn. \n“Play by the rules and be honest,” he said. “The IRS can be a reasonable creditor. Pay as quickly as possible.” \nIgnoring the problem will only compound it, said Eric Green, a tax attorney for Green & Sklarz based in New Haven, Conn. The IRS can enforce payments by garnishing your wages or imposing bank levies where they take funds out of a checking or savings account. \n“Deal with the issue and get it resolved,” he said. “Though taxpayers often believe they should hide the fact that they owe money, they will simply make their situation much worse.” \nHealth Insurance Subsidies...", "external_links": [], "published": "2015-10-15T00:14:00.000+03:00", "crawled": "2015-10-15T01:23:02.894+03:00", "highlightTitle": ""}