{"organizations": [], "uuid": "5507db8ed4708b16dd32b3238aa3fd9fdb5815b6", "thread": {"social": {"gplus": {"shares": 0}, "pinterest": {"shares": 0}, "vk": {"shares": 0}, "linkedin": {"shares": 0}, "facebook": {"likes": 0, "shares": 0, "comments": 0}, "stumbledupon": {"shares": 0}}, "site_full": "uk.finance.yahoo.com", "main_image": "https://s.yimg.com/bt/api/res/1.2/6M6j3L7iaXfzrp4VNqk86Q--/YXBwaWQ9eW5ld3NfbGVnbztpbD1wbGFuZTtxPTc1O3c9NjAw/http://globalfinance.zenfs.com/images/UK_AFTP_AFP_LIVE_1/eac9fe012fd25a3a1f0a0fd4c3228202a384dc33_original.jpg", "site_section": "https://uk.finance.yahoo.com/news/provider-afp/?format=rss", "section_title": "Finance News | AFP - Yahoo! UK & Ireland Finance", "url": "https://uk.finance.yahoo.com/news/climate-rescue-talks-off-halting-152322266.html", "country": "GB", "title": "Climate rescue talks off to a halting start", "performance_score": 0, "site": "yahoo.com", "participants_count": 0, "title_full": "Climate rescue talks off to a halting start", "spam_score": 0.0, "site_type": "news", "published": "2015-10-19T19:52:00.000+03:00", "replies_count": 0, "uuid": "5507db8ed4708b16dd32b3238aa3fd9fdb5815b6"}, "author": "", "url": "https://uk.finance.yahoo.com/news/climate-rescue-talks-off-halting-152322266.html", "ord_in_thread": 0, "title": "Climate rescue talks off to a halting start", "locations": [], "entities": {"persons": [], "locations": [], "organizations": []}, "highlightText": "", "language": "english", "persons": [], "text": "Tip : Use comma (,) to separate multiple quotes. Learn more... \nMon, Oct 19, 2015, 17:59 BST - UK Markets closed Climate rescue talks off to a halting start By Mariette Le Roux, Marlowe Hood | AFP – 1 hour 35 minutes ago View Photo \n\nHome-stretch negotiations in Bonn for a 195-nation climate rescue pact stumbled Monday over developing countries' protests that their key demands are being sidelined. \nA bloc of more than 130 developing nations squared off against the talks' joint chairmen over points on fairness and finance they said had been dropped from a streamlined draft text. \nDespite a rough start to the final round of official negotiations before a year-end UN climate conference, French President Francois Hollande remained upbeat. \n\"There will be a deal,\" the president told a gathering of unions, employers and government officials in Paris ahead of the November 30-December 11 summit in the French capital. \nThe only question, Hollande said, was how ambitious the pact's targets will be, \"and whether we will be able to revise it regularly. That's what is at stake in the negotiations.\" \nOne of the key disagreements in Bonn is over a mechanism to review and ramp up national pledges to curb climate-altering greenhouse gas emissions. This, scientists say, is the only way to stave off catastrophic global warming impacts. \nThese Intended Nationally Determined Contributions, or INDCs, will be a pillar of the Paris agreement, due to enter into force in 2020. \nDeveloping nations balked Monday at a new blueprint for the deal, whittled down by the forum's joint chairmen from 80-odd pages to 20 since the previous negotiating round in September. \nMany said they went too far. \nThe text as it stands \"is extremely unbalanced and lopsided,\" South Africa's climate envoy Nozipho Mxakato-Diseko told an opening session, and jeopardises the interests and positions of developing countries.\" \nSouth Africa chairs the G77 group of 130-plus developing countries, which includes major greenhouse gas emitters China and India, along with many nations in Africa, Asia and Latin America. \nThe bloc is particularly concerned about what it perceived as vague wording on financial aid for developing countries' transition to becoming low carbon-emitting economies, and shoring up their defences against the impact of global warming. \nThey also want assurances on money for climate change-induced damages that will occur in spite of efforts to adapt to what's coming. \nThe five-day huddle in Bonn offers the last chance for rank-and-file negotiators to barter on the wording of the pact meant to crown more than two decades of fractious negotiations. \nThe draft that emerges will be taken in hand by ministers and heads of state for the hard political compromises that will be required to seal a deal in Paris. \nDeveloping nations insisted Monday that certain deleted passages must be restored before line-by-line text bartering can begin. \n\"We demand that the text be balanced for negotiations to commence,\" said Gurdial Singh Nijar, a spokesman for the Like-Minded Developing Countries (LMDC) group, which falls within the G77. \nThe new draft \"completely ignored the submissions of G77 on finance,\" Nijar told AFP. \nDeveloping countries want wording in the agreement on $100 billion (88 billion euros) in annual climate finance the developed world has promised from 2020. \n- 'The world is looking' - \nPeru's Environment Minister Manuel Pulgar Vidal, who presides over the talks, recognised the disappointment but urged negotiators to \"work constructively in trying to find a fair, ambitious and pragmatic outcome.\" \n\"The whole world is looking at us,\" said Vidal. \n\"The (Paris) agreement must launch the transformation of our economies toward a low carbon and resilient... society.\" \nClimate envoy Laurence Tubiana of France agreed that the blueprint \"lacks ambition on all the elements\" including finance. \n\"We are here today and for the rest of the week to correct these weaknesses,\" she said. \nThe co-chairmen, Algeria's Ahmed Djoghlaf and Daniel Reifsnyder of the United States, agreed to allow text to be reinserted, but urged parties to limit themselves to the \"absolute must-have items\". \nThe climate pact would be the first signed by all the world's nations, with the goal to limit average global warming to two degrees Celsius (3.6 degrees Fahrenheit) over pre-Industrial Revolution levels. \nBeyond this threshold, scientists warn of disastrous storms, floods and sea-level rise. \nThe global thermometer has already gone up by 0.8 C since the mid-19th century, and US government scientists have said 2015 is likely to overtake 2014 as the hottest year on record. \nBased on emissions-curbing pledges so far, the planet is on course for warming closer to 3 C, say analysts -- hence the need for frequent reviews (Other OTC: UBGXF - news ) .", "external_links": [], "published": "2015-10-19T19:52:00.000+03:00", "crawled": "2015-10-19T19:59:30.278+03:00", "highlightTitle": ""}