{"organizations": [], "uuid": "642194f416e8cfbe88e95a31d6f47dc22e4e6557", "thread": {"social": {"gplus": {"shares": 0}, "pinterest": {"shares": 0}, "vk": {"shares": 0}, "linkedin": {"shares": 0}, "facebook": {"likes": 0, "shares": 0, "comments": 0}, "stumbledupon": {"shares": 0}}, "site_full": "www.wsj.com", "main_image": "http://si.wsj.net/public/resources/images/BN-KT164_DEBATE_G_20151013211740.jpg", "site_section": "http://www.wsj.com/news/business", "section_title": "Business &amp; Finance News - Wall Street Journal", "url": "http://www.wsj.com/articles/hillary-clinton-dominates-first-democratic-debate-analysts-say-1444831841", "country": "US", "title": "Hillary Clinton Dominates First Democratic Debate, Analysts Say", "performance_score": 0, "site": "wsj.com", "participants_count": 1, "title_full": "Hillary Clinton Dominates First Democratic Debate, Analysts Say - WSJ", "spam_score": 0.0, "site_type": "news", "published": "2015-10-14T18:10:00.000+03:00", "replies_count": 0, "uuid": "642194f416e8cfbe88e95a31d6f47dc22e4e6557"}, "author": "Janet Hook", "url": "http://www.wsj.com/articles/hillary-clinton-dominates-first-democratic-debate-analysts-say-1444831841", "ord_in_thread": 0, "title": "Hillary Clinton Dominates First Democratic Debate, Analysts Say", "locations": [], "entities": {"persons": [], "locations": [], "organizations": []}, "highlightText": "", "language": "english", "persons": [], "text": "Hillary Clinton dominated the first Democratic presidential debate Tuesday—showcasing her sharp rhetorical skills and broad policy expertise over her four less-experienced rivals, political analysts said Wednesday.\nMrs. Clinton was called out during the Las Vegas event for shifting positions on issues like trade policy, but the other candidates chose not to unleash sharp attacks on the front-runner.\nHer chief rival, Sen.... ", "external_links": [], "published": "2015-10-14T18:10:00.000+03:00", "crawled": "2015-10-14T17:55:12.930+03:00", "highlightTitle": ""}