{"organizations": [], "uuid": "42d2fb2d5b5ab1a1cdb11abee4984ebf04514e35", "thread": {"social": {"gplus": {"shares": 0}, "pinterest": {"shares": 0}, "vk": {"shares": 0}, "linkedin": {"shares": 0}, "facebook": {"likes": 0, "shares": 0, "comments": 0}, "stumbledupon": {"shares": 0}}, "site_full": "www.wsj.com", "main_image": "http://si.wsj.net/public/resources/images/BN-KT872_1015ta_G_20151015114027.jpg", "site_section": "http://www.wsj.com/news/business", "section_title": "Business &amp; Finance News - Wall Street Journal", "url": "http://www.wsj.com/articles/general-electrics-slight-sleight-of-hand-1444934421", "country": "US", "title": "GE Manufactures a Higher Rating", "performance_score": 0, "site": "wsj.com", "participants_count": 1, "title_full": "GE Manufactures a Higher Rating - WSJ", "spam_score": 0.0, "site_type": "news", "published": "2015-10-15T23:06:00.000+03:00", "replies_count": 0, "uuid": "42d2fb2d5b5ab1a1cdb11abee4984ebf04514e35"}, "author": "Spencer Jakab", "url": "http://www.wsj.com/articles/general-electrics-slight-sleight-of-hand-1444934421", "ord_in_thread": 0, "title": "GE Manufactures a Higher Rating", "locations": [], "entities": {"persons": [], "locations": [], "organizations": []}, "highlightText": "", "language": "english", "persons": [], "text": "“Indugital” sounds about as clunky as “findustrial,” but it will be a lot less awkward for General Electric Co.\nThat first portmanteau is being used in advertisements for the company that, until recently, got the lion’s share of profit from shuffling around pieces of financial paper.\nGE wants people, and especially investors, to know that there are really two radical transformations going on at the iconic company. The one that... ", "external_links": [], "published": "2015-10-15T23:06:00.000+03:00", "crawled": "2015-10-15T22:51:10.777+03:00", "highlightTitle": ""}