{"organizations": [], "uuid": "bd43fd9b77d481655c2213e360a8233ee25c5f62", "thread": {"social": {"gplus": {"shares": 0}, "pinterest": {"shares": 0}, "vk": {"shares": 0}, "linkedin": {"shares": 0}, "facebook": {"likes": 0, "shares": 0, "comments": 0}, "stumbledupon": {"shares": 0}}, "site_full": "www.thegrocer.co.uk", "main_image": "", "site_section": "http://www.thegrocer.co.uk/XmlServers/navsectionRSS.aspx?navsectioncode=8902", "section_title": "The Grocer - finance", "url": "http://www.thegrocer.co.uk/finance/city-snapshot-cranswicks-first-half-revenues-top-expectations/525457.article", "country": "GB", "title": "City snapshot: Cranswick's first half revenues top expectations", "performance_score": 0, "site": "thegrocer.co.uk", "participants_count": 0, "title_full": "City snapshot: Cranswick's first half revenues top expectations", "spam_score": 0.0, "site_type": "news", "published": "2015-10-01T12:00:00.000+03:00", "replies_count": 0, "uuid": "bd43fd9b77d481655c2213e360a8233ee25c5f62"}, "author": "", "url": "http://www.thegrocer.co.uk/finance/city-snapshot-cranswicks-first-half-revenues-top-expectations/525457.article", "ord_in_thread": 0, "title": "City snapshot: Cranswick's first half revenues top expectations", "locations": [], "entities": {"persons": [], "locations": [], "organizations": []}, "highlightText": "", "language": "english", "persons": ["Cranswick", "Alec Mattinson"], "text": "01 Oct 2015 | By Alec Mattinson \nPork supplier Cranswick’s first half revenues rise 10% up year-on-year, Britvic confirms Brazilian acquisition, bumper share price rises for the UK supermarkets and all the rest of this morning’s news from the City. Available to members only \nLearn more about our membership packages. \nIf you need to talk to our Customer Services team, please call 0800 652 6512 and we'll be happy to help. You're not logged in...already a member? \nPlease log in using your email address and password. Please do not complete the following form field for security reasons. Email Address Remember my password on this computer. Sign in Now", "external_links": [], "published": "2015-10-01T12:00:00.000+03:00", "crawled": "2015-10-01T11:49:26.213+03:00", "highlightTitle": ""}