{"organizations": [], "uuid": "cdf907a3025cef78bcf8558105558f1811417f29", "thread": {"social": {"gplus": {"shares": 0}, "pinterest": {"shares": 0}, "vk": {"shares": 0}, "linkedin": {"shares": 0}, "facebook": {"likes": 0, "shares": 0, "comments": 0}, "stumbledupon": {"shares": 0}}, "site_full": "uk.finance.yahoo.com", "main_image": "https://s1.yimg.com/bt/api/res/1.2/M7vS95b2fvSzHFeFStPk0A--/YXBwaWQ9eW5ld3NfbGVnbztxPTc1O3c9NjAw/http://l.yimg.com/os/mit/media/m/social/images/social_default_logo-1481777.png", "site_section": "https://uk.finance.yahoo.com/news/sector-basic-resources/?format=rss", "section_title": "Basic Resources News - Yahoo! Finance UK", "url": "https://uk.finance.yahoo.com/news/investors-ask-automakers-explain-emissions-230101596.html", "country": "US", "title": "Investors ask automakers to explain emissions lobbying", "performance_score": 0, "site": "yahoo.com", "participants_count": 0, "title_full": "Investors ask automakers to explain emissions lobbying", "spam_score": 0.0, "site_type": "news", "published": "2015-10-13T02:01:00.000+03:00", "replies_count": 0, "uuid": "cdf907a3025cef78bcf8558105558f1811417f29"}, "author": "", "url": "https://uk.finance.yahoo.com/news/investors-ask-automakers-explain-emissions-230101596.html", "ord_in_thread": 0, "title": "Investors ask automakers to explain emissions lobbying", "locations": [], "entities": {"persons": [], "locations": [], "organizations": []}, "highlightText": "", "language": "english", "persons": [], "text": "Tip : Use comma (,) to separate multiple quotes. Learn more... \nTue, Oct 13, 2015, 01:23 BST - UK Markets open in 6 hrs 37 mins Investors ask automakers to explain emissions lobbying Reuters - UK Focus – 1 hour 22 minutes ago 76.95 +2.20 \nLONDON, Oct (HKSE: 3366-OL.HK - news ) 13 (Reuters) - Leading European investment managers and pension funds controlling nearly $1 trillion have joined forces to call for automakers to better explain how they have lobbied public bodies on emissions standards. \nNineteen investors including AXA Investment Managers, the fund arm of insurer AXA (Paris: FR0000120628 - news ) , and the Swedish national pension fund, wrote separate letters to 11 major automakers, retail investor watchdog ShareAction said in a statement. \nVolkswagen (Other OTC: VLKAF - news ) , BMW (Swiss: BMW.SW - news ) , Honda, Daimler (Xetra: 710000 - news ) , General Motors (NYSE: GM - news ) , Ford, Fiat (Hanover: FIA1.HA - news ) , Peugeot (Other OTC: PUGOF - news ) and Toyota all received letters requesting information on lobbying around emissions rules being debated in the United States and the European Union. \nAnother letter was sent to Carlos Ghosn, chief executive of Nissan and Renault (Swiss: RNO.SW - news ) , as both have been recognised as some of the best performing companies for CO2 emissions, the statement said. \nThe initiative comes after VW admitted rigging diesel emissions tests, knocking billions of euros off VW's stock market value and throwing the spotlight on practices across the industry. \n\"When it comes to the engagement underway between a company and the key regulations affecting it, there are often sparse details available to investors,\" Dylan Tanner, executive director at non-profit group InfluenceMap, which analyses and ranks companies on climate lobbying and influence, and which helped coordinate the sending of the letters. \n\"The Volkswagen case highlights the need for a much greater disclosure regime, both of the company's specific position on key legislation and its involvement in the policy process.\" \n($1 = 0.6522 pounds) (Reporting by Simon Jessop; Editing by David Holmes)", "external_links": [], "published": "2015-10-13T02:01:00.000+03:00", "crawled": "2015-10-13T03:27:30.108+03:00", "highlightTitle": ""}