{"organizations": [], "uuid": "4dfec6fc9ab81332e556fd629943e9fbf4b03bdf", "thread": {"social": {"gplus": {"shares": 0}, "pinterest": {"shares": 0}, "vk": {"shares": 0}, "linkedin": {"shares": 0}, "facebook": {"likes": 0, "shares": 0, "comments": 0}, "stumbledupon": {"shares": 0}}, "site_full": "www.wsj.com", "main_image": "http://si.wsj.net/public/resources/images/BN-KU330_1018bo_G_20151016130908.jpg", "site_section": "http://www.wsj.com/news/business", "section_title": "Business &amp; Finance News - Wall Street Journal", "url": "http://www.wsj.com/articles/bond-market-blues-where-did-my-income-go-1445189454", "country": "US", "title": "Bond-Market Blues: Where Did My Income Go?", "performance_score": 0, "site": "wsj.com", "participants_count": 1, "title_full": "Bond-Market Blues: Where Did My Income Go? - WSJ", "spam_score": 0.0, "site_type": "news", "published": "2015-10-18T21:30:00.000+03:00", "replies_count": 0, "uuid": "4dfec6fc9ab81332e556fd629943e9fbf4b03bdf"}, "author": "Richard Barley", "url": "http://www.wsj.com/articles/bond-market-blues-where-did-my-income-go-1445189454", "ord_in_thread": 0, "title": "Bond-Market Blues: Where Did My Income Go?", "locations": [], "entities": {"persons": [], "locations": [], "organizations": []}, "highlightText": "", "language": "english", "persons": [], "text": "If there is one area where low interest rates have propelled growth, it has been in the fixed-income market. But increasingly, income is the one thing that is hard to find.\nFor investors, that marks a further transformation in the fundamental characteristics of bonds, away from steady income to vehicles for capital gains. What investors should remember: this can also lead to capital losses.\nThe bond market has boomed in the... To Read the Full Story, Subscribe or Sign In", "external_links": [], "published": "2015-10-18T21:30:00.000+03:00", "crawled": "2015-10-18T21:16:17.257+03:00", "highlightTitle": ""}