{"organizations": [], "uuid": "c15dfabaf624407d336b1fc77daca94fe8fc7de5", "thread": {"social": {"gplus": {"shares": 0}, "pinterest": {"shares": 0}, "vk": {"shares": 0}, "linkedin": {"shares": 0}, "facebook": {"likes": 0, "shares": 0, "comments": 0}, "stumbledupon": {"shares": 0}}, "site_full": "www.reuters.com", "main_image": "", "site_section": "http://www.reuters.com/finance/personal-finance", "section_title": "Wealth, Personal Finance &amp; Money | Reuters.com", "url": "http://www.reuters.com/article/2015/10/15/china-economy-investment-idUSB9N12C01O20151015", "country": "US", "title": "China Jan-Sept non-financial outbound direct investment rises 16.5 pct on year - Xinhua", "performance_score": 0, "site": "reuters.com", "participants_count": 1, "title_full": "China Jan-Sept non-financial outbound direct investment rises 16.5 pct on year - Xinhua | Reuters", "spam_score": 0.0, "site_type": "news", "published": "2015-10-15T06:13:00.000+03:00", "replies_count": 0, "uuid": "c15dfabaf624407d336b1fc77daca94fe8fc7de5"}, "author": "Reuters", "url": "http://www.reuters.com/article/2015/10/15/china-economy-investment-idUSB9N12C01O20151015", "ord_in_thread": 0, "title": "China Jan-Sept non-financial outbound direct investment rises 16.5 pct on year - Xinhua", "locations": [], "entities": {"persons": [], "locations": [], "organizations": []}, "highlightText": "", "language": "english", "persons": [], "text": "BEIJING Oct 15 China's non-financial outbound direct investment (ODI) rose 16.5 percent to $87.3 billion in the first three quarters of 2015 compared with the same period last year, state media agency Xinhua reported on Thursday, citing the Ministry of Commerce.\n(Reporting by Meng Meng and Nicholas Heath; Editing by Kim Coghill)", "external_links": [], "published": "2015-10-15T06:13:00.000+03:00", "crawled": "2015-10-15T05:39:22.604+03:00", "highlightTitle": ""}