{"organizations": [], "uuid": "aadee9685dd78fb21ca03a71f97bffe605bc059e", "thread": {"social": {"gplus": {"shares": 0}, "pinterest": {"shares": 0}, "vk": {"shares": 0}, "linkedin": {"shares": 0}, "facebook": {"likes": 0, "shares": 0, "comments": 0}, "stumbledupon": {"shares": 0}}, "site_full": "www.prweb.com", "main_image": "", "site_section": "http://www.prweb.com/rss2/finance.xml", "section_title": "Business: Finance", "url": "http://www.prweb.com/releases/2015/10/prweb13042740.htm", "country": "US", "title": "PrimeRevenue Processes $120 Billion in Invoices Annually", "performance_score": 0, "site": "prweb.com", "participants_count": 1, "title_full": "PrimeRevenue Processes $120 Billion in Invoices Annually", "spam_score": 0.0, "site_type": "news", "published": "2015-10-26T02:00:00.000+02:00", "replies_count": 0, "uuid": "aadee9685dd78fb21ca03a71f97bffe605bc059e"}, "author": "Oana Leventi-Perez", "url": "http://www.prweb.com/releases/2015/10/prweb13042740.htm", "ord_in_thread": 0, "title": "PrimeRevenue Processes $120 Billion in Invoices Annually", "locations": [], "entities": {"persons": [], "locations": [], "organizations": []}, "highlightText": "", "language": "english", "persons": [], "text": "PrimeRevenue, Inc ., the global leader in working capital finance solutions, announces results for the third quarter of 2015 showcasing a sustained period of rapid growth for PrimeRevenue. This growth clearly reflects the value the company brings to its growing customer base, of 20,000 in over 70 countries supporting 30 currencies. “PrimeRevenue continues to grow as a global company and expand our supply chain solutions to meet the needs of not only large multi-national corporations but also global companies in the mid-market,” said PJ Bain, PrimeRevenue CEO. “Today, we process $120 billion in invoices a year for our 20,000 customers worldwide, solidifying our position as the leading global platform for working capital finance solutions.”\nFor the sixth consecutive year, PrimeRevenue was recognized as Best Global Supply Chain Finance Provider by Global Finance magazine. The magazine also named PrimeRevenue as the Best Web-based Supply Chain Finance Solution. In August, PrimeRevenue was named by INC Magazine as one of the 5000 fast growing private companies for the fourth year in a row.\nAdditional, third quarter achievements include:\nIntroduction of PrimeRevenue Capital Management , a new venture to provide alternative funding sources for corporate clients, and investment opportunities for investors looking to access new income sources\nSelection of Richard Tynan as Managing Director based in London for PrimeRevenue Capital Management\nStrategic partnership with OpusCapita , the leading provider of Purchase-to-Pay and Order-to-Cash Services, to delivery a unique range of multi-funder supply chain finance solutions to companies in the Nordic region\nExpansion of PrimeRevenue’s global leadership team to include Ken Dummitt, Executive Vice President of Global Sales and Marketing, and several key appointments in the company’s Atlanta, Prague and Hong Kong offices.\nAbout PrimeRevenue, Inc.\nPrimeRevenue processes more than $120 billion in transactions for more than more than 20,000 clients in over 70 countries. The company operates the largest supplier financing programs around the globe. Headquartered in Atlanta, with offices around the world, PrimeRevenue offers financing through its OpenSCi product suite, providing control and flexibility for organizations to optimize working capital, improve margin, reduce costs, and lower risks throughout the financial supply chain. Visit http://www.primerevenue.com", "external_links": ["http://www.prweb.net/Redirect.aspx?id=aHR0cDovL3ByaW1lcmV2ZW51ZS5jb20v", "http://www.prweb.net/Redirect.aspx?id=aHR0cDovL3d3dy5vcHVzY2FwaXRhLmNvbS8=", "http://www.prweb.net/Redirect.aspx?id=aHR0cDovL3d3dy5wcmltZXJldmVudWUuY29t", "http://www.prweb.net/Redirect.aspx?id=aHR0cDovL3ByaW1lcmV2ZW51ZS5jb20vYmFua3MtZnVuZGVycy8="], "published": "2015-10-26T02:00:00.000+02:00", "crawled": "2015-10-26T15:17:53.662+02:00", "highlightTitle": ""}