{"organizations": [], "uuid": "2ef9b317ff69316a32ddbad5c07e351f03d4fb41", "thread": {"social": {"gplus": {"shares": 0}, "pinterest": {"shares": 0}, "vk": {"shares": 0}, "linkedin": {"shares": 0}, "facebook": {"likes": 0, "shares": 0, "comments": 0}, "stumbledupon": {"shares": 0}}, "site_full": "www.telegraph.co.uk", "main_image": "http://i.telegraph.co.uk/multimedia/archive/02152/cookson_2152487a.jpg", "site_section": "http://www.telegraph.co.uk/newsfeed/rss/money_city.xml", "section_title": "Finance - Business news and market updates - Telegraph", "url": "http://www.telegraph.co.uk/finance/newsbysector/industry/engineering/11934486/Fears-of-fresh-job-losses-at-Tata-Steel-as-industry-and-government-hold-crisis-summit.html", "country": "CH", "title": "Fears of fresh job losses at Tata Steel as industry and government hold crisis summit", "performance_score": 1, "site": "telegraph.co.uk", "participants_count": 1, "title_full": "Fears of fresh job losses at Tata Steel as industry and government hold crisis summit", "spam_score": 0.0, "site_type": "news", "published": "2015-10-15T23:00:00.000+03:00", "replies_count": 0, "uuid": "2ef9b317ff69316a32ddbad5c07e351f03d4fb41"}, "author": "Alan Tovey", "url": "http://www.telegraph.co.uk/finance/newsbysector/industry/engineering/11934486/Fears-of-fresh-job-losses-at-Tata-Steel-as-industry-and-government-hold-crisis-summit.html", "ord_in_thread": 0, "title": "Fears of fresh job losses at Tata Steel as industry and government hold crisis summit", "locations": [], "entities": {"persons": [], "locations": [], "organizations": []}, "highlightText": "", "language": "english", "persons": [], "text": "Engineering Fears of fresh job losses at Tata Steel as industry and government hold crisis summit Fears Tata Steel is preparing to announcing new wave of job cuts as ministers stage steel summit to help beleaguered industry Feeling the heat: Cheap imports and high energy costs have heaped pressure on British steel companies By Alan Tovey , Industry Editor 9:00PM BST 15 Oct 2015", "external_links": [], "published": "2015-10-15T23:00:00.000+03:00", "crawled": "2015-10-15T23:37:02.843+03:00", "highlightTitle": ""}