{"organizations": [], "uuid": "4a38ea5f64608d29eb48656af76a863b36626922", "thread": {"social": {"gplus": {"shares": 0}, "pinterest": {"shares": 0}, "vk": {"shares": 0}, "linkedin": {"shares": 0}, "facebook": {"likes": 0, "shares": 0, "comments": 0}, "stumbledupon": {"shares": 0}}, "site_full": "uk.finance.yahoo.com", "main_image": "https://s1.yimg.com/bt/api/res/1.2/gKmRh44vS2mJ_TYqMwQnJQ--/YXBwaWQ9eW5ld3NfbGVnbztpbD1wbGFuZTtxPTc1O3c9NjAw/http://globalfinance.zenfs.com/images/UK_AFTP_AFP_LIVE_1/65d17f881c6bc3118125310be79d3328931af58d_original.jpg", "site_section": "https://uk.finance.yahoo.com/news/provider-afp/?format=rss", "section_title": "Finance News | AFP - Yahoo! UK & Ireland Finance", "url": "https://uk.finance.yahoo.com/news/less-poverty-africa-numbers-remain-191415033.html", "country": "GB", "title": "Less poverty in Africa but numbers remain stubbornly high", "performance_score": 0, "site": "yahoo.com", "participants_count": 0, "title_full": "Less poverty in Africa but numbers remain stubbornly high", "spam_score": 0.0, "site_type": "news", "published": "2015-10-16T22:14:00.000+03:00", "replies_count": 0, "uuid": "4a38ea5f64608d29eb48656af76a863b36626922"}, "author": "", "url": "https://uk.finance.yahoo.com/news/less-poverty-africa-numbers-remain-191415033.html", "ord_in_thread": 0, "title": "Less poverty in Africa but numbers remain stubbornly high", "locations": ["Africa"], "entities": {"persons": [], "locations": [], "organizations": []}, "highlightText": "", "language": "english", "persons": [], "text": "Tip : Use comma (,) to separate multiple quotes. Learn more... \nFri, Oct 16, 2015, 20:27 BST - UK Markets closed Less poverty in Africa but numbers remain stubbornly high By Emmanuel Vorgbe with Marie Wolfrom | AFP – 13 minutes ago View Photo \n\nPoverty has slightly eased in sub-Saharan Africa in the past 20 years but the population boom means the numbers living in extreme conditions remains stubbornly high, a World Bank study showed Friday. \nAlmost half of the continent's population (43 percent) was living below the poverty line in 2012, defined as surviving on less than $1.90 a day. In 1990, it was 56 percent. \nStrong economic growth has helped achieve advances in health and education, but the rapid rise in population has led to an increase in the overall number of extreme poor, the study says. \nPoverty remains more deep-rooted in Africa than in any other continent. Some 388 million people were considered to be living in poverty in 2012 compared to 280 million two decades earlier. \nAfrica's population has grown from around 600 million in 1990 to over a billion in 2012 and will continue to grow to an estimated 1.6 billion by 2030, according to the African Development Bank. \nPoverty figures mask wide disparities from country to country and also between urban and rural areas, the report shows, highlighting the difficulty of bringing together data from across the African continent. \nGhana, where the report was launched by World Bank president Jim Yong Kim, is a success, having cut its poverty rate from 53 percent in 1991 to 21 percent in 2012. \nRwanda and Ethiopia have also made clear progress thanks to advances in agriculture, World Bank vice-president Makhtar Diop told AFP in an interview. \n\"Rwanda has done impressive work in hill terracing,\" Diop said, which had led to a doubling of the corn harvest and a 130-percent increase in the potato crop. \nIn a continent where 60-70 percent of people live in rural areas, \"the growth rate in agriculture makes an enormous contribution to reducing poverty,\" said Diop, a Senegalese economist. \nOther countries, including Tanzania and Senegal, have achieved success using a scheme pioneered in Brazil under which the state gives non-financial aid to the poorest families, for example in the form of free vaccines. \n- Fewer conflicts - \nUnsurprisingly, war and violence remain the principal obstacles to reducing poverty. \nIn Burundi, the proportion of people living under the poverty threshold went from 21 percent before the 1993-2006 civil war to 64 percent in 2007. \nBut \"there are fewer conflicts than before and they are changing in nature and are more local,\" Diop said. \nThe report also points to the \"worrisome development\" that people living in countries rich in resources such as oil, gold and diamonds are paying what it calls \"a human development penalty\". \nTheir life expectancy is 10 percent shorter on average, they are less literate, suffer higher levels of malnutrition and also experience more domestic violence. \nThe six countries where the inequality is greatest -- Botswana, Lesotho, Namibia, South Africa, Swaziland and Zambia -- are all situated in the south where diamond and mineral deposits are high. \nThe disparities in wealth can also be seen within countries -- in Kenya, for example, 8,000 people hold almost two-thirds of the wealth.", "external_links": [], "published": "2015-10-16T22:14:00.000+03:00", "crawled": "2015-10-16T22:29:17.114+03:00", "highlightTitle": ""}