{"organizations": ["EU"], "uuid": "f252348729f7acda370ca0a311a7d6e334786c50", "thread": {"social": {"gplus": {"shares": 0}, "pinterest": {"shares": 0}, "vk": {"shares": 0}, "linkedin": {"shares": 0}, "facebook": {"likes": 0, "shares": 0, "comments": 0}, "stumbledupon": {"shares": 0}}, "site_full": "uk.finance.yahoo.com", "main_image": "https://s1.yimg.com/bt/api/res/1.2/M7vS95b2fvSzHFeFStPk0A--/YXBwaWQ9eW5ld3NfbGVnbztxPTc1O3c9NjAw/http://l.yimg.com/os/mit/media/m/social/images/social_default_logo-1481777.png", "site_section": "https://uk.finance.yahoo.com/news/category-europe/?format=rss", "section_title": "European Business News | Financial News - Yahoo! Finance UK", "url": "https://uk.finance.yahoo.com/news/british-pms-letter-eu-bit-112034537.html", "country": "GB", "title": "British PM's letter to EU will have 'a bit more detail' - spokesman", "performance_score": 0, "site": "yahoo.com", "participants_count": 0, "title_full": "British PM's letter to EU will have 'a bit more detail' - spokesman", "spam_score": 0.0, "site_type": "news", "published": "2015-10-16T14:20:00.000+03:00", "replies_count": 0, "uuid": "f252348729f7acda370ca0a311a7d6e334786c50"}, "author": "", "url": "https://uk.finance.yahoo.com/news/british-pms-letter-eu-bit-112034537.html", "ord_in_thread": 0, "title": "British PM's letter to EU will have 'a bit more detail' - spokesman", "locations": [], "entities": {"persons": [], "locations": [], "organizations": []}, "highlightText": "", "language": "english", "persons": [], "text": "3.82 0.00 \nLONDON, Oct (HKSE: 3366-OL.HK - news ) 16 (Reuters) - Prime Minister David Cameron's letter to the European Union explaining Britain's planned renegotiation of ties will have 'a bit more detail', a Downing Street spokesman said on Friday. \nCameron sought to defuse fellow EU leaders' frustration that over a lack of detail in his demand for new membership terms by promising on Thursday to send them his wish-list in writing in early November. \nA spokesman for his office told reporters that the letter to Council President Donald Tusk would contain \"a bit more detail\" on the changes Britain wants, paving the way for detailed discussions with member states. \nWhen asked to clarify whether the letter would have a bit more, or a lot more, detail, the spokesman said reporters would have to wait for the letter. \nTusk on Friday welcomed Cameron's decision to lay out his thinking in writing, saying real negotiations could then begin. \nCameron, who opposes any further transfer of sovereignty to the EU and says British voters are unhappy with the current settlement, wants to renegotiate relations with the bloc it joined in 1973 ahead of a referendum on membership before the end of 2017. (Reporting by Paul Sandle; Writing by Guy Faulconbridge; Editing by Richard Balmforth)", "external_links": [], "published": "2015-10-16T14:20:00.000+03:00", "crawled": "2015-10-16T14:33:23.697+03:00", "highlightTitle": ""}