{"organizations": [], "uuid": "daf8e31cc515eaee2d8016df1d4d6e5438678e86", "thread": {"social": {"gplus": {"shares": 0}, "pinterest": {"shares": 0}, "vk": {"shares": 0}, "linkedin": {"shares": 0}, "facebook": {"likes": 0, "shares": 0, "comments": 0}, "stumbledupon": {"shares": 0}}, "site_full": "www.express.co.uk", "main_image": "http://cdn.images.express.co.uk/img/dynamic/23/590x/black-friday-612312.jpg", "site_section": "http://www.express.co.uk/posts/rss/23/personalfinance", "section_title": "Daily Express :: Personal Finance Feed", "url": "http://www.express.co.uk/finance/personalfinance/612312/How-to-get-the-best-Black-Friday-2015-UK-deals-Amazon-Asda-Tesco", "country": "", "title": "How to get the best Black Friday 2015 deals", "performance_score": 0, "site": "express.co.uk", "participants_count": 0, "title_full": "How to get the best Black Friday 2015 deals", "spam_score": 0.0, "site_type": "news", "published": "2015-10-15T16:48:00.000+03:00", "replies_count": 0, "uuid": "daf8e31cc515eaee2d8016df1d4d6e5438678e86"}, "author": "", "url": "http://www.express.co.uk/finance/personalfinance/612312/How-to-get-the-best-Black-Friday-2015-UK-deals-Amazon-Asda-Tesco", "ord_in_thread": 0, "title": "How to get the best Black Friday 2015 deals", "locations": ["UK"], "entities": {"persons": [], "locations": [], "organizations": []}, "highlightText": "", "language": "english", "persons": [], "text": "How to get the best Black Friday 2015 deals How to get the best Black Friday 2015 deals BARGAIN-HUNTERS should put November 27 in the diary because it's the 2015 date of Black Friday, but experts have said UK shoppers will get the best deals if they don't get too carried away by the hype. PUBLISHED: 14:48, Thu, Oct 15, 2015 | UPDATED: 16:01, Thu, Oct 15, 2015 GETTY Black Friday sales are expected to be across UK high streets this year \nBritain's retailers are gearing up for a day of huge spending, with Curry's, Amazon, Asda and Tesco just some of the big names lining up sales. In fact, retail expert at consultancy Harper Dennis Hobbs Jonathan De Mello said that almost all of the UK's high street shops will be offering sales.He told Express.co.uk: \"Black Friday 2015 is set to be bigger than ever. \"It's more of an American thing, but it came to the fore last year and is now predicted to be the first UK £1bn shopping day .\"Everybody has to take part - if your competitors are doing it, you are doing it.\"However, now that the UK economic recovery is further along the track, with wages rising and inflation at zero, there is less need for retailers to offer steep discounts. Furthermore, a number of British retailers were thought to have hurt their bottom line by offering large discounts too early on in the season. Mr De Mello said: \"This year, lots of retailers from Next to John Lewis will have learnt.\"The depth of discounting will be curtailed and discounts won't be as deep.\" Related articles", "external_links": [], "published": "2015-10-15T16:48:00.000+03:00", "crawled": "2015-10-15T19:44:24.913+03:00", "highlightTitle": ""}