{"organizations": [], "uuid": "ac04a6fce1ba237886a1c1a0e5262cbc08d4d0ee", "thread": {"social": {"gplus": {"shares": 0}, "pinterest": {"shares": 0}, "vk": {"shares": 0}, "linkedin": {"shares": 0}, "facebook": {"likes": 0, "shares": 0, "comments": 0}, "stumbledupon": {"shares": 0}}, "site_full": "business-news.thestreet.com", "main_image": "", "site_section": "http://business-news.thestreet.com/west-hartford-news/rss/627", "section_title": "West Hartford News : Personal Finance", "url": "http://business-news.thestreet.com/west-hartford-news/story/30-awesome-last-minute-halloween-costume-ideas/13320787", "country": "US", "title": "30 Awesome Last-Minute Halloween Costume Ideas", "performance_score": 0, "site": "thestreet.com", "participants_count": 0, "title_full": "30 Awesome Last-Minute Halloween Costume Ideas", "spam_score": 0.0, "site_type": "news", "published": "2015-10-18T19:18:00.000+03:00", "replies_count": 0, "uuid": "ac04a6fce1ba237886a1c1a0e5262cbc08d4d0ee"}, "author": "", "url": "http://business-news.thestreet.com/west-hartford-news/story/30-awesome-last-minute-halloween-costume-ideas/13320787", "ord_in_thread": 0, "title": "30 Awesome Last-Minute Halloween Costume Ideas", "locations": [], "entities": {"persons": [], "locations": [], "organizations": []}, "highlightText": "", "language": "english", "persons": ["Adam Leverone"], "text": "30 Awesome Last-Minute Halloween Costume Ideas Written by: Adam Leverone 10/18/15 - 12:18 PM EDT More Headlines The 10 Best TVs for Under $1,000 \nNEW YORK (MainStreet) -- New York Comic Con 2015 has come and gone and with Halloween right around the corner, many are in need of costume ideas. From super heroes, monsters, fantasy heroines and classic figures from literature, there was something for everyone at the annual pop culture convention. Need some inspiration for your Halloween? Here are some last-minute costume ideas from New York Comic Con 2015. From popular Pirates of the Caribbean movies, title character Captain Jack Sparrow", "external_links": [], "published": "2015-10-18T19:18:00.000+03:00", "crawled": "2015-10-19T00:57:29.299+03:00", "highlightTitle": ""}