{"organizations": ["Stonebriar Commercial Finance"], "uuid": "e264703fcd9cc6a854a1e396e0bc4aa8b64199c6", "thread": {"social": {"gplus": {"shares": 0}, "pinterest": {"shares": 0}, "vk": {"shares": 0}, "linkedin": {"shares": 0}, "facebook": {"likes": 0, "shares": 0, "comments": 0}, "stumbledupon": {"shares": 0}}, "site_full": "www.equipmentfa.com", "main_image": "", "site_section": "http://www.equipmentfa.com/rss/feeds/latestnews.xml", "section_title": "Equipment Finance Advisor", "url": "http://www.equipmentfa.com/news/4833/stonebriar-provides-20mm-lease-financing-to-aluminum-supplier", "country": "US", "title": "Stonebriar Provides $20MM Lease Financing to Aluminum Supplier", "performance_score": 0, "site": "equipmentfa.com", "participants_count": 0, "title_full": "Stonebriar Provides $20MM Lease Financing to Aluminum Supplier", "spam_score": 0.0, "site_type": "news", "published": "2015-10-26T13:16:00.000+02:00", "replies_count": 0, "uuid": "e264703fcd9cc6a854a1e396e0bc4aa8b64199c6"}, "author": "", "url": "http://www.equipmentfa.com/news/4833/stonebriar-provides-20mm-lease-financing-to-aluminum-supplier", "ord_in_thread": 0, "title": "Stonebriar Provides $20MM Lease Financing to Aluminum Supplier", "locations": [], "entities": {"persons": [], "locations": [], "organizations": []}, "highlightText": "", "language": "english", "persons": [], "text": "  Stonebriar Provides $20MM Lease Financing to Aluminum Supplier October 26, 2015, 07:16 AM Related: Stonebriar Commercial Finance \nStonebriar Commercial Finance announced it has provided $20.0 million of lease financing to a subsidiary of a diversified global supplier of aluminum products servicing the aerospace, automotive and packaging industries. The proceeds of the lease will be used to finance the acquisition of two new automotive manufacturing equipment lines. This expansion will increase production capacity for its US based subsidiary operation and enable the automotive division to produce strategic parts for its OEM customers.The group treasurer for the global aluminum manufacturer commented \"The approval and funding process with Stonebriar was seamless and fluid. We will continue to look to Stonebriar for our equipment financing needs.\" Tom Linebarger, Vice President of Marketing for the Midwest territory added, \"Stonebriar was able to meet management's commitment deadline related to the equipment delivery. Our streamlined credit and documentation process enabled Stonebriar to respond in an efficient and timely manner.\" Since its inception in April, Stonebriar has funded over $130 million in new business with another $160 million in approved backlog. \nStonebriar specializes in transactions for businesses in a wide variety of industries throughout the entire credit spectrum located in the United States, Canada and select other foreign jurisdictions. Stonebriar is a privately held commercial finance company established in April, 2015 and based in Plano, TX. With financial backing from Security Benefit Corporation, Stonebriar is building a world class, multi-billion dollar platform of commercial loans and leases. Today's Other News", "external_links": [], "published": "2015-10-26T13:16:00.000+02:00", "crawled": "2015-10-26T17:14:02.114+02:00", "highlightTitle": ""}