{"organizations": [], "uuid": "047c1c39af06b6ac2cca6bd9eda8b2720cf9979b", "thread": {"social": {"gplus": {"shares": 0}, "pinterest": {"shares": 0}, "vk": {"shares": 0}, "linkedin": {"shares": 0}, "facebook": {"likes": 0, "shares": 0, "comments": 0}, "stumbledupon": {"shares": 0}}, "site_full": "uk.finance.yahoo.com", "main_image": "https://s.yimg.com/bt/api/res/1.2/MEwygcdAcdledO3JnLBp0A--/YXBwaWQ9eW5ld3NfbGVnbztpbD1wbGFuZTtxPTc1O3c9NjAw/http://globalfinance.zenfs.com/images/UK_AFTP_AFP_LIVE_1/447a74fc1a36c35f2b6c52da34172dd3c1a6ce09_original.jpg", "site_section": "https://uk.finance.yahoo.com/news/topic-top-stories/?format=rss", "section_title": "Top stories from Yahoo! Finance UK", "url": "https://uk.finance.yahoo.com/news/air-france-cut-nearly-1-143604288.html", "country": "GB", "title": "Air France to cut nearly 1,000 jobs despite violent protests", "performance_score": 0, "site": "yahoo.com", "participants_count": 0, "title_full": "Air France to cut nearly 1,000 jobs despite violent protests", "spam_score": 0.0, "site_type": "news", "published": "2015-10-18T17:36:00.000+03:00", "replies_count": 0, "uuid": "047c1c39af06b6ac2cca6bd9eda8b2720cf9979b"}, "author": "", "url": "https://uk.finance.yahoo.com/news/air-france-cut-nearly-1-143604288.html", "ord_in_thread": 0, "title": "Air France to cut nearly 1,000 jobs despite violent protests", "locations": [], "entities": {"persons": [], "locations": [], "organizations": []}, "highlightText": "", "language": "english", "persons": [], "text": "Tip : Use comma (,) to separate multiple quotes. Learn more... \nSun, Oct 18, 2015, 16:31 BST - UK Markets closed Air France to cut nearly 1,000 jobs despite violent protests AFP – 55 minutes ago View Photo \n\nAir France (Paris: FR 31122 - news ) will go ahead as planned and cut almost 1,000 jobs in 2016 under the first part of a restructuring plan that triggered violent protests, the chief executive of Air France-KLM (Other OTC: AFLYY - news ) said Sunday. \nThe remaining cuts planned for 2017 can still be avoided if negotiations with unions are successful before the start of next year, Alexandre de Juniac said in a joint interview with RTL radio, LCI television and the Le Figaro daily. \nThe struggling airline's restructuring plan -- unveiled on October 5 after pilots rejected a proposal to work longer hours -- made headlines around the world earlier when executives were manhandled by furious workers.Human resources manager Xavier Broseta had his shirt ripped off as he clambered over barriers to escape, helped by security guards, while another executive had his shirt and jacket torn in the scrum. \nAir France plans to cut 2,900 jobs over 2016 and 2017, and in the interview, De Juniac said that next year's portion of the restructuring plan was already under way. \nHe remained evasive about the exact number of job cuts next year -- which will involve voluntary departures -- saying they would represent \"less than a third of the total\" of the planned 2,900 layoffs. \nAsked whether this would represent nearly 1,000 posts, he responded: \"Less than that.\" \n\"If negotiations are successful by the beginning of next year, we can avoid implementing 2017's plan B.\"", "external_links": [], "published": "2015-10-18T17:36:00.000+03:00", "crawled": "2015-10-18T18:36:46.408+03:00", "highlightTitle": ""}