{"organizations": ["House of Lords"], "uuid": "3152c5921ebc3b751ae01828ee54c1b4bbed5023", "thread": {"social": {"gplus": {"shares": 0}, "pinterest": {"shares": 0}, "vk": {"shares": 0}, "linkedin": {"shares": 0}, "facebook": {"likes": 0, "shares": 0, "comments": 0}, "stumbledupon": {"shares": 0}}, "site_full": "www.therepublic.com", "main_image": "http://d1bdhkmqqz901h.cloudfront.net/fit-in/1200x630/filters:fill(white)/cdn1.therepublic.com/tr_assets/images/TheRepublic-Icon-2048x2048.jpg", "site_section": "http://www.therepublic.com/feed/subject/523699d088e910048f41f8851349f9bd", "section_title": "Government finance News from TheRepublic.com", "url": "http://www.therepublic.com/view/story/2b05003483c54e019d676339657ec771/EU--Britain-Politics", "country": "US", "title": "UK's House of Lords hands Cameron defeat on tax credit cuts", "performance_score": 0, "site": "therepublic.com", "participants_count": 0, "title_full": "UK's House of Lords hands Cameron defeat on tax credit cuts", "spam_score": 0.0, "site_type": "news", "published": "2015-10-26T23:07:00.000+02:00", "replies_count": 0, "uuid": "3152c5921ebc3b751ae01828ee54c1b4bbed5023"}, "author": "", "url": "http://www.therepublic.com/view/story/2b05003483c54e019d676339657ec771/EU--Britain-Politics", "ord_in_thread": 0, "title": "UK's House of Lords hands Cameron defeat on tax credit cuts", "locations": ["UK"], "entities": {"persons": [], "locations": [], "organizations": []}, "highlightText": "", "language": "english", "persons": ["David Cameron"], "text": "UK's unelected House of Lords hands PM David Cameron stinging defeat on tax credit cuts \nBy GREGORY KATZ and JILL LAWLESS Published: 10/26/15 5:07 pm EDT - Updated: 10/26/15 5:07 pm EDT \nLONDON — Britain's unelected House of Lords on Monday dealt a strong defeat to the government of Prime Minister David Cameron by voting to delay a cut in tax credits. \nThe 307 to 277 vote in favor of halting the cuts puts the House of Lords in a rare clash with the House of Commons, which backed the measure supported by Cameron and his ministers as part of the deficit reduction plan. \nThe cuts would affect tax credits for parents and people in low-income jobs. The Labour Party and a number of Conservative lawmakers oppose the cuts arguing that backing the measure would weaken the party's claim to represent working people. \nAfter an emotional debate, the House of Lords took the unusual step of refusing to back a Commons' vote involving fiscal matters. The Lords traditionally let the lower House of Commons' position on finances stand. \nIn the House of Commons, Conservative Party lawmaker Edward Leigh said the rights of legislators are being trampled by the unelected Lords. \n\"Not for 100 years has the House of Lords defied this elected House,\" he said after the Lords' vote tally was announced. \nCritics said as many as 3 million people would be worse off under the proposed changes, the latest in a string of government spending cuts that are part of the austerity plan enacted by Cameron and Treasury chief George Osborne . \nThe government had claimed the cuts will be offset by other measures, including a higher minimum wage. \nBy tradition, the House of Lords can only revise, and not overturn, legislation passed by the Commons. But the tax-credit changes take the form of new regulations rather than a new law, so members of the Lords asserted they have the power to stop them. \nLabour Treasury spokesman John McDonnell had urged the government to do a \"U-turn\" on the measures to protect British workers. \n\"These are people who go to work, look after their kids, do everything asked of them and they are going to lose, on average, about 1,300 pounds ($2,000) a year,\" he said. \nCameron insisted this week that the cuts were necessary. \n   ", "external_links": [], "published": "2015-10-26T23:07:00.000+02:00", "crawled": "2015-10-26T23:21:06.024+02:00", "highlightTitle": ""}