{"organizations": [], "uuid": "56a7cbe90e233cdd11f1a7ef8fd1984d477fa789", "thread": {"social": {"gplus": {"shares": 0}, "pinterest": {"shares": 0}, "vk": {"shares": 0}, "linkedin": {"shares": 0}, "facebook": {"likes": 0, "shares": 0, "comments": 0}, "stumbledupon": {"shares": 0}}, "site_full": "www.wsj.com", "main_image": "", "site_section": "http://www.wsj.com/news/world/asia", "section_title": "Asia Business, Finance &amp; Political News - The Wall Street Journal", "url": "http://www.wsj.com/articles/myanmar-to-open-yangon-stock-exchange-in-early-december-1444775353", "country": "US", "title": "Myanmar to Open Yangon Stock Exchange in Early December", "performance_score": 0, "site": "wsj.com", "participants_count": 1, "title_full": "Myanmar to Open Yangon Stock Exchange in Early December - WSJ", "spam_score": 0.0, "site_type": "news", "published": "2015-10-14T02:29:00.000+03:00", "replies_count": 0, "uuid": "56a7cbe90e233cdd11f1a7ef8fd1984d477fa789"}, "author": "Carolyn Cui", "url": "http://www.wsj.com/articles/myanmar-to-open-yangon-stock-exchange-in-early-december-1444775353", "ord_in_thread": 0, "title": "Myanmar to Open Yangon Stock Exchange in Early December", "locations": [], "entities": {"persons": [], "locations": [], "organizations": []}, "highlightText": "", "language": "english", "persons": [], "text": "The Yangon Stock Exchange will open in early December, according to Myanmar’s deputy finance minister, opening to foreign investors one of the world’s last untapped so-called frontier markets.\n”We expect to launch in the first or second week of December,” said the minister, Maung Maung Thein, during an interview with The Wall Street Journal on Tuesday.\nThe stock exchange was originally expected to open this month, but the... To Read the Full Story, Subscribe or Sign In", "external_links": [], "published": "2015-10-14T02:29:00.000+03:00", "crawled": "2015-10-14T01:31:10.505+03:00", "highlightTitle": ""}