{"organizations": [], "uuid": "ae23b935298c6f7557f54036ddf9386e218b39b2", "thread": {"social": {"gplus": {"shares": 0}, "pinterest": {"shares": 0}, "vk": {"shares": 0}, "linkedin": {"shares": 0}, "facebook": {"likes": 0, "shares": 0, "comments": 0}, "stumbledupon": {"shares": 0}}, "site_full": "www.reuters.com", "main_image": "", "site_section": "http://www.reuters.com/finance/personal-finance", "section_title": "Wealth, Personal Finance &amp; Money | Reuters.com", "url": "http://www.reuters.com/article/2015/10/26/financial-moves-idUSL3N12Q4MF20151026", "country": "US", "title": "MOVES-Willis, Banca IMI, BNP, AXA Investment Managers", "performance_score": 0, "site": "reuters.com", "participants_count": 1, "title_full": "MOVES-Willis, Banca IMI, BNP, AXA Investment Managers | Reuters", "spam_score": 0.0, "site_type": "news", "published": "2015-10-26T16:52:00.000+02:00", "replies_count": 0, "uuid": "ae23b935298c6f7557f54036ddf9386e218b39b2"}, "author": "Reuters", "url": "http://www.reuters.com/article/2015/10/26/financial-moves-idUSL3N12Q4MF20151026", "ord_in_thread": 0, "title": "MOVES-Willis, Banca IMI, BNP, AXA Investment Managers", "locations": [], "entities": {"persons": [], "locations": [], "organizations": []}, "highlightText": "", "language": "english", "persons": [], "text": "Oct 26 The following financial services industry appointments were announced on Monday. To inform us of other job changes, email moves@thomsonreuters.com.\nWILLIS GROUP HOLDINGS\nThe world's oldest insurance broker appointed Mary O'Connor as chief executive of Willis GB's financial lines division.\nBANCA IMI\nThe investment bank of Italian lender Intesa Sanpaolo has named Alberto Viarengo as head of debt markets, running the bank's origination and syndicate businesses across Europe, the United States and emerging markets.\nBNP PARIBAS SA\nKai Harden has resigned from BNP Paribas where he was co-head of financial institutions group debt capital markets for Germany, Austria and Switzerland, a source close to the matter said.\nAXA INVESTMENT MANAGERS\nThe asset management unit of AXA SA, appointed Simon Weston as senior equity fund manager in its Hong Kong office.\nTOWERS WATSON & CO\nThe human resources services provider hired three consultants to bolster its global hedge fund research and advisory capabilities. (Compiled by Sruthi Shankar in Bengaluru)", "external_links": [], "published": "2015-10-26T16:52:00.000+02:00", "crawled": "2015-10-26T16:07:59.378+02:00", "highlightTitle": ""}