{"organizations": [], "uuid": "e599bdc12bb5e1836862afad4d58800d501707c6", "thread": {"social": {"gplus": {"shares": 0}, "pinterest": {"shares": 0}, "vk": {"shares": 0}, "linkedin": {"shares": 0}, "facebook": {"likes": 0, "shares": 0, "comments": 0}, "stumbledupon": {"shares": 0}}, "site_full": "www.marketwatch.com", "main_image": "http://s.marketwatch.com/public/resources/MWimages/MW-CI458_DellMi_MG_20140619104701.jpg", "site_section": "http://finance.yahoo.com/news/provider-marketwatch/", "section_title": "MarketWatch News Archive - Yahoo! Finance", "url": "http://www.marketwatch.com/story/dell-to-buy-emc-for-67-billion-2015-10-12-71033436", "country": "US", "title": "Dell to buy EMC for $67 billion", "performance_score": 0, "site": "marketwatch.com", "participants_count": 6, "title_full": "Dell to buy EMC for $67 billion - MarketWatch", "spam_score": 0.0, "site_type": "news", "published": "2015-10-12T03:00:00.000+03:00", "replies_count": 5, "uuid": "fdffaa90c713c3388fb1b9310a01a4ed5e5fb742"}, "author": "Lisa Beilfuss", "url": "http://www.marketwatch.com/story/dell-to-buy-emc-for-67-billion-2015-10-12-71033436#post-0", "ord_in_thread": 0, "title": "Dell to buy EMC for $67 billion", "locations": [], "entities": {"persons": [], "locations": [], "organizations": []}, "highlightText": "", "language": "english", "persons": [], "text": "Getty Images Dell CEO Michael Dell Dell Inc. and private-equity firm Silver Lake will buy EMC Corp. for roughly $67 billion in cash and stock, marking one of the largest technology-industry takeovers ever.\nThe $33.15 a share price tag represents a 19% premium over Friday’s closing price for EMC.\nVMware VMW, +1.75% in which EMC EMC, +2.50% owns about 80%, will remain a publicly traded company. EMC holders will receive $24.05 a share in cash and in addition to tracking stock linked to a portion of EMC’s economic interest in the VMware business. VMware has a market value of about $33 billion. Dell said EMC shareholders are expected to receive about 0.111 shares of new tracking stock for each EMC share. Shares of VMware closed at $78.65 Friday.\nThe value of the tracking stock may vary from the market price of VMware given the different characteristics and rights of the two stocks, Dell said.\nEMC said late last year that it was exploring strategic options. The company has been under pressure to boost its stock price since last year, when activist hedge fund Elliott Management Corp. took a roughly 2% stake in the company and urged it to spin off VMware, which has a market value of $34 billion. An arrangement struck in January between Elliott and EMC that had barred the fund from publicly pressuring EMC expired last month.\nAn expanded version of this report appears at WSJ.com.\n ", "external_links": ["http://www.wsj.com/articles/dell-to-buy-emc-for-67-billion-1444649012/?mod=mktw"], "published": "2015-10-12T03:00:00.000+03:00", "crawled": "2015-10-12T16:10:31.284+03:00", "highlightTitle": ""}