{"organizations": [], "uuid": "325e81f7fce5c954d5ae640292b713b56e8fdf05", "thread": {"social": {"gplus": {"shares": 0}, "pinterest": {"shares": 0}, "vk": {"shares": 0}, "linkedin": {"shares": 0}, "facebook": {"likes": 0, "shares": 0, "comments": 0}, "stumbledupon": {"shares": 0}}, "site_full": "www.afr.com", "main_image": "http://www.afr.com/content/dam/images/g/k/a/l/p/x/image.related.afrArticleLead.620x365.gk9fac.png/1444981072485.jpg", "site_section": "http://www.afr.com/", "section_title": "Financial Review - Business, Finance and Investment News | afr.com", "url": "http://www.afr.com/news/politics/privatisation-of-government-services-an-option-says-treasurer-scott-morrison-20151014-gk9fac", "country": "AU", "title": "Privatisation of government services an option, says Treasurer Scott Morrison", "performance_score": 0, "site": "afr.com", "participants_count": 1, "title_full": "Privatisation of government services an option, says Treasurer Scott Morrison | afr.com", "spam_score": 0.0, "site_type": "news", "published": "2015-10-16T21:15:00.000+03:00", "replies_count": 0, "uuid": "325e81f7fce5c954d5ae640292b713b56e8fdf05"}, "author": "Phillip Coorey", "url": "http://www.afr.com/news/politics/privatisation-of-government-services-an-option-says-treasurer-scott-morrison-20151014-gk9fac", "ord_in_thread": 0, "title": "Privatisation of government services an option, says Treasurer Scott Morrison", "locations": [], "entities": {"persons": [], "locations": [], "organizations": []}, "highlightText": "", "language": "english", "persons": [], "text": "West Australian Treasurer Mike Nahan during the meeting with federal Treasurer Scott Morrison and the state and territory treasurers. Kate Geraghty Share on twitter by Phillip Coorey The Turnbull government is planning a new era of federal incentive payments designed to encourage the states to open up their social services to competition and help boost economic growth as the mining boom fades.\nDuring Friday's meeting between federal and state Treasurers, the federal Treasurer Scott Morrison, as promised, put on the table recommendations from the Harper review into competition that suggests the states should open up the delivery of health and other human and social services to the private sector.\nSources said Mr Morrison confirmed, when asked by the Treasurers, that he was contemplating incentive payments similar to those given to the states during the 1990s in return for them implementing the wave of national competition reforms and deregulation measures recommended by Professor Fred Hilmer.\nMr Morrison said afterwards he believed the Harper reforms had the capacity to boost national economic growth by at least the 2.5 per cent attributed to the Hilmer reforms.\n\"The Harper Review has the potential to unlock, if acted upon, enormous economic opportunities for Australia, not the unlike what was achieved when we realised 2.5 per cent growth by implementing the Hilmer reforms,\" he said.\n\"Today I've been able to get a very good indication of the willingness and appetite of the states and territories to engage in that process and it is now for us to … chart out an institutional framework for how they can be driven, in the same way as back under the Hilmer process.\n\"This is an exciting area but very early days, there are key principles to work off and flesh them out to ensure at the next meeting we can consider how that process can be managed.\"\nThe Treasurers also discussed tax reform but little progress was made in terms of an agreement. Sources said Mr Morrison presented a slide show of Treasury modelling of the various tax options that were put forward by the Premiers and then-prime minister Tony Abbott at a leaders' retreat in August.\n This included the affect of broadening the base of the GST, lifting the rate, and doing both at once. He also showed the effect of doubling the Medicare Levy from 2 per cent to 4 per cent, as proposed by Victoria and Queensland as an alternative to the GST.\nModelling not released The government refused to release the modelling but it was believed to be similar to that prepared by the states and presented to earlier gatherings. For example, the NSW government estimated that by 2020, a 15 per cent GST rate applied to the existing base of the GST, would raise an extra $36 billion a year.\nDoubling the Medicare levy would raise much more and cover the growing gap in health funding, which is forecast to reach $35 billion a year by 2030.\nBut this would drive the top marginal tax rate to 51 per cent and Mr Morrison again indicated on Friday he was happy to model it but would never support it.\nHe emphasised repeatedly that the tax options were just that, and the government was still in the \"discovery phase\" of tax reform.\nBut Mr Morrison stressed that with falling commodity prices, the economy needed more than tax reform to boost growth.\nHe said the Harper review had been bogged down in a debate about changing Section 46 of the Competition Act to introduce an effects test and while that was important, there were many other good recommendations which had economy-boosting potential.\nSouth Australian Treasurer Tom Koutsantonis said he and his colleagues were \"very happy\" that Mr Morrison had breathed life back\" into the Harper review.\n\"This is the next wave of reform and it's important to do more. Let's see what the incentives are,\" he said.", "external_links": ["https://twitter.com/PhillipCoorey"], "published": "2015-10-16T21:15:00.000+03:00", "crawled": "2015-10-16T20:07:23.784+03:00", "highlightTitle": ""}