{"organizations": [], "uuid": "b2f00486dff42b2528f431ec748c427ec4c4b288", "thread": {"social": {"gplus": {"shares": 0}, "pinterest": {"shares": 0}, "vk": {"shares": 0}, "linkedin": {"shares": 0}, "facebook": {"likes": 0, "shares": 0, "comments": 0}, "stumbledupon": {"shares": 0}}, "site_full": "www.reuters.com", "main_image": "", "site_section": "http://www.reuters.com/finance/personal-finance", "section_title": "Wealth, Personal Finance &amp; Money | Reuters.com", "url": "http://www.reuters.com/article/2015/10/19/usa-fed-lacker-idUSL1N12J13B20151019", "country": "US", "title": "UPDATE 2-Richmond Fed's Lacker cancels speech due to illness", "performance_score": 0, "site": "reuters.com", "participants_count": 1, "title_full": "UPDATE 2-Richmond Fed's Lacker cancels speech due to illness | Reuters", "spam_score": 0.0, "site_type": "news", "published": "2015-10-19T20:00:00.000+03:00", "replies_count": 0, "uuid": "b2f00486dff42b2528f431ec748c427ec4c4b288"}, "author": "Reuters", "url": "http://www.reuters.com/article/2015/10/19/usa-fed-lacker-idUSL1N12J13B20151019", "ord_in_thread": 0, "title": "UPDATE 2-Richmond Fed's Lacker cancels speech due to illness", "locations": [], "entities": {"persons": [], "locations": [], "organizations": []}, "highlightText": "", "language": "english", "persons": [], "text": "(Adds content of speech)\nRICHMOND, Va. Oct 19 (Reuters) - Richmond Federal Reserve President Jeffrey Lacker canceled a speech scheduled for Monday because he was suffering from bronchitis, a spokeswoman for the bank said.\nLacker, who is a voting member on the Fed's policy setting board this year, was due to discuss early childhood education and then take questions from the audience.\nHis prepared remarks, which were to be delivered by another official from the bank, had no comment on the outlook for the U.S. economy of monetary policy. (Reporting by Jason Lange in Richmond, Va.; Editing by Doina Chiacu and Chizu Nomiyama )", "external_links": [], "published": "2015-10-19T20:00:00.000+03:00", "crawled": "2015-10-19T19:10:21.524+03:00", "highlightTitle": ""}