{"organizations": [], "uuid": "0e6618a91d5a2a6e8a05c297ed52ead432a404a3", "thread": {"social": {"gplus": {"shares": 0}, "pinterest": {"shares": 0}, "vk": {"shares": 0}, "linkedin": {"shares": 0}, "facebook": {"likes": 0, "shares": 0, "comments": 0}, "stumbledupon": {"shares": 0}}, "site_full": "www.cbs8.com", "main_image": "", "site_section": "http://www.cbs8.com/category/272461/business-finance", "section_title": "Business: Finance - CBS News 8 - San Diego, CA News Station - KFMB Channel 8", "url": "http://www.cbs8.com/story/30291593/dolphin-introduces-sap-hana-cloud-platform-based-accounts-payable-application-at-sap-teched", "country": "US", "title": "Dolphin Introduces SAP HANA Cloud Platform based Accounts Payable Application at SAP TechEd", "performance_score": 0, "site": "cbs8.com", "participants_count": 1, "title_full": "Dolphin Introduces SAP HANA Cloud Platform based Accounts Payable Application at SAP TechEd - CBS News 8 - San Diego, CA News Station - KFMB Channel 8", "spam_score": 0.0, "site_type": "news", "published": "2015-10-19T12:11:00.000+03:00", "replies_count": 0, "uuid": "0e6618a91d5a2a6e8a05c297ed52ead432a404a3"}, "author": "cbs8", "url": "http://www.cbs8.com/story/30291593/dolphin-introduces-sap-hana-cloud-platform-based-accounts-payable-application-at-sap-teched", "ord_in_thread": 0, "title": "Dolphin Introduces SAP HANA Cloud Platform based Accounts Payable Application at SAP TechEd", "locations": [], "entities": {"persons": [], "locations": [], "organizations": []}, "highlightText": "", "language": "english", "persons": [], "text": "Chief Technology Officer Vishal Awasthi to Discuss Benefits of the Company’s Innovative Invoice Approvals Application for SAP HANA® Cloud Platform\nMogran Hill, CA and Toronto Canada (PRWEB) October 19, 2015\nDolphin Enterprise Solutions Corporation (Dolphin), an SAP partner and provider of solutions in support of SAP® software, today announced that during the SAP TechEd® conference, it will showcase a new application developed for SAP HANA® Cloud Platform. The conference takes place October 19-23 in Las Vegas. Dolphin’s executives and experts will participate in multiple networking sessions at the event. Attendees can visit Dolphin in booth #153A and hear from Dolphin during the following sessions:\nExtending the Reach of SAP Applications through the Cloud – An SAP HANA Cloud Platform Case Study: Vishal Awasthi, chief technology officer of Dolphin, will discuss Dolphin’s Advanced Approvals application for SAP HANA Cloud Platform. Awasthi discusses how this cloud-based application, which is based on the SAP Fiori® user experience, simplifies and accelerates the invoice approval and exception-handling process. This session will take Tuesday, October 20 at 4:00 p.m. in Lounge 6, Show Floor.\nMoving to SAP S/4HANA? Proven Strategies to Keep Information but Lose the Cost of Legacy Systems: Dr. Werner Hopf, CEO of Dolphin, will discuss how organizations can reap the benefits of moving to SAP Business Suite 4 SAP HANA (SAP S/4HANA) (on premise, or the cloud) by having a plan to manage or decommission legacy systems. He discusses strategies for retaining valuable information and reducing costs through data archiving. This session will take place Wednesday, October 22 at 11:00 a.m., Lounge 7, Show Floor.\n“As an innovative solutions company focused on both technology and processes, The Dolphin Advanced Approval Application provides customers with a cloud based SAP integrated modern user experience for reviewing, correcting and approving invoices,” said Awasthi. “Offering this application on SAP HANA Cloud Platform provides customers with a very simple and agile way to address a common pain point in invoice processing, while also minimizing the complexity, IT costs and collateral risk to the core system of records.”\nThe SAP TechEd conference focuses on technology with an emphasis on collaboration and hands-on workshops, going beyond technical education.\nMore than a third of FORTUNE 100 organizations that deploy SAP solutions partner with Dolphin to utilize its SAP software–specific business process management and information lifecycle management solutions. Dolphin focuses exclusively on SAP databases and develops solutions that enable enterprises to get the most from their SAP technology while improving cash flow, lowering costs and mitigating risk. Dolphin is a 100% employee-owned company, and recently announced that the company’s innovative approach to developing applications and solutions that manage both data and processes helped propel it to its most successful quarter in its 20-year history. To learn more visit dolphin-corp.com.\nAbout Dolphin\nDolphin leads the way in business performance improvement for companies running SAP solutions by helping manage both data and processes. From data and information lifecycle management to end-to-end solutions for procure-to-pay and order-to-cash processes based on SAP software, Dolphin delivers a competitive advantage that can drive cost savings, optimize cash flows and foster a lower total cost of ownership. Based on SAP technology, Dolphin’s data lifecycle and business process management solutions and add-on applications with SAP-certified integration have built-in flexibility and are designed to be tailored to each customer’s specific business processes and IT environments.\nThe company was founded in 1995 and has offices in San Jose, CA, Philadelphia, PA, and Toronto, Canada. Dolphin’s smart, adaptable and proven solutions are implemented by hundreds of companies across North America and around the world. To learn more visit dolphin-corp.com\n# # #\nSAP, TechEd, SAP HANA, SAP Fiori and other SAP products and services mentioned herein as well as their respective logos are trademarks or registered trademarks of SAP SE (or an SAP affiliate company) in Germany and other countries. See sap.com/corporate-en/legal/copyright/index.epx for additional trademark information and notices. All other product and service names mentioned are the trademarks of their respective companies.\n //www.prweb.com/releases/2015/10/prweb13028980.htm\n ", "external_links": ["http://www.prweb.com/releases/2015/10/prweb13028980.htm", "http://www.dolphin-corp.com/ss/Dolphin_Advanced_Approvals_App_HANA_Cloud_Platform_SS.pdf", "http://www.dolphin-corp.com/dolphin-solutions/", "http://www.dolphin-corp.com/sap-teched/"], "published": "2015-10-19T12:11:00.000+03:00", "crawled": "2015-10-19T11:39:22.253+03:00", "highlightTitle": ""}