{"organizations": [], "uuid": "a62780b4f486096d50f4f04e7b62c847a0999ca0", "thread": {"social": {"gplus": {"shares": 0}, "pinterest": {"shares": 0}, "vk": {"shares": 0}, "linkedin": {"shares": 0}, "facebook": {"likes": 0, "shares": 0, "comments": 0}, "stumbledupon": {"shares": 0}}, "site_full": "uk.finance.yahoo.com", "main_image": "https://s1.yimg.com/bt/api/res/1.2/M7vS95b2fvSzHFeFStPk0A--/YXBwaWQ9eW5ld3NfbGVnbztxPTc1O3c9NjAw/http://l.yimg.com/os/mit/media/m/social/images/social_default_logo-1481777.png", "site_section": "https://uk.finance.yahoo.com/news/sector-basic-materials/?format=rss", "section_title": "Basic Resources News | Yahoo! Finance", "url": "https://uk.finance.yahoo.com/news/ftse-250-movers-oil-companies-164100085.html", "country": "US", "title": "FTSE 250 movers: Oil companies and oilfield services on the slide", "performance_score": 0, "site": "yahoo.com", "participants_count": 0, "title_full": "FTSE 250 movers: Oil companies and oilfield services on the slide", "spam_score": 0.0, "site_type": "news", "published": "2015-10-19T19:41:00.000+03:00", "replies_count": 0, "uuid": "a62780b4f486096d50f4f04e7b62c847a0999ca0"}, "author": "", "url": "https://uk.finance.yahoo.com/news/ftse-250-movers-oil-companies-164100085.html", "ord_in_thread": 0, "title": "FTSE 250 movers: Oil companies and oilfield services on the slide", "locations": [], "entities": {"persons": [], "locations": [], "organizations": []}, "highlightText": "", "language": "english", "persons": [], "text": "6.057 -0.913 \nLONDON (ShareCast) - (ShareCast News) - The FTSE 250 crawled back into positive territory on Monday afternoon after the UK mid-cap lost momentum from its early spike. By 1550 BST the index was up 0.12% at 16,913.29, helped along by the steady climbing of Pace (Other OTC: PCMXF - news ) despite the set-top box maker's £1.4bn proposed merger with US-based Arris being hit by regulatory delays. With antitrust watchdogs in Brazil, Colombia and the US all wanting to examine the deal further, Arris announced that it now believed that closing of the transaction will not occur until late December or the first quarter of 2016. \nRising even higher was NMC Health (LSE: NMC.L - news ) , retracing some of its aggressive move south on Friday. The company still harbours aspirations of acquiring fellow Abu Dhabi health group Al Noor, even though the target firm has agreed a reverse takeover with larger South African rival Mediclinic. NMC (Other OTC: NMCX - news ) last week reiterated its belief in the competitiveness of its possible offer but admitted it had been denied much meaningful engagement with the board of Al Noor. \nOil companies made up many of the fallers on Monday, as various factors weighed on the sector, seeing stocks such as Nostrum Oil & Gas (Stuttgart: 3NO.SG - news ) , Premier Oil (LSE: PMO.L - news ) and Tullow slipping lower. \nNews (Other OTC: NWSAL - news ) of China's economic growth slowing below 7% for the first time since the financial crisis cast a cloud over the demand for natural resources. \nRatings agency Moody's also trimmed its forecasts for oil prices, estimating that both decelerating demand and oversupply issues will make any rebound slower than expected. The rating agency downgraded it 2016 price assumptions for Brent crude to $53 per barrel, down from $57, with WTI given a haircut to $48 per barrel from $52. \nPoor quarterly results from Halliburton (Hanover: HAL.HA - news ) , a few days after dismal numbers from fellow oil field giant Schlumberger (LSE: 0CT7.L - news ) , also had read across for UK-listed companies. Energy services provider Hunting (Other OTC: HNTIF - news ) and global oilfield services company Petrofac (Amsterdam: PF6.AS - news ) were both sent lower as their US peers lamented weak demand for services to the energy industry. \nMarket Movers FTSE 100 (UKX) 6,346.70 -0.49% FTSE 250 (MCX) 16,915.91 0.14% FTSE 250 - Risers NMC Health (NMC) 776.50p 6.22% Pace (PIC) 382.70p 3.63% Big Yellow Group (BYG) 709.50p 3.35% esure Group (ESUR) 249.50p 3.10% Provident Financial (Other OTC: FPLPF - news ) (PFG) 3,449.00p 2.96% Ted Baker (Other OTC: TBAKF - news ) (TED) 2,859.00p 2.84% Workspace Group (LSE: WKP.L - news ) (WKP) 934.00p 2.64% Booker Group (LSE: BOK.L - news ) (BOK) 182.00p 2.48% OneSavings Bank (Stuttgart: 2OS.SG - news ) (OSB) 375.80p 2.45% Wetherspoon (J.D.) (JDW) 758.50p 2.43% FTSE 250 - Fallers Nostrum Oil & Gas (NOG (Taiwan OTC: 5279.TWO - news ) ) 472.60p -9.46% Premier Oil (PMO) 80.20p -6.74% Kaz Minerals (LSE: KAZ.L - news ) (KAZ) 128.10p -6.29% Evraz (EVR) 88.05p -5.32% Tullow Oil (LSE: TLW.L - news ) (TLW) 230.80p -5.22% Vedanta Resources (Other OTC: VDNRF - news ) (VED) 549.00p -4.77% Ophir Energy (Other OTC: OPGYF - news ) (OPHR) 93.55p -4.54% Hunting (Frankfurt: 0YT.F - news ) (HTG) 411.00p -4.44% Petrofac Ltd. (PFC) 899.50p -3.69% AO World (Other OTC: AOWDF - news ) (AO.) 151.10p -3.27%", "external_links": [], "published": "2015-10-19T19:41:00.000+03:00", "crawled": "2015-10-19T20:06:09.495+03:00", "highlightTitle": ""}