{"organizations": ["S&P"], "uuid": "6516ab4c68559f998f6d4339f8d079e8efac13e4", "thread": {"social": {"gplus": {"shares": 0}, "pinterest": {"shares": 0}, "vk": {"shares": 0}, "linkedin": {"shares": 0}, "facebook": {"likes": 0, "shares": 0, "comments": 0}, "stumbledupon": {"shares": 0}}, "site_full": "uk.finance.yahoo.com", "main_image": "https://s.yimg.com/bt/api/res/1.2/YOsFDaJQK6O.pHizPoAqdA--/YXBwaWQ9eW5ld3NfbGVnbztpbD1wbGFuZTtxPTc1O3c9NjAw/http://globalfinance.zenfs.com/images/UK_AFTP_AFP_LIVE_1/44eefd4da7535f34c43af8aea4ae0b920b0a2213_original.jpg", "site_section": "https://uk.finance.yahoo.com/news/provider-afp/?format=rss", "section_title": "Finance News | AFP - Yahoo! UK & Ireland Finance", "url": "https://uk.finance.yahoo.com/news/p-upgrades-ukraine-selective-default-174800225.html", "country": "GB", "title": "S&P upgrades Ukraine from 'selective default'", "performance_score": 0, "site": "yahoo.com", "participants_count": 0, "title_full": "S&P upgrades Ukraine from 'selective default'", "spam_score": 0.0, "site_type": "news", "published": "2015-10-19T20:48:00.000+03:00", "replies_count": 0, "uuid": "6516ab4c68559f998f6d4339f8d079e8efac13e4"}, "author": "", "url": "https://uk.finance.yahoo.com/news/p-upgrades-ukraine-selective-default-174800225.html", "ord_in_thread": 0, "title": "S&P upgrades Ukraine from 'selective default'", "locations": ["Ukraine"], "entities": {"persons": [], "locations": [], "organizations": []}, "highlightText": "", "language": "english", "persons": [], "text": "Tip : Use comma (,) to separate multiple quotes. Learn more... \nMon, Oct 19, 2015, 19:26 BST - UK Markets closed S&P upgrades Ukraine from 'selective default' AFP – 26 minutes ago View Photo \n\nStandard (Other OTC: SNDH - news ) and Poor's upgraded Ukraine's credit rating on Monday from \"selective default\" thanks to the cash-strapped former Soviet country's ability to strike a major debt write-down deal. \nThe New York-based agency said it was raising Ukraine's foreign currency sovereign rating from 'SD' to 'B-/B' -- a grade defined as \"highly speculative\" but one that leaves the door open to future borrowing from abroad. \nS&P downgraded Ukraine to selective default on September 25. \nThe war-riven country was then still going through excruciating negotiations with its commercial creditors aimed at easing its outsized debt burden and keeping an IMF-led life support package on track. \n\"The rating action follows the completion of Ukraine's distressed debt exchange on Oct (HKSE: 3366-OL.HK - news ) . 14,\" S&P said in a statement. \n\"Te raising of the ratings to 'B-' reflects the government's gradual implementation of reforms that support fiscal, financial, and economic stability, alongside improvement in some of Ukraine's external indicators, including its increasing international reserves.\" \nForeign cash injections have boosted Ukraine's gold and hard currencies' value to slightly more than $13 billion (11.5 billion euros) -- nearly double the low they had reached at the end of last year. \nYet the upgrade is not all good news for President Petro Poroshenko's austerity-driven government. \nThe rating is still classified as \"junk\" and puts the east European nation of about 40 million out of reach of most sovereign Western investment funds (Other OTC: UBGXF - news ) .", "external_links": [], "published": "2015-10-19T20:48:00.000+03:00", "crawled": "2015-10-19T21:25:54.603+03:00", "highlightTitle": ""}