{"organizations": [], "uuid": "33b2d51b60464883db35b66a2d7e4c89a6a2e26f", "thread": {"social": {"gplus": {"shares": 0}, "pinterest": {"shares": 0}, "vk": {"shares": 0}, "linkedin": {"shares": 0}, "facebook": {"likes": 0, "shares": 0, "comments": 0}, "stumbledupon": {"shares": 0}}, "site_full": "business-news.thestreet.com", "main_image": "", "site_section": "http://business-news.thestreet.com/minute-man-news-center/rss/627", "section_title": "Minute Man News Center : Personal Finance", "url": "http://business-news.thestreet.com/minute-man-news-center/story/bankruptcy-problems-why-millennials-and-gen-xers-are-faced-filing/1", "country": "US", "title": "Bankruptcy Problems: Why Millennials and Gen-Xers Are Faced With Filing", "performance_score": 0, "site": "thestreet.com", "participants_count": 0, "title_full": "Bankruptcy Problems: Why Millennials and Gen-Xers Are Faced With Filing", "spam_score": 0.0, "site_type": "news", "published": "2015-10-01T23:35:00.000+03:00", "replies_count": 0, "uuid": "33b2d51b60464883db35b66a2d7e4c89a6a2e26f"}, "author": "", "url": "http://business-news.thestreet.com/minute-man-news-center/story/bankruptcy-problems-why-millennials-and-gen-xers-are-faced-filing/1", "ord_in_thread": 0, "title": "Bankruptcy Problems: Why Millennials and Gen-Xers Are Faced With Filing", "locations": [], "entities": {"persons": [], "locations": [], "organizations": []}, "highlightText": "", "language": "english", "persons": [], "text": "Trump's Tax Plan: A Tiny Bit of Growth with a Crippling Price Tag \n“I don’t have that much to my name, but I did it more so that we could survive since I am about to have a baby,” she added. While many Millennials and Gen X-ers may have more debt than assets , they should determine if they need to file for bankruptcy \nSeek Counseling Before Filing McKinney sought the free advice of a free credit counselor from Transformance, a member of the National Foundation for Credit Counseling, which provides free or low-cost credit counseling for consumers. \n“She was super nice and talked me through the process,” she said. “She made me feel like I had options and didn’t treat me as though I was stupid.” \nIn 2011, McKinney’s car was totaled during a car accident, and because she did not purchase gap insurance, she still owed $13,000 out of a $23,000 car loan. The auto loan, plus the thousands of dollars she owed the creditors of the six apartment buildings, meant that she would have “been in debt forever,” she said. \n“I am not a hateful person and did not want to file a police report and send my mom to jail,” McKinney said. “The apartment debt made it impossible for me to climb out of debt without filling charges against my mom.” \nConsumers are required by law to seek pre-filing bankruptcy counseling, which can “expose them to other options such as a debt management plan, settle with creditors or not pay the debt at all,” said Catherine Carter, a Colorado Springs, Colo. branch manager for Transformance, a member of the National Foundation for Credit Counseling, which provides free or low-cost credit counseling for consumers. \nDeciding Whether to File for Chapter 7 or 13... 1", "external_links": [], "published": "2015-10-01T23:35:00.000+03:00", "crawled": "2015-10-02T08:46:30.921+03:00", "highlightTitle": ""}