{"organizations": [], "uuid": "ff7793872d33fb17efc6b804a5fbbd4de729c189", "thread": {"social": {"gplus": {"shares": 0}, "pinterest": {"shares": 0}, "vk": {"shares": 0}, "linkedin": {"shares": 0}, "facebook": {"likes": 0, "shares": 0, "comments": 0}, "stumbledupon": {"shares": 0}}, "site_full": "finance.yahoo.com", "main_image": "http://l3.yimg.com/bt/api/res/1.2/M7vS95b2fvSzHFeFStPk0A--/YXBwaWQ9eW5ld3NfbGVnbztxPTc1O3c9NjAw/http://l.yimg.com/os/mit/media/m/social/images/social_default_logo-1481777.png", "site_section": "http://finance.yahoo.com/rss/headline?s=KKR", "section_title": "Yahoo! Finance: KKR News", "url": "http://finance.yahoo.com/news/first-data-rises-2-6-141457883.html", "country": "GB", "title": "First Data rises 2.6 pct in debut, valued at $14.4 bln - Yahoo Finance", "performance_score": 0, "site": "yahoo.com", "participants_count": 1, "title_full": "First Data rises 2.6 pct in debut, valued at $14.4 bln - Yahoo Finance", "spam_score": 0.0, "site_type": "news", "published": "2015-10-15T03:00:00.000+03:00", "replies_count": 0, "uuid": "ff7793872d33fb17efc6b804a5fbbd4de729c189"}, "author": "yahoo", "url": "http://finance.yahoo.com/news/first-data-rises-2-6-141457883.html", "ord_in_thread": 0, "title": "First Data rises 2.6 pct in debut, valued at $14.4 bln - Yahoo Finance", "locations": [], "entities": {"persons": [], "locations": [], "organizations": []}, "highlightText": "", "language": "english", "persons": [], "text": "Oct 15 (Reuters) - Shares in First Data Corp rose 2.6 percent in their debut on Thursday, valuing the payment processor at $14.42 billion in the largest initial public offering this year.\nThe company raised $2.56 billion by selling 160 million shares at $16 each, below the indicated range of $18 to $20.\n(Reporting by Rachel Chitra and Richa Naidu in Bengaluru; Editing by Ted Kerr)\nCurrency First Data Corp", "external_links": [], "published": "2015-10-15T03:00:00.000+03:00", "crawled": "2015-10-15T20:58:56.986+03:00", "highlightTitle": ""}