{"organizations": ["Reuters", "Barclays", "Wachovia"], "uuid": "9f4662aaaf757be082f1962904c34eb60b35d732", "thread": {"social": {"gplus": {"shares": 0}, "pinterest": {"shares": 0}, "vk": {"shares": 0}, "linkedin": {"shares": 0}, "facebook": {"likes": 0, "shares": 0, "comments": 0}, "stumbledupon": {"shares": 0}}, "site_full": "uk.finance.yahoo.com", "main_image": "https://s1.yimg.com/bt/api/res/1.2/M7vS95b2fvSzHFeFStPk0A--/YXBwaWQ9eW5ld3NfbGVnbztxPTc1O3c9NjAw/http://l.yimg.com/os/mit/media/m/social/images/social_default_logo-1481777.png", "site_section": "https://uk.finance.yahoo.com/news/personal-finance-mortgages/?format=rss", "section_title": "Mortgages News | Headlines - Yahoo! Finance UK", "url": "https://uk.finance.yahoo.com/news/barclays-wachovia-pay-378-mln-192746278.html", "country": "GB", "title": "Barclays, Wachovia to pay $378 mln to settle U.S. mortgage claims", "performance_score": 0, "site": "yahoo.com", "participants_count": 0, "title_full": "Barclays, Wachovia to pay $378 mln to settle U.S. mortgage claims", "spam_score": 0.0, "site_type": "news", "published": "2015-10-19T23:42:00.000+03:00", "replies_count": 0, "uuid": "9f4662aaaf757be082f1962904c34eb60b35d732"}, "author": "", "url": "https://uk.finance.yahoo.com/news/barclays-wachovia-pay-378-mln-192746278.html", "ord_in_thread": 0, "title": "Barclays, Wachovia to pay $378 mln to settle U.S. mortgage claims", "locations": ["U.S.", "UK"], "entities": {"persons": [], "locations": [], "organizations": []}, "highlightText": "", "language": "english", "persons": [], "text": "  Barclays, Wachovia to pay $378 mln to settle U.S. mortgage claims Reuters - UK Focus – 2 hours 5 minutes ago \n(Adds background and byline) \nBy Dena Aubin \nNEW YORK, Oct (HKSE: 3366-OL.HK - news ) 19 (Reuters) - British bank Barclays Plc (LSE: BARC.L - news ) and U.S (Other OTC: UBGXF - news ) . bank Wachovia, now part of Wells Fargo (Hanover: NWT.HA - news ) & Co , will pay a combined $378 million to resolve claims over toxic mortgage-backed securities sold to now-failed credit unions, a U.S. credit union regulator said on Monday. \nBarclays will pay $325 million and Wachovia will pay $53 million, the National Credit Union Administration said. The companies are settling without admitting wrongdoing, the NCUA said. \nBarclays said on Monday it will include a provision for the settlement in its third-quarter results. \n\"We are pleased that this matter is resolved,\" Wells Fargo spokeswoman Elise Wilkinson said. \nThe NCUA said the settlements will bring to $2.2 billion its total recoveries from various banks in litigation over faulty mortgage bonds sold to corporate credit unions. The agency, which regulates and supervises federal credit unions, has sued numerous banks to recover losses caused by the collapse of credit unions during the financial crisis. \nThe agency had sued Barclays' U.S. unit Barclays Capital in 2012, accusing it of making false statements in offering documents for mortgage-backed securities sold to U.S. credit unions that later failed. \nMortgages backing the securities were much riskier than the offering documents stated, with a \"material percentage\" all but certain to become delinquent or default, the lawsuit said. \nWachovia was accused of similar practices in a 2011 lawsuit by the NCUA. \nThe lawsuits sought damages for violations of various state and federal securities laws. \nBanks that have already paid big settlements include JPMorgan Chase & Co (Xetra: 850628 - news ) , Citigroup (NYSE: C - news ) and Bank of America (Swiss: BAC.SW - news ) Corp. The NCUA said it continues to pursue lawsuits against others, including Goldman Sachs Group Inc, Credit Suisse Group AG and Morgan Stanley (Xetra: 885836 - news ) . \nThe agency said on Monday it also has litigation pending against securities firms over alleged manipulation of interest rates and for failing to perform their duties as trustees for residential mortgage-backed trusts. (Reporting By Dena Aubin Additional reporting by Steve Slater in London and Nate Raymond in New York; Editing by Steve Orlofsky and Chris Reese)", "external_links": [], "published": "2015-10-19T23:42:00.000+03:00", "crawled": "2015-10-20T01:48:18.707+03:00", "highlightTitle": ""}