{"organizations": [], "uuid": "658093622708f3945362e5756d72a3846a810681", "thread": {"social": {"gplus": {"shares": 0}, "pinterest": {"shares": 0}, "vk": {"shares": 0}, "linkedin": {"shares": 0}, "facebook": {"likes": 0, "shares": 0, "comments": 0}, "stumbledupon": {"shares": 0}}, "site_full": "in.finance.yahoo.com", "main_image": "https://s1.yimg.com/bt/api/res/1.2/M7vS95b2fvSzHFeFStPk0A--/YXBwaWQ9eW5ld3NfbGVnbztxPTc1O3c9NjAw/http://l.yimg.com/os/mit/media/m/social/images/social_default_logo-1481777.png", "site_section": "http://finance.yahoo.com/rss/headline?s=C", "section_title": "Yahoo! Finance: C News", "url": "https://in.finance.yahoo.com/news/citigroup-profit-jumps-costs-plunge-134057840.html", "country": "US", "title": "Citigroup profit soars as lower costs trump revenue fall - Yahoo India Finance", "performance_score": 0, "site": "yahoo.com", "participants_count": 1, "title_full": "Citigroup profit soars as lower costs trump revenue fall - Yahoo India Finance", "spam_score": 0.0, "site_type": "news", "published": "2015-10-15T03:00:00.000+03:00", "replies_count": 0, "uuid": "658093622708f3945362e5756d72a3846a810681"}, "author": "Reuters", "url": "https://in.finance.yahoo.com/news/citigroup-profit-jumps-costs-plunge-134057840.html", "ord_in_thread": 0, "title": "Citigroup profit soars as lower costs trump revenue fall - Yahoo India Finance", "locations": [], "entities": {"persons": [], "locations": [], "organizations": []}, "highlightText": "", "language": "english", "persons": [], "text": "RELATED QUOTES Symbol Price Change", "external_links": [], "published": "2015-10-15T03:00:00.000+03:00", "crawled": "2015-10-15T22:44:55.592+03:00", "highlightTitle": ""}