{"organizations": [], "uuid": "721054aa6ef0c5b2c6aa0c9aefa38c0b098ad256", "thread": {"social": {"gplus": {"shares": 0}, "pinterest": {"shares": 0}, "vk": {"shares": 0}, "linkedin": {"shares": 0}, "facebook": {"likes": 0, "shares": 0, "comments": 0}, "stumbledupon": {"shares": 0}}, "site_full": "www.kiplinger.com", "main_image": "http://www.kiplinger.com/kipimages/pages/14077.jpg", "site_section": "http://www.kiplinger.com/about/rss/kiplinger.rss\r", "section_title": "Kiplinger's Personal Finance", "url": "http://www.kiplinger.com/article/spending/T062-C001-S001-how-to-avoid-charity-scams.html?rss_source=rss", "country": "US", "title": "How to Avoid Charity Scams", "performance_score": 0, "site": "kiplinger.com", "participants_count": 0, "title_full": "How to Avoid Charity Scams", "spam_score": 0.0, "site_type": "news", "published": "2015-10-14T07:00:00.000+03:00", "replies_count": 0, "uuid": "721054aa6ef0c5b2c6aa0c9aefa38c0b098ad256"}, "author": "", "url": "http://www.kiplinger.com/article/spending/T062-C001-S001-how-to-avoid-charity-scams.html?rss_source=rss", "ord_in_thread": 0, "title": "How to Avoid Charity Scams", "locations": [], "entities": {"persons": [], "locations": [], "organizations": []}, "highlightText": "", "language": "english", "persons": [], "text": "print order a reprint How to Avoid Charity Scams Several Web sites help you check up on charities that solicit donations for victims of the latest disaster. SEE ALSO: 6 Things You Need to Know About Giving to Charity \nDon’t pledge money to an unknown charity over the phone or click on a link in an e-mail. The IRS recently issued a consumer alert about possible scams relating to the South Carolina floods. Scam artists have been making phone calls, sending e-mails and creating fake Web sites posing as charities that are collecting money to help victims of the floods. Some of these crooks won’t stop at stealing your money; if they get your credit card, bank information or Social Security number, they could also steal your identity. \nSeveral Web sites make it easy to check whether the charities are legitimate and to find reputable ones that are doing similar work. Most of these sites also analyze the charities’ financial situations and rate their effectiveness. Advertisement \nCharityNavigator gives star ratings to more than 8,000 charities based on the charities’ financial health, accountability and transparency. The site highlights key information from each charity’s income statement and calculates the percentage of total expenses spent on programs and services, the growth of revenue and expenses, and other factors. You’ll also find tips for donors and lists of top-rated charities based on timely issues, such as the South Carolina flooding and the Syrian crisis. \nThe Better Business Bureau’s Wise Giving Alliance analyzes charities based on 20 standards, in categories such as governance and oversight, effectiveness, finances, solicitations and informational materials, privacy and complaints. \nCharityWatch.org analyzes charities’ financial statements, tax forms, annual reports, state filings and other documents and grades charities based on the percentage of total expenses the charity spends on its program and the cost to raise $100. You can also find detailed reports on its top-rated charities. \nGiveWell assesses charities based on the evidence that their programs produce results. It was created by former hedge-fund analysts. See How to Measure the Impact of Your Charitable Donations for more information. \nGuidestar.org has the most detailed information about charities of all these organizations. It includes a searchable database of each charity’s Form 990, where it must report its financial information to the IRS. You can access basic information free, get more detailed information through its subscription service, or buy a detailed report about the charity. (You may be able to access the subscription service through a donor-advised fund .)", "external_links": [], "published": "2015-10-14T07:00:00.000+03:00", "crawled": "2015-10-15T03:25:55.879+03:00", "highlightTitle": ""}