{"organizations": ["Gulf Keystone"], "uuid": "49580e00fe97e0d7dba844b3ecc508cff67d9997", "thread": {"social": {"gplus": {"shares": 0}, "pinterest": {"shares": 0}, "vk": {"shares": 0}, "linkedin": {"shares": 0}, "facebook": {"likes": 0, "shares": 0, "comments": 0}, "stumbledupon": {"shares": 0}}, "site_full": "uk.finance.yahoo.com", "main_image": "https://s1.yimg.com/bt/api/res/1.2/M7vS95b2fvSzHFeFStPk0A--/YXBwaWQ9eW5ld3NfbGVnbztxPTc1O3c9NjAw/http://l.yimg.com/os/mit/media/m/social/images/social_default_logo-1481777.png", "site_section": "https://uk.finance.yahoo.com/news/sector-oil-gas/?format=rss", "section_title": "Oil News | Gas News - Yahoo! Finance UK", "url": "https://uk.finance.yahoo.com/news/iraqi-kurdistan-pays-gulf-keystone-112320006.html", "country": "US", "title": "Iraqi Kurdistan pays Gulf Keystone, pleasing producers", "performance_score": 0, "site": "yahoo.com", "participants_count": 0, "title_full": "Iraqi Kurdistan pays Gulf Keystone, pleasing producers", "spam_score": 0.0, "site_type": "news", "published": "2015-10-15T14:23:00.000+03:00", "replies_count": 0, "uuid": "49580e00fe97e0d7dba844b3ecc508cff67d9997"}, "author": "", "url": "https://uk.finance.yahoo.com/news/iraqi-kurdistan-pays-gulf-keystone-112320006.html", "ord_in_thread": 0, "title": "Iraqi Kurdistan pays Gulf Keystone, pleasing producers", "locations": [], "entities": {"persons": [], "locations": [], "organizations": []}, "highlightText": "", "language": "english", "persons": [], "text": "Tip : Use comma (,) to separate multiple quotes. Learn more... \nThu, Oct 15, 2015, 22:53 BST - UK Markets closed Iraqi Kurdistan pays Gulf Keystone, pleasing producers Reuters - UK Focus – 10 hours ago 5.742 -0.828 \nLONDON, Oct (HKSE: 3366-OL.HK - news ) 15 (Reuters) - Gulf Keystone Petroleum said on Thursday it had been paid for oil exports by the government of Iraqi Kurdistan, a sign it is serious about making regular payments to producers after months of debt building up. \nGulf Keystone said it had received a $15 million gross payment for crude exports from its Shaikan oil field. This follows a payment of the same amount made in September. \nSigns of a regular payments reassured investors that the company will be able to stay afloat as weak oil prices provide additional pressure to the balance sheet. \n\"The establishment of a regular payment cycle is crucial for attracting a farm-in partner or strategic investor to pursue the next stage of development at the Shaikan field,\" said analysts at Mirabaud Securities. \nShares (Berlin: DI6.BE - news ) in GKP were trading up 4.3 percent at 1030 GMT. \n\"Today's payment is another important step towards the regular payment cycle, and is in keeping with the Ministry of Natural Resources' recent assurances,\" said GKP chief executive Jon Ferrier, whose company had arrears of $283 million in late June. \nA source close to fellow Iraqi Kurdistan oil producer Genel said the company was expecting a payment shortly. \nGenel, whose shares were up 3 percent, declined to comment. \nNorway's DNO (Oslo: DNOFUT.OL - news ) , which is also active in the region, was not immediately available for comment. Its stock was trading up 7 percent in Oslo. \nThe Kurdistan Regional Government promised in September it would start making regular payments for oil exports. \nThe KRG has increased its own crude sales since mid-June, cutting allocations to Iraq's state oil marketing firm SOMO in an ongoing tug-of-war over export rights and budget payments. \nThe dispute has plunged the region into financial crisis compounded by the drop in oil prices. \n(Reporting by Karolin Schaps; Additional reporting by Stine Jacobsen in Oslo, editing by William Hardy)", "external_links": [], "published": "2015-10-15T14:23:00.000+03:00", "crawled": "2015-10-16T00:53:55.473+03:00", "highlightTitle": ""}