{"organizations": [], "uuid": "1c25e4a3d05964c02596916b189540e7844d7d2d", "thread": {"social": {"gplus": {"shares": 0}, "pinterest": {"shares": 0}, "vk": {"shares": 0}, "linkedin": {"shares": 0}, "facebook": {"likes": 0, "shares": 0, "comments": 0}, "stumbledupon": {"shares": 0}}, "site_full": "www.wsj.com", "main_image": "", "site_section": "http://www.wsj.com/news/world/asia", "section_title": "Asia Business, Finance &amp; Political News - The Wall Street Journal", "url": "http://www.wsj.com/articles/partnerre-operating-profit-falls-6-7-1445893224", "country": "", "title": "PartnerRe Operating Profit Falls 6.7%", "performance_score": 0, "site": "wsj.com", "participants_count": 1, "title_full": "PartnerRe Operating Profit Falls 6.7% - WSJ", "spam_score": 0.0, "site_type": "news", "published": "2015-10-27T00:00:00.000+02:00", "replies_count": 0, "uuid": "1c25e4a3d05964c02596916b189540e7844d7d2d"}, "author": "Tess Stynes", "url": "http://www.wsj.com/articles/partnerre-operating-profit-falls-6-7-1445893224", "ord_in_thread": 0, "title": "PartnerRe Operating Profit Falls 6.7%", "locations": [], "entities": {"persons": [], "locations": [], "organizations": []}, "highlightText": "", "language": "english", "persons": [], "text": "PartnerRe Ltd. said third-quarter operating earnings fell 6.7% as the reinsurer was hurt by lower premiums.\nOperating earnings are a widely watched benchmark for the insurance industry because they exclude realized capital gains and losses from companies’ investment portfolios, among other items that aren’t considered recurring on a quarterly basis.\nPartnerRe is in the process of being acquired by Exor SpA of Italy, which... ", "external_links": [], "published": "2015-10-27T00:00:00.000+02:00", "crawled": "2015-10-26T23:25:19.763+02:00", "highlightTitle": ""}