{"organizations": [], "uuid": "785e27ef503222220b2c23a2ee716b47d0e7621a", "thread": {"social": {"gplus": {"shares": 0}, "pinterest": {"shares": 0}, "vk": {"shares": 0}, "linkedin": {"shares": 0}, "facebook": {"likes": 0, "shares": 0, "comments": 0}, "stumbledupon": {"shares": 0}}, "site_full": "www.telegraph.co.uk", "main_image": "http://i.telegraph.co.uk/multimedia/archive/02386/hansard_2386834a.jpg", "site_section": "http://www.telegraph.co.uk/newsfeed/rss/money_city.xml", "section_title": "Finance - Business news and market updates - Telegraph", "url": "http://www.telegraph.co.uk/finance/personalfinance/pensions/11935347/Government-plans-to-extend-the-55pc-pension-tax-trap.html", "country": "CH", "title": "Government plans to extend the 55pc pension tax trap", "performance_score": 1, "site": "telegraph.co.uk", "participants_count": 1, "title_full": "Government plans to extend the 55pc pension tax trap", "spam_score": 0.0, "site_type": "news", "published": "2015-10-16T12:08:00.000+03:00", "replies_count": 0, "uuid": "785e27ef503222220b2c23a2ee716b47d0e7621a"}, "author": "Katie Morley", "url": "http://www.telegraph.co.uk/finance/personalfinance/pensions/11935347/Government-plans-to-extend-the-55pc-pension-tax-trap.html", "ord_in_thread": 0, "title": "Government plans to extend the 55pc pension tax trap", "locations": [], "entities": {"persons": [], "locations": [], "organizations": []}, "highlightText": "", "language": "english", "persons": [], "text": "I’ll make sure the pension freedoms work Government plans to extend the 55pc pension tax trap Gold-plated 'final-salary' pensions could be subject to a lower lifetime limit, which would see savers pay more tax at 55pc MPs could soon have the shine taken off their gold-plated benefits Photo: PA", "external_links": [], "published": "2015-10-16T12:08:00.000+03:00", "crawled": "2015-10-16T12:38:06.204+03:00", "highlightTitle": ""}