{"organizations": [], "uuid": "546dd95886f84e15bffd01f60119350c48ddb171", "thread": {"social": {"gplus": {"shares": 0}, "pinterest": {"shares": 0}, "vk": {"shares": 0}, "linkedin": {"shares": 0}, "facebook": {"likes": 0, "shares": 0, "comments": 0}, "stumbledupon": {"shares": 0}}, "site_full": "uk.finance.yahoo.com", "main_image": "https://s1.yimg.com/bt/api/res/1.2/M7vS95b2fvSzHFeFStPk0A--/YXBwaWQ9eW5ld3NfbGVnbztxPTc1O3c9NjAw/http://l.yimg.com/os/mit/media/m/social/images/social_default_logo-1481777.png", "site_section": "https://uk.finance.yahoo.com/news/sector-oil-gas/?format=rss", "section_title": "Oil News | Gas News - Yahoo! Finance UK", "url": "https://uk.finance.yahoo.com/news/oil-bosses-fight-relevance-climate-050001417.html", "country": "US", "title": "Oil bosses fight for relevance before climate talks", "performance_score": 0, "site": "yahoo.com", "participants_count": 0, "title_full": "Oil bosses fight for relevance before climate talks", "spam_score": 0.0, "site_type": "news", "published": "2015-10-16T08:00:00.000+03:00", "replies_count": 0, "uuid": "546dd95886f84e15bffd01f60119350c48ddb171"}, "author": "", "url": "https://uk.finance.yahoo.com/news/oil-bosses-fight-relevance-climate-050001417.html", "ord_in_thread": 0, "title": "Oil bosses fight for relevance before climate talks", "locations": [], "entities": {"persons": [], "locations": [], "organizations": []}, "highlightText": "", "language": "english", "persons": [], "text": "Tip : Use comma (,) to separate multiple quotes. Learn more... \nFri, Oct 16, 2015, 06:18 BST - UK Markets open in 1 hr 42 mins Oil bosses fight for relevance before climate talks Reuters - UK Focus – 18 minutes ago \n(Repeats without changes to text) \n* CEOs of eight top oil companies to make joint call on climate \n* To call for carbon pricing and more gas use \n* \"The bad guys are part of the solution\" - Total CEO \nBy Ron Bousso, Susanna Twidale and Bate Felix \nLONDON/PARIS, Oct (HKSE: 3366-OL.HK - news ) 16 (Reuters) - Oil and gas industry leaders will launch a final charm offensive on Friday to highlight the sector's relevance in the global fight against climate change before a key summit in Paris later this year. \nIn an unprecedented public appearance, the bosses of Europe's top oil companies, who earlier this year jointly called on governments to introduce a global carbon pricing system, will be joined by the heads of the national oil companies of Saudi Arabia and Mexico who will lend their support to the initiative. \nThe rare show of unity at a time when companies are all struggling with a sharp drop in oil prices also highlights a deep rift with American oil companies such as Exxon Mobil (Swiss: XOM.SW - news ) and Chevron (Swiss: CVX.SW - news ) who stayed away from the initiative. \nThe chief executives of Total (Swiss: FP.SW - news ) , Britain's BP and BG Group (LSE: BG.L - news ) , Italy's Eni (NYSE: E - news ) , Norway's Statoil (Hamburg: 1245893.HM - news ) , Spain's Repsol (Amsterdam: RP6.AS - news ) , Saudi Aramco and Pemex will again call for a global pricing system on carbon, which they say will give an economic incentive for the private sector to use cleaner sources of energy and to develop new technologies such as carbon capture and storage (CCS). \nThey will also again urge governments to dump coal in favour of cleaner natural gas in power plants and heavy industry. \nFor many of the companies, this is a fight for the future of the oil and gas sector in the public debate as a rising number of organisations and politicians call to minimise the use of fossil fuels in favour of renewable energy such as wind and solar power while seeking to ostracise oil companies among investors. \n\"Sometimes in all these discussions you have the impression that all fossil fuels are the bad guys. But the bad guys are part of the solution,\" Total's CEO Patrick Pouyanne told a gas and electricity summit in Paris on Thursday. \n\"Whatever people think, we still need fossil fuels. We need to make advocacy for gas. We need to explain to our policy makers that gas has to be encouraged,\" Pouyanne said. \n\"Policy makers are not convinced in many countries that gas is part of the solution for climate change, we in the industry need to speak up.\" \nThe meeting, which will be followed by a press conference, comes shortly before diplomats gather in Bonn from Monday for the last formal session ahead of the Paris climate talks starting in November where negotiators from almost 200 nations will meet to try to forge a global climate change agreement, designed to curb rising greenhouse gas emissions. \n\"The big challenge for them is what is their next business model for the years to come, which I think is a legitimate question to ask of them,\" Laurence Tubiana, French ambassador for the international climate negotiations, said at an event held by accountancy firm PwC on Thursday. \nThe International Energy Agency forecasts oil will remain the largest energy source by 2040, although its share will decline while renewable sources of energy will grow. \nAll major emitting countries have now submitted plans to the United Nations detailing how much they plan to curb their emissions. \nMany members of the Organization of the Petroleum Exporting Countries (OPEC), including leader Saudi Arabia, have yet to submit their plans. \nFor oil executives, pledges by key oil consuming countries including China and India to cut fossil fuel consumption have crystallised their need to act. \nThe World Bank estimates around 300 million tones of carbon dioxide (CO2) is emitted from gas flaring each year, equivalent to around 77 million cars. \nTotal, Statoil (Xetra: 675213 - news ) , Shell (LSE: RDSB.L - news ) , Eni and BG are already signed up to a U.N. initiative to stop routine gas flaring by 2030. \nCritics say however that without clear goals to cut their emissions, oil companies' efforts would have little impact. \n\"To determine whether or not this is just greenwash ... you need to look for whether or not the initiative announces concrete, quantitative and measurable targets designed to make the oil and gas industry part of the solution,\" said Anthony Hobley, chief executive of environmental think tank the Carbon Tracker Initiative. (Additional reporting by Ana Martinez in Mexico; editing by Adrian Croft)", "external_links": [], "published": "2015-10-16T08:00:00.000+03:00", "crawled": "2015-10-16T08:19:12.404+03:00", "highlightTitle": ""}