{"organizations": [], "uuid": "c9169ee93921f1957f95e50b309647db76c44464", "thread": {"social": {"gplus": {"shares": 0}, "pinterest": {"shares": 0}, "vk": {"shares": 0}, "linkedin": {"shares": 0}, "facebook": {"likes": 0, "shares": 0, "comments": 0}, "stumbledupon": {"shares": 0}}, "site_full": "www.wsj.com", "main_image": "", "site_section": "http://www.wsj.com/news/world/asia", "section_title": "Asia Business, Finance &amp; Political News - The Wall Street Journal", "url": "http://www.wsj.com/articles/israeli-police-kill-palestinian-man-for-allegedly-attempting-to-stab-an-officer-1444638536", "country": "US", "title": "Israeli Police Kill Palestinian Man For Allegedly Attempting to Stab an Officer - WSJ", "performance_score": 4, "site": "wsj.com", "participants_count": 1, "title_full": "Israeli Police Kill Palestinian Man For Allegedly Attempting to Stab an Officer - WSJ", "spam_score": 0.0, "site_type": "news", "published": "2015-10-12T12:28:00.000+03:00", "replies_count": 0, "uuid": "c9169ee93921f1957f95e50b309647db76c44464"}, "author": "Tamer El-Ghobashy", "url": "http://www.wsj.com/articles/israeli-police-kill-palestinian-man-for-allegedly-attempting-to-stab-an-officer-1444638536", "ord_in_thread": 0, "title": "Israeli Police Kill Palestinian Man For Allegedly Attempting to Stab an Officer - WSJ", "locations": [], "entities": {"persons": [], "locations": [], "organizations": []}, "highlightText": "", "language": "english", "persons": [], "text": "JERUSALEM—Israeli police shot and killed a Palestinian man who allegedly attempted to stab an officer in Jerusalem’s Old City on Monday, the latest such incident that has raised international concern over a widening armed conflict.\nThe unidentified Palestinian assailant had been walking with his hands in his pockets near the Lion’s Gate of walled Old City, Israeli police said, when he was ordered by police officers to stop for a... To Read the Full Story, Subscribe or Sign In", "external_links": [], "published": "2015-10-12T12:28:00.000+03:00", "crawled": "2015-10-12T11:37:47.552+03:00", "highlightTitle": ""}