{"organizations": [], "uuid": "560f708282696be371b01e48dfc491bd0d57a40e", "thread": {"social": {"gplus": {"shares": 0}, "pinterest": {"shares": 0}, "vk": {"shares": 0}, "linkedin": {"shares": 0}, "facebook": {"likes": 0, "shares": 0, "comments": 0}, "stumbledupon": {"shares": 0}}, "site_full": "www.reuters.com", "main_image": "", "site_section": "http://www.reuters.com/finance/personal-finance", "section_title": "Wealth, Personal Finance &amp; Money | Reuters.com", "url": "http://www.reuters.com/article/2015/10/23/twitter-jackdorseystock-idUSL1N12N01420151023", "country": "US", "title": "Twitter's Dorsey says to give a third of his stock to employee equity pool", "performance_score": 0, "site": "reuters.com", "participants_count": 1, "title_full": "Twitter's Dorsey says to give a third of his stock to employee equity pool | Reuters", "spam_score": 0.0, "site_type": "news", "published": "2015-10-23T05:00:00.000+03:00", "replies_count": 0, "uuid": "560f708282696be371b01e48dfc491bd0d57a40e"}, "author": "Reuters", "url": "http://www.reuters.com/article/2015/10/23/twitter-jackdorseystock-idUSL1N12N01420151023", "ord_in_thread": 0, "title": "Twitter's Dorsey says to give a third of his stock to employee equity pool", "locations": [], "entities": {"persons": [], "locations": [], "organizations": []}, "highlightText": "", "language": "english", "persons": [], "text": "Oct 22 Twitter Inc Chief Executive Jack Dorsey said he is giving a third of his stock in the company, about 1 percent, to the employee equity pool.\nThis move is to \"reinvest directly in our people,\" Dorsey, who was named as the company's permanent CEO earlier this month, said in a tweet on Thursday. ( twitter.com/jack )\nTwitter could not be reached immediately for a comment outside regular business hours.\n(Reporting by Rishika Sadam in Bengaluru; Editing by Leslie Adler)", "external_links": ["https://twitter.com/jack"], "published": "2015-10-23T05:00:00.000+03:00", "crawled": "2015-10-23T04:16:32.401+03:00", "highlightTitle": ""}