{"organizations": [], "uuid": "3deec2d12f16f0355501821f678833ef7274bb6f", "thread": {"social": {"gplus": {"shares": 0}, "pinterest": {"shares": 0}, "vk": {"shares": 0}, "linkedin": {"shares": 0}, "facebook": {"likes": 0, "shares": 0, "comments": 0}, "stumbledupon": {"shares": 0}}, "site_full": "www.telegraph.co.uk", "main_image": "http://i.telegraph.co.uk/multimedia/archive/02034/goliath_2034001a.jpg", "site_section": "http://www.telegraph.co.uk/finance/personalfinance/investing/rss", "section_title": "Investing - News and tips - Personal Finance - Telgeraph", "url": "http://www.telegraph.co.uk/finance/personalfinance/investing/funds/11933370/Get-investors-away-from-the-same-old-giant-funds-and-into-the-hidden-gems.html", "country": "CH", "title": "Get investors away from the same old giant funds and into the hidden gems", "performance_score": 0, "site": "telegraph.co.uk", "participants_count": 1, "title_full": "Get investors away from the same old giant funds and into the hidden gems", "spam_score": 0.0, "site_type": "news", "published": "2015-10-15T14:25:00.000+03:00", "replies_count": 0, "uuid": "3deec2d12f16f0355501821f678833ef7274bb6f"}, "author": "Robert Burdett and Gary Potter", "url": "http://www.telegraph.co.uk/finance/personalfinance/investing/funds/11933370/Get-investors-away-from-the-same-old-giant-funds-and-into-the-hidden-gems.html", "ord_in_thread": 0, "title": "Get investors away from the same old giant funds and into the hidden gems", "locations": [], "entities": {"persons": [], "locations": [], "organizations": []}, "highlightText": "", "language": "english", "persons": [], "text": "This is why older couples don't want to downsize Get investors away from the same old giant funds and into the hidden gems The Money Lab: Savers are encouraged to buy from a shortlist of large, established funds. But they could get better returns from smaller, neglected rivals, say Robert Burdett and Gary Potter Smaller funds often outperform their larger rivals, say Robert Burdett and Gary Potter Photo: Alamy By Robert Burdett and Gary Potter 12:25PM BST 15 Oct 2015", "external_links": [], "published": "2015-10-15T14:25:00.000+03:00", "crawled": "2015-10-15T16:07:10.950+03:00", "highlightTitle": ""}