{"organizations": [], "uuid": "fe2fbcc5f14a78344fce408acaa1ff0b4551142c", "thread": {"social": {"gplus": {"shares": 0}, "pinterest": {"shares": 0}, "vk": {"shares": 0}, "linkedin": {"shares": 0}, "facebook": {"likes": 0, "shares": 0, "comments": 0}, "stumbledupon": {"shares": 0}}, "site_full": "www.bloomberg.com", "main_image": "", "site_section": "http://www.bloomberg.com/personal-finance", "section_title": "Personal-finance - Bloomberg Business", "url": "http://www.bloomberg.com/news/articles/2015-10-26/japanese-stocks-rise-after-china-rate-cut-ahead-of-boj-meeting", "country": "US", "title": "Japanese Stocks Rise After China Rate Cut, Ahead of BOJ Meeting", "performance_score": 0, "site": "bloomberg.com", "participants_count": 1, "title_full": "Japanese Stocks Rise After China Rate Cut, Ahead of BOJ Meeting - Bloomberg Business", "spam_score": 0.0, "site_type": "news", "published": "2015-10-26T07:03:00.000+02:00", "replies_count": 0, "uuid": "fe2fbcc5f14a78344fce408acaa1ff0b4551142c"}, "author": "Yuji Nakamura", "url": "http://www.bloomberg.com/news/articles/2015-10-26/japanese-stocks-rise-after-china-rate-cut-ahead-of-boj-meeting", "ord_in_thread": 0, "title": "Japanese Stocks Rise After China Rate Cut, Ahead of BOJ Meeting", "locations": [], "entities": {"persons": [], "locations": [], "organizations": []}, "highlightText": "", "language": "english", "persons": [], "text": "Japanese stocks rose after China cut interest rates on Friday and amid speculation the Bank of Japan will also boost stimulus this week.\nThe Topix index added 1.2 percent to 1,566.27 as of 9:01 a.m. in Tokyo, building on last week’s gains of 2.8 percent. The Nikkei 225 Stock Average climbed 1.1 percent to 19,024.59, rising above 19,000 for the first time in two months. The Standard & Poor’s 500 Index erased its loss for the year on Friday after policy makers in China cut interest rates and lenders’ reserve requirements, while their counterparts in Europe last week signaled they will bolster stimulus if needed.\n“China’s brought in various easing measures after the European Central Bank alluded to additional easing, and we still have the expectation that Japan may do something at the Bank of Japan meeting toward the end of this week,” said Hiroaki Hiwada, a Tokyo-based strategist at Toyo Securities Co. said by phone. \"We’d had a lack of positive factors in the market, but these will be seen favorably.”\nChina’s announcement to cut benchmark interest rates on Friday came a day after the ECB said it will consider adding to its bond-buying program this year. The Bank of Japan meets on Friday, with 15 of 36 economists surveyed by Bloomberg from Sept. 29-Oct. 2 expecting the central bank to expand monetary stimulus.\nE-mini futures on the S&P 500 fell 0.2 percent after the underlying gauge rose 1.1 percent on Friday. Google parent Alphabet Inc., Amazon.com Inc. and Microsoft Corp. added more than $80 billion in market value after earnings topped estimates.", "external_links": [], "published": "2015-10-26T07:03:00.000+02:00", "crawled": "2015-10-26T02:22:50.936+02:00", "highlightTitle": ""}