{"organizations": [], "uuid": "8eb9d766a5c3d87ca9f47896d5bbb63f3c45272b", "thread": {"social": {"gplus": {"shares": 0}, "pinterest": {"shares": 0}, "vk": {"shares": 0}, "linkedin": {"shares": 0}, "facebook": {"likes": 0, "shares": 0, "comments": 0}, "stumbledupon": {"shares": 0}}, "site_full": "www.modernghana.com", "main_image": "http://img.modernghana.com/images/content/ei84dpocbv_ghanaafdb.jpg", "site_section": "http://www.modernghana.com/rssfeed/news.xml?cat_id=1&gender=46", "section_title": "Business & Finance", "url": "http://www.modernghana.com/news/649932/1/president-mahama-hold-discussion-with-adb-boss.html", "country": "US", "title": "President Mahama hold discussion with ADB boss", "performance_score": 0, "site": "modernghana.com", "participants_count": 0, "title_full": "President Mahama hold discussion with ADB boss", "spam_score": 0.0, "site_type": "news", "published": "2015-10-18T01:00:00.000+03:00", "replies_count": 0, "uuid": "8eb9d766a5c3d87ca9f47896d5bbb63f3c45272b"}, "author": "", "url": "http://www.modernghana.com/news/649932/1/president-mahama-hold-discussion-with-adb-boss.html", "ord_in_thread": 0, "title": "President Mahama hold discussion with ADB boss", "locations": [], "entities": {"persons": [], "locations": [], "organizations": []}, "highlightText": "", "language": "english", "persons": ["Mahama"], "text": "  17 October 2015 23:00 CET President Mahama hold discussion with ADB boss By GNA", "external_links": [], "published": "2015-10-18T01:00:00.000+03:00", "crawled": "2015-10-18T02:06:11.564+03:00", "highlightTitle": ""}