{"organizations": [], "uuid": "39f814a9a232b96e24d1e61bd43bc37f9b42552e", "thread": {"social": {"gplus": {"shares": 0}, "pinterest": {"shares": 0}, "vk": {"shares": 0}, "linkedin": {"shares": 0}, "facebook": {"likes": 0, "shares": 0, "comments": 0}, "stumbledupon": {"shares": 0}}, "site_full": "www.afr.com", "main_image": "http://www.afr.com/content/dam/images/g/k/7/z/e/1/image.related.afrArticleLead.620x365.gk86n8.png/1444767736471.jpg", "site_section": "http://www.afr.com/", "section_title": "Financial Review - Business, Finance and Investment News | afr.com", "url": "http://www.afr.com/news/politics/china-trade-deal-set-to-pass-after-labor-debate-20151013-gk86n8", "country": "AU", "title": "China trade deal set to pass after Labor debate", "performance_score": 0, "site": "afr.com", "participants_count": 1, "title_full": "China trade deal set to pass after Labor debate | afr.com", "spam_score": 0.0, "site_type": "news", "published": "2015-10-13T15:27:00.000+03:00", "replies_count": 0, "uuid": "39f814a9a232b96e24d1e61bd43bc37f9b42552e"}, "author": "Phillip Coorey", "url": "http://www.afr.com/news/politics/china-trade-deal-set-to-pass-after-labor-debate-20151013-gk86n8", "ord_in_thread": 0, "title": "China trade deal set to pass after Labor debate", "locations": [], "entities": {"persons": [], "locations": [], "organizations": []}, "highlightText": "", "language": "english", "persons": [], "text": "Opposition Leader Bill Shorten and trade spokesman Senator Penny Wong announce draft amendments to the China Free Trade deal. Andrew Meares Share on twitter by Phillip Coorey The China Australia Free Trade Agreement is expected to pass Parliament in the next month after Labor produced a diluted list of demands that included an acceptance it could not stop the Chinese importing skilled workers such as electricians without having to test the local job market first.\nFollowing months of rancour, the Labor caucus approved three changes designed to safeguard Australian jobs after a robust debate during which several MPs said the changes were not rigorous enough.\nUnions, which have pressured Labor to drive a hard bargain on the FTA, were less than happy with the outcome. They called it \"a step in the right direction\" but vowed to keep fighting, including a continuation their public campaign. She was concerned about there being no labour safeguards before skilled workers were imported. .\n\"We will continue to discuss our concerns until we are convinced that workers jobs are protected. This is about Australians' jobs so we are prepared to keep fighting for those,\" ACTU president Ged Kearney said.\n\"We are happy the Opposition has recognised that skills testing, protecting jobs, wages and working conditions must be central to any trade agreement (but) there are still some details that need improvement and we look forward to the opportunity to work with the ALP, the government and cross benches to that end.\"\nBusiness groups felt the amendments would increase red tape but he Business Council of Australia said it could live with the changes if that meant getting he deal through.\nTrade Minister Andrew Robb said he and Immigration Minister Peter Dutton would scrutinise the proposals but, prima facie, they met the government's criteria that there could be nothing that would change the substance of the agreement, nor single out China.\n\"At first glance, the things they are asking for are either providing clarity or they provide greater confidence to existing measures,\" he said.\n As forecast by Monday's The Australian Financial Review , the government is likely to accept the amendments to ensure the deal comes into force before the end of the year and the benefits flow immediately.\nOpposition trade spokesman Penny Wong prevailed in securing caucus support on Tuesday morning to make three non-discriminatory changes to the Migration Act that would not affect the terms of the agreement nor specifically mention China.\nThe first change would mandate local labour market testing before low-skilled Chinese workers could be brought in on 457 visas for projects worth $150 million or more. The government has already said it would insist on this.\nThe second requests the base rate of pay for 457 visa workers, which the Abbott government froze, be increased from about $54,000 a year to $57,000 and indexed thereafter.\nSkill certification required The third requires that skilled workers brought in under 457 visas have their skills certified as a condition of obtaining a visa.\nThe FTA allows skilled workers such as nurses, engineers, electricians, plumbers, welders and carpenters.to be brought in without labour market testing.\nSenator Wong explained that for Labor to insist on this being changed would be to change the text of the agreement, which Labor has said it cannot do. The government says the Chinese will walk away from the deal if the actual substance is changed.\n\"Obviously, had we been in government, we would have a different agreement but this is the agreement the Parliament's been presented with so what we are doing there instead is seeking to lift the wages … because that is one important step of dealing with the potential issue of exploitation,\" Senator Wong said.\nFor the same reason, Labor abandoned an initial demand that the FTA be stripped of the Investor-State Dispute Settlement mechanism, which would enable a Chinese company legal recourse against a policy decision by an Australian or state government should it feel it contravened the agreement.\nThe dumping of this and labour market testing for skilled workers was the main cause of dissent in caucus.\nThe safeguards are not retrospective.", "external_links": ["https://twitter.com/PhillipCoorey"], "published": "2015-10-13T15:27:00.000+03:00", "crawled": "2015-10-14T00:12:23.305+03:00", "highlightTitle": ""}