{"organizations": ["ECB"], "uuid": "0d4138828ce403e5db5d8dfb78bedb0dbeda62ea", "thread": {"social": {"gplus": {"shares": 0}, "pinterest": {"shares": 0}, "vk": {"shares": 0}, "linkedin": {"shares": 0}, "facebook": {"likes": 0, "shares": 0, "comments": 0}, "stumbledupon": {"shares": 0}}, "site_full": "uk.finance.yahoo.com", "main_image": "https://s1.yimg.com/bt/api/res/1.2/M7vS95b2fvSzHFeFStPk0A--/YXBwaWQ9eW5ld3NfbGVnbztxPTc1O3c9NjAw/http://l.yimg.com/os/mit/media/m/social/images/social_default_logo-1481777.png", "site_section": "https://uk.finance.yahoo.com/news/sector-media/?format=rss", "section_title": "Media News | Media Industry News - Yahoo! Finance UK", "url": "https://uk.finance.yahoo.com/news/week-ahead-chinese-gdp-ecb-172500748.html", "country": "GB", "title": "Week ahead: Chinese GDP and ECB policy meeting in focus", "performance_score": 0, "site": "yahoo.com", "participants_count": 0, "title_full": "Week ahead: Chinese GDP and ECB policy meeting in focus", "spam_score": 0.0, "site_type": "news", "published": "2015-10-16T20:25:00.000+03:00", "replies_count": 0, "uuid": "0d4138828ce403e5db5d8dfb78bedb0dbeda62ea"}, "author": "", "url": "https://uk.finance.yahoo.com/news/week-ahead-chinese-gdp-ecb-172500748.html", "ord_in_thread": 0, "title": "Week ahead: Chinese GDP and ECB policy meeting in focus", "locations": [], "entities": {"persons": [], "locations": [], "organizations": []}, "highlightText": "", "language": "english", "persons": [], "text": "227.00 -1.000 \nLONDON (ShareCast) - (ShareCast News) - Data on China's third quarter gross domestic due out on Monday may help to set the tone for the rest of the week, although it would be highly surprising if Beijing let the official data stray too far from the market consensus. The median forecast from economists is for growth of 6.7% for the three months to September. \nAlso looming large on the agenda is Thursday's European Central bank policy meeting. All eyes will be on whether ECB president Mario Draghi drops any hints regarding a possible stepping of quantitative easing in the euro area. \nOn the following day, the ECB will publish the results of its latest survey of professional forecasters. \nAnalysts at Credit Suisse (LSE: 0QP5.L - news ) believe it will show another downward revision to inflation expectations, possibly foreshadowing a cut to the Eurosystem staff's next set of macroeconomic projections, which are due in December. \nFriday will also see the release of the latest batch of euro area manufacturing sector purchasing managers indices, for the month of October. Developments in Germany's factory sector will be scrutinised. \nIn the UK, Tuesday will bring with it the latest data on public sector net borrowing, followed by the latest monthly retail sales numbers from ONS on Wednesday. Monday 19 October INTERIM DIVIDEND PAYMENT DATE Somero Enterprises Inc (LSE: SOM.L - news ) . (DI (KSE: 003160.KS - news ) ), Standard Chartered (HKSE: 2888.HK - news ) , Witan Pacific Inv Trust GMS (Taiwan OTC: 6481.TWO - news ) Microsaic Systems (LSE: MSYS.L - news ) FINALS Lok'n Store Group AGMS City of London Investment Group, CPL Resources (LSE: CPS.L - news ) FINAL DIVIDEND PAYMENT DATE Renishaw (Other OTC: RNSHF - news ) , Stewart & Wight (LSE: STE.L - news ) Tuesday 20 October INTERIMS 1Spatial, Quantum Pharma (LSE: QP.L - news ) , Whitbread INTERIM DIVIDEND PAYMENT DATE Graphite Enterprise Trust, John Laing Infrastructure Fund Ltd, Standard Life (LSE: SL.L - news ) INTERNATIONAL ECONOMIC ANNOUNCEMENTS Balance of Payments (EU) (09:00) Building Permits (US) (13:30) Current Account (EU) (09:00) Housing Starts (US) (13:00) Producer Price Index (GER) (07:00) Q3 ARM Holdings (LSE: ARM.L - news ) , Verizon Communications (Xetra: 868402 - news ) FINALS ASOS ANNUAL REPORT Allergy Therapeutics (LSE: AGY.L - news ) IMSS InterContinental Hotels Group SPECIAL DIVIDEND PAYMENT DATE Synergy Health (Other OTC: SYHEF - news ) EGMS RM2 International S.A (Stuttgart: 7R2.SG - news ) . (DI) AGMS Allergy Therapeutics, Frontier Developments (LSE: FDEV.L - news ) , Mcbride (LSE: MCB.L - news ) , Scancell Holdings (LSE: SCLP.L - news ) TRADING ANNOUNCEMENTS Synety Group (LSE: SNTY.L - news ) Wednesday 21 October INTERIMS Datatec Ltd. (DI), Development Securities (LSE: DSC.L - news ) , Home Retail Group QUARTERLY PAYMENT DATE Total SA (Paris: FR0000120271 - news ) INTERNATIONAL ECONOMIC ANNOUNCEMENTS Crude Oil Inventories (US) (15:30) MBA Mortgage Applications (US) (12:00) Q3 Norsk Hydro ASA (LSE: NHY.L - news ) , Orange Polska S.A. GDR (Reg S), X5 Retail Group NV GDR (Reg S) GMS Armadale Capital (LSE: ACP.L - news ) IMSS Reckitt Benckiser Group AGMS Photo-Me International UK ECONOMIC ANNOUNCEMENTS Public Sector Finances (09:30) FINAL DIVIDEND PAYMENT DATE Rank Group Q1 Sky (Amsterdam: BK8.AS - news ) Thursday 22 October INTERIMS Lombard Risk Management (LSE: LRM.L - news ) , Stobart Group Ltd. \nINTERIM DIVIDEND PAYMENT DATE Aquatic Foods Group , Derwent London (LSE: DLN.L - news ) , Netplay TV (LSE: NPT.L - news ) , Premier Farnell (LSE: PFL.L - news ) INTERIM EX-DIVIDEND DATE BAE Systems (LSE: BA.L - news ) , Capita (LSE: CPI.L - news ) , Cello Group (LSE: CLL.L - news ) , Hansteen Holdings (LSE: HSTN.L - news ) , Harvey Nash Group (Other OTC: HVYNF - news ) , Howden Joinery Group, InterQuest Group (LSE: ITQ.L - news ) , Intu Properties (Other OTC: CCRGF - news ) , Marshalls (LSE: MSLH.L - news ) , Menzies(John), ProVen Growth & Income VCT, ProVen VCT, Rolls-Royce Holdings, Rotala (LSE: ROL.L - news ) , Senior (Other OTC: SNIRF - news ) , Tullett Prebon (LSE: TLPR.L - news ) , Walker Greenbank (LSE: WGB.L - news ) , William Hill (Other OTC: WIMHF - news ) QUARTERLY PAYMENT DATE Fair Oaks Income Fund Limited QUARTERLY EX-DIVIDEND DATE Assura (Swiss: OXAGR2.SW - news ) , City of London Inv Trust INTERNATIONAL ECONOMIC ANNOUNCEMENTS Consumer Confidence Indicator (EU) (10:00) Continuing Claims (US) (13:30) ECB Interest Rate (EU) (12:45) Existing Home Sales (US) (15:00) Initial Jobless Claims (US) (13:30) Leading Indicators (US) (15:00) GMS Belvoir Lettings (LSE: BLV.L - news ) IMSS Inchcape (Other OTC: IHCPF - news ) , Ladbrokes (LSE: LAD.L - news ) , Phoenix Group Holdings (DI), SEGRO (Other OTC: SEGXF - news ) , Travis Perkins (LSE: TPK.L - news ) SPECIAL EX-DIVIDEND PAYMENT DATE S&U (LSE: SUS.L - news ) , TR European Growth Trust EGMS FBD Holdings (Other OTC: FBDHF - news ) , Griffin Mining Ltd., Ryanair Holdings (Xetra: RY4B.DE - news ) AGMS Argos Resources Ltd. (DI), Ashmore Group (Other OTC: AJMPF - news ) , BHP Billiton (NYSE: BBL - news ) , Castleton Technology (LSE: CTP.L - news ) , Go-Ahead Group, Monitise (Other OTC: MNQQY - news ) , PME African Infrastructure Opportunities (LSE: PMEA.L - news ) , Standard Life UK Smaller Companies Trust TRADING ANNOUNCEMENTS Mail.ru Group Ltd GDR (Reg S) UK ECONOMIC ANNOUNCEMENTS Internet Retail Sales (09:30) Retail Sales (09:30) FINAL DIVIDEND PAYMENT DATE Oxford Instruments (Other OTC: OXGGY - news ) FINAL EX-DIVIDEND DATE Animalcare Group (LSE: ANCR.L - news ) , Bailey (C.H.), Darty (Other OTC: KESAF - news ) , Edge Performance VCT 'I' Shares (Berlin: DI6.BE - news ) , Edge Performance VCT G Shares, Galliford Try (LSE: GFRD.L - news ) , ISG (LSE: ISG.L - news ) , JPMorgan Emerging Markets Inv Trust, Penna Consulting (LSE: PNA.L - news ) , Ricardo (LSE: RCDO.L - news ) , Sky (LSE: BSY.L - news ) , Smiths Group (Other OTC: SMGKF - news ) , Thorpe (LSE: 131473.L - news ) (F.W.), TR European Growth Trust, Wetherspoon (J.D.), Wilmington , Wolseley (EUREX: WLYH.EX - news ) Friday 23 October INTERIM DIVIDEND PAYMENT DATE AA , Burford Capital (Other OTC: BRFRF - news ) , Costain Group (LSE: COST.L - news ) , Epwin Group (LSE: EPWN.L - news ) , Fairpoint Group (LSE: FRP.L - news ) , Flowtech Fluidpower (LSE: FLO.L - news ) , Gamma Communications (LSE: GAMA.L - news ) , Good Energy Group, Green Reit (Other OTC: GREEF - news ) , Henry Boot (LSE: BHY.L - news ) , Indivior (LSE: INDV.L - news ) , Inmarsat (Other OTC: IMASF - news ) , Interserve (LSE: IRV.L - news ) , Iona Environmental VCT, Iona Environmental Vct 'B' Shares, Keywords Studios (LSE: KWS.L - news ) , Lighthouse Group (LSE: LGT.L - news ) , Morgan Sindall Group, Pendragon (LSE: PDG.L - news ) , Proven Planned Exit VCT, Real Estate Investors, Servelec Group (LSE: SERV.L - news ) , Stadium Group (LSE: SDM.L - news ) , Vitec Group (Other OTC: VTEPF - news ) INTERIM EX-DIVIDEND DATE Zhejiang Expressway Co 'H' Shares Q3 Shire Plc (Xetra: S7E.DE - news ) , William Hill ANNUAL REPORT James Halstead (LSE: JHD.L - news ) IMSS TSB Banking Group , William Hill EGMS Treveria (LSE: TRV.L - news )", "external_links": [], "published": "2015-10-16T20:25:00.000+03:00", "crawled": "2015-10-17T01:52:58.931+03:00", "highlightTitle": ""}