{"organizations": [], "uuid": "f7e2099c52b537bff6686f5a0bb402a1360704bf", "thread": {"social": {"gplus": {"shares": 0}, "pinterest": {"shares": 0}, "vk": {"shares": 0}, "linkedin": {"shares": 0}, "facebook": {"likes": 0, "shares": 0, "comments": 0}, "stumbledupon": {"shares": 0}}, "site_full": "www.moneylife.in", "main_image": "http://moneylife.in/site/userimage/image/thumbnail/marketforcast0252.jpg", "site_section": "http://www.moneylife.in/site/rss.php", "section_title": "Moneylife Personal Finance Magazine", "url": "http://www.moneylife.in/article/separating-signal-from-noise/43636.html", "country": "IN", "title": "Separating Signal from Noise", "performance_score": 0, "site": "moneylife.in", "participants_count": 1, "title_full": "Separating Signal from Noise", "spam_score": 0.0, "site_type": "news", "published": "2015-10-12T10:26:00.000+03:00", "replies_count": 0, "uuid": "f7e2099c52b537bff6686f5a0bb402a1360704bf"}, "author": "R Balakrishnan", "url": "http://www.moneylife.in/article/separating-signal-from-noise/43636.html", "ord_in_thread": 0, "title": "Separating Signal from Noise", "locations": [], "entities": {"persons": [], "locations": [], "organizations": []}, "highlightText": "", "language": "english", "persons": [], "text": "Moneylife Magazine issues launched during the month Archives from 2006 Automatic membership of Moneylife.in to help you access the site, comment, create alerts Daily and weekly newsletters for news and views with a difference in your mailbox Automatic membership of Moneylife Foundation Automatic basic membership of Moneylife Smart Savers, our upcoming initiative Details of our initiatives, local events, deals & discounts Yearly Digital+Print Access", "external_links": [], "published": "2015-10-12T10:26:00.000+03:00", "crawled": "2015-10-14T16:03:15.236+03:00", "highlightTitle": ""}