{"organizations": [], "uuid": "391da0d898f5e573ddba36e92a2663ddbd35eb29", "thread": {"social": {"gplus": {"shares": 0}, "pinterest": {"shares": 0}, "vk": {"shares": 0}, "linkedin": {"shares": 0}, "facebook": {"likes": 0, "shares": 0, "comments": 0}, "stumbledupon": {"shares": 0}}, "site_full": "business-news.thestreet.com", "main_image": "", "site_section": "http://business-news.thestreet.com/west-hartford-news/rss/627", "section_title": "West Hartford News : Personal Finance", "url": "http://business-news.thestreet.com/west-hartford-news/story/15-awesome-games-to-play-at-your-holiday-gatherings/13322293", "country": "US", "title": "15 Awesome Games to Play at Your Holiday Gatherings", "performance_score": 0, "site": "thestreet.com", "participants_count": 0, "title_full": "15 Awesome Games to Play at Your Holiday Gatherings", "spam_score": 0.0, "site_type": "news", "published": "2015-10-17T16:07:00.000+03:00", "replies_count": 0, "uuid": "391da0d898f5e573ddba36e92a2663ddbd35eb29"}, "author": "", "url": "http://business-news.thestreet.com/west-hartford-news/story/15-awesome-games-to-play-at-your-holiday-gatherings/13322293", "ord_in_thread": 0, "title": "15 Awesome Games to Play at Your Holiday Gatherings", "locations": [], "entities": {"persons": [], "locations": [], "organizations": []}, "highlightText": "", "language": "english", "persons": ["Caroline Nolan"], "text": "15 Awesome Games to Play at Your Holiday Gatherings Written by: Caroline Nolan 10/17/15 - 9:07 AM EDT \nNEW YORK (MainStreet) -- As the holidays approach, many families are already exhausted from preparing everything from travel itineraries to grocery lists. \nBut even after all of the major details are sorted out, there may be periods of time when the host has nothing planned for the rest of the family. Instead of heading out to a movie, this time should be spent enjoying everyone’s company, especially when family members cannot see each other often. \nThere are countless games for families to play that lead to great conversations and fun memories beyond typical choices like charades or Pictionary . Some of these games are new twists on old favorites, while others are unique ideas that will keep multiple generations of family members excited and interested for hours. More Headlines", "external_links": [], "published": "2015-10-17T16:07:00.000+03:00", "crawled": "2015-10-17T16:55:44.721+03:00", "highlightTitle": ""}