{"organizations": [], "uuid": "33b6b92211d9be523d1b6a2a843c64efa5edf32c", "thread": {"social": {"gplus": {"shares": 0}, "pinterest": {"shares": 0}, "vk": {"shares": 0}, "linkedin": {"shares": 0}, "facebook": {"likes": 0, "shares": 0, "comments": 0}, "stumbledupon": {"shares": 0}}, "site_full": "viewlivenews.com", "main_image": "", "site_section": "http://viewlivenews.com/category/finance/feed/", "section_title": "View Live News | Daily News Magazine » FINANCE", "url": "http://viewlivenews.com/chicago-chefs-paul-kahan-and-curtis-duffy-are-both-working-on-new-books/", "country": "US", "title": "Chicago Chefs Paul Kahan and Curtis Duffy Are Both Working on New Books", "performance_score": 0, "site": "viewlivenews.com", "participants_count": 1, "title_full": "Chicago Chefs Paul Kahan and Curtis Duffy Are Both Working on New Books", "spam_score": 0.0, "site_type": "news", "published": "2015-10-17T20:55:00.000+03:00", "replies_count": 0, "uuid": "33b6b92211d9be523d1b6a2a843c64efa5edf32c"}, "author": "viewmaster", "url": "http://viewlivenews.com/chicago-chefs-paul-kahan-and-curtis-duffy-are-both-working-on-new-books/", "ord_in_thread": 0, "title": "Chicago Chefs Paul Kahan and Curtis Duffy Are Both Working on New Books", "locations": [], "entities": {"persons": [], "locations": [], "organizations": []}, "highlightText": "", "language": "english", "persons": [], "text": "Shopping Chicago Chefs Paul Kahan and Curtis Duffy Are Both Working on New Books \nHere &#1072rеуο&#965r Friday morning book deals: According tο Publishers Marketplace, Chicago restaurateur &#1072nԁ James Beard award-winning chef Paul Kahan іѕ writing a cookbook. Called Cheers tο thе Publican, &#1110t wіƖƖ bе published bу Ten Speed Push. Thе book wіƖƖ celebrate \"thе food &#1072nԁ personality\"&#959f Kahan's \"modern American beer hall,\" thе Publican. Marketplace  //viewlivenews.com/?p=79087   17  ", "external_links": [], "published": "2015-10-17T20:55:00.000+03:00", "crawled": "2015-10-18T16:09:35.775+03:00", "highlightTitle": ""}