{"organizations": [], "uuid": "d73a50091b6833d31b7d7d7ec3fdacc5fe98cd4f", "thread": {"social": {"gplus": {"shares": 0}, "pinterest": {"shares": 0}, "vk": {"shares": 0}, "linkedin": {"shares": 0}, "facebook": {"likes": 0, "shares": 0, "comments": 0}, "stumbledupon": {"shares": 0}}, "site_full": "www.express.co.uk", "main_image": "http://cdn.images.express.co.uk/img/dynamic/23/590x/school-uniform-612503.jpg", "site_section": "http://express.co.uk//posts/rss/21/finance", "section_title": "Daily Express :: Finance Feed", "url": "http://www.express.co.uk/finance/personalfinance/612503/school-uniform-rip-off-crippling-prices-against-law-CMA-regulator", "country": "", "title": "End of school uniform rip-off: Crippling prices AGAINST THE LAW, says regulator", "performance_score": 0, "site": "express.co.uk", "participants_count": 0, "title_full": "End of school uniform rip-off: Crippling prices AGAINST THE LAW, says regulator", "spam_score": 0.0, "site_type": "news", "published": "2015-10-16T13:04:00.000+03:00", "replies_count": 0, "uuid": "d73a50091b6833d31b7d7d7ec3fdacc5fe98cd4f"}, "author": "", "url": "http://www.express.co.uk/finance/personalfinance/612503/school-uniform-rip-off-crippling-prices-against-law-CMA-regulator", "ord_in_thread": 0, "title": "End of school uniform rip-off: Crippling prices AGAINST THE LAW, says regulator", "locations": [], "entities": {"persons": [], "locations": [], "organizations": []}, "highlightText": "", "language": "english", "persons": [], "text": "End of school uniform rip-off: Crippling prices AGAINST THE LAW, says regulator End of school uniform rip-off: Crippling prices AGAINST THE LAW, says regulator SCHOOLS may have broken competition laws by charging parents outrageous prices for uniforms this September. PUBLISHED: 11:04, Fri, Oct 16, 2015 | UPDATED: 11:38, Fri, Oct 16, 2015 GETTY Parents have had to pay too much for uniform, according to the regulator \nHeadteachers have been ordered to review their school uniform policies after crippling prices saw items up to £10 more expensive than comparable options. \nThe mark-ups occurred where schools have appointed exclusive suppliers and banned pupils from wearing cheaper options, according to the Competition and Markets Authority (CMA). \nThose stringent policies are against the law, according to the watchdog. \nIt has been inundated with complaints from parents concerned about prices and quality. \nSupermarkets have fought to offer parents low priced items, with items starting from around £2-£3 from the likes of Asda and Tesco. \nSam Royston, director of policy at the Children's Society, said: \"School uniform costs can be a millstone around the necks of poorer parents, contributing to a cycle of debt and damaging the opportunities and well-being of lower income pupils. \n\"One reason for the high costs are policies that force parents to buy clothing from specialist shops, and prevent them from buying cheaper items from supermarkets.\" Related articles", "external_links": [], "published": "2015-10-16T13:04:00.000+03:00", "crawled": "2015-10-16T16:47:08.721+03:00", "highlightTitle": ""}