{"organizations": [], "uuid": "0c06bcd0e2e6f99f0b85c2b6b4c2202fab4d2680", "thread": {"social": {"gplus": {"shares": 0}, "pinterest": {"shares": 0}, "vk": {"shares": 0}, "linkedin": {"shares": 0}, "facebook": {"likes": 0, "shares": 0, "comments": 0}, "stumbledupon": {"shares": 0}}, "site_full": "www.prweb.com", "main_image": "http://ww1.prweb.com/prfiles/2013/07/16/12992234/ADV_BANNER_SELF_HIGHRES_RGB-e1321642713166.jpg", "site_section": "http://www.prweb.com/rss2/homefinance.xml", "section_title": "Home and Family: Banking / Personal Finance", "url": "http://www.prweb.com/releases/2015/10/prweb12992234.htm", "country": "US", "title": "Advanta IRA Administration Offers Power Lunch Hour: The Potentials and Pitfalls of Self-Directed IRAs", "performance_score": 0, "site": "prweb.com", "participants_count": 1, "title_full": "Advanta IRA Administration Offers Power Lunch Hour: The Potentials and Pitfalls of Self-Directed IRAs", "spam_score": 0.0, "site_type": "news", "published": "2015-10-01T03:00:00.000+03:00", "replies_count": 0, "uuid": "0c06bcd0e2e6f99f0b85c2b6b4c2202fab4d2680"}, "author": "Scott Maurer", "url": "http://www.prweb.com/releases/2015/10/prweb12992234.htm", "ord_in_thread": 0, "title": "Advanta IRA Administration Offers Power Lunch Hour: The Potentials and Pitfalls of Self-Directed IRAs", "locations": [], "entities": {"persons": [], "locations": [], "organizations": []}, "highlightText": "", "language": "english", "persons": [], "text": "Self-directed IRAs have become more popular as investors of all levels of experience understand how these accounts work and can potentially boost the earnings of retirement portfolios. While Advanta IRA Administration does not provide investment advice, the firm does encourage investors to educate themselves on the benefits and risks of self-directed IRAs. “The basis of self-directed IRAs is that the account owners take total control of their own investment choices and funds, which opens the door to a very large pool of alternative investments permissible in these plans,” says Jack Callahan, managing partner of Advanta IRA Administration in Atlanta, Georgia. “Self-directed plan owners are able to invest in things they know and understand—at their own pace and comfort level.”\nAlternative investments include:\n real estate precious metals private lending options tax liens and deeds private placements and stock LLCs, LLPs and trusts foreign currency exchange and futures trading oil and gas opportunities cattle, accounts receivable, and much more…\nAttendees of this luncheon can expect to learn:\n Prohibited transactions and disqualified persons when dealing with these accounts are covered in detail How self-direction empowers investors to make their own decisions and control their own futures The potentials and pitfalls that can occur with self-direction Stories of success and failures clients have experienced\nThis information is critical for those considering self-directed IRAs for the first time. It is important plan owners understand their level of responsibility and risk—and at the same time grasp the potential these accounts can offer in the right circumstances.\nBeginning and sophisticated investors are invited to attend this event.\nLunch and Learn: The Potentials and Pitfalls of Self-Directed IRAs\nDate: October 9, 2015\nTime: 11:45 a.m. – 1:15 p.m.\nLocation: Advanta IRA Administration, 3525 Piedmont Rd NE, Bldg. 8, Ste. 101, Atlanta, GA, 30305\nCost: No charge. Lunch is provided\nRegister: Prior to 5:00 pm (EST) on October 8, 2015, by contacting Larissa Greene at (800) 416-8736 x 1140 or email lgreene(at)advantairagroup(dot)com\nAbout Advanta IRA\nAdvanta IRA Services, located in Largo, Florida, has been in operation for over ten years, providing administrative service to owners of self-directed IRAs across the nation. Advanta IRA Administration offers a second location in the Atlanta, Georgia area. Both offices are managed by Jack Callahan, J.D., CFP™. Advanta IRA offers classes, seminars and other educational tools designed to assist clients in managing self-directed IRAs by investing in real estate, notes, private placements and other non-traditional assets that have the potential to maximize IRA earnings on a tax-free or tax-deferred basis.\nAbout Jack Callahan\nJack M. Callahan, J.D., CFP™, is the managing partner at Advanta IRA Services in Largo, FL and Advanta IRA Administration in Atlanta, GA. Jack established the corporate office, Advanta IRA Services, in 2003. Prior to that, Jack delivered specialized counsel to real estate investors, small business owners and real estate professionals on tax, legal and financial matters. As an industry expert, Jack is a frequent speaker on the topic of self-directed retirement plans and an accredited continuing education instructor for the Florida and Georgia Bar Associations, Florida and Georgia Real Estate Commissions, and The American Institute of Certified Public Accountants. He earned his bachelor of science degree in finance and multinational business from Florida State University and his law degree from the University of Florida College of Law.", "external_links": ["http://t2399141.omkt.co/track.aspx?id=402|249BA5|B93D|0|219|0|29D|1|38E610F9&destination=http%3a%2f%2fwww.advantaira.com%2fself-directed-plans%2fbasics-of-self-directed-iras%2f&dchk=300620BA", "http://www.prweb.net/Redirect.aspx?id=aHR0cDovL3d3dy5hZHZhbnRhaXJhLmNvbS9zZWxmLWRpcmVjdGVkLXBsYW5zL2Jhc2ljcy1vZi1zZWxmLWRpcmVjdGVkLWlyYXMv", "http://t2399141.omkt.co/track.aspx?id=402|249BA5|B93D|0|219|0|29E|1|38E610F9&destination=http%3a%2f%2fwww.advantaira.com%2finvestments%2freal-estate%2f&dchk=42117B8C", "http://www.prweb.net/Redirect.aspx?id=aHR0cDovL3d3dy5hZHZhbnRhaXJhLmNvbS9pbnZlc3RtZW50cy9yZWFsLWVzdGF0ZS8="], "published": "2015-10-01T03:00:00.000+03:00", "crawled": "2015-10-01T10:19:34.391+03:00", "highlightTitle": ""}