{"organizations": [], "uuid": "3024d7e9eb688177a5ba9fe273b702fe628805f7", "thread": {"social": {"gplus": {"shares": 0}, "pinterest": {"shares": 0}, "vk": {"shares": 0}, "linkedin": {"shares": 0}, "facebook": {"likes": 0, "shares": 0, "comments": 0}, "stumbledupon": {"shares": 0}}, "site_full": "business-news.thestreet.com", "main_image": "", "site_section": "http://business-news.thestreet.com/morning-star-publishing/rss/627", "section_title": "Morning Star Publishing : Personal Finance", "url": "http://business-news.thestreet.com/morning-star-publishing/story/how-retire-your-40s/1", "country": "EU", "title": "How to Retire In Your 40s", "performance_score": 0, "site": "thestreet.com", "participants_count": 0, "title_full": "How to Retire In Your 40s", "spam_score": 0.0, "site_type": "news", "published": "2015-10-19T22:52:00.000+03:00", "replies_count": 0, "uuid": "3024d7e9eb688177a5ba9fe273b702fe628805f7"}, "author": "", "url": "http://business-news.thestreet.com/morning-star-publishing/story/how-retire-your-40s/1", "ord_in_thread": 0, "title": "How to Retire In Your 40s", "locations": [], "entities": {"persons": [], "locations": [], "organizations": []}, "highlightText": "", "language": "english", "persons": [], "text": "How to Retire In Your 40s 10/19/2015 - 3:52 PM EDT \nNEW YORK ( MainStreet ) — Want to retire in your 40s ? Who wouldn't? With the average age of retirement currently up to 62 according to Gallup and younger Americans expecting to retire before 55, there's both the reality of an increased number of working years and also the optimistic expectation for a shorter working life. But an early retirement is no accident; in fact, many people expect to work until they drop . To retire at all, and to do so early, takes years of careful planning and sacrifice to accomplish. Even with careful planning and sacrifice, the cards might be stacked against you. So how can you make it happen for you? \nThere's No Substitute for Early, Aggressive Savings \nMarcy Keckler, vice president of financial advice strategy for Ameriprise, says that to retire in your 40s you need to take advantage of compounding, which means that you have to start saving early and saving aggressively. Most people know that compound interest can kill them when it comes to credit card debt. What they don't know is that compound yielding is what makes all the difference when it comes to retirement savings. Put simply, your money will start making money and that money will make money and so on. \"You need to be really committed and dedicated to that,\" she says. More Headlines", "external_links": [], "published": "2015-10-19T22:52:00.000+03:00", "crawled": "2015-10-20T00:01:13.928+03:00", "highlightTitle": ""}