{"organizations": [], "uuid": "3f7b2ee196204b7ba474ab3883ba72cefdb47f9c", "thread": {"social": {"gplus": {"shares": 0}, "pinterest": {"shares": 0}, "vk": {"shares": 0}, "linkedin": {"shares": 0}, "facebook": {"likes": 0, "shares": 0, "comments": 0}, "stumbledupon": {"shares": 0}}, "site_full": "www.telegraph.co.uk", "main_image": "http://i.telegraph.co.uk/multimedia/archive/02322/john_2322847k.jpg", "site_section": "http://www.telegraph.co.uk/newsfeed/rss/money_city.xml", "section_title": "Finance - Business news and market updates - Telegraph", "url": "http://www.telegraph.co.uk/finance/newsbysector/retailandconsumer/11934608/John-Lewis-hails-the-rise-of-the-mobile-master-shopper.html", "country": "CH", "title": "John Lewis hails the rise of the mobile \"master shopper\"", "performance_score": 1, "site": "telegraph.co.uk", "participants_count": 1, "title_full": "John Lewis hails the rise of the mobile \"master shopper\"", "spam_score": 0.0, "site_type": "news", "published": "2015-10-16T02:02:00.000+03:00", "replies_count": 0, "uuid": "3f7b2ee196204b7ba474ab3883ba72cefdb47f9c"}, "author": "Ashley Armstrong", "url": "http://www.telegraph.co.uk/finance/newsbysector/retailandconsumer/11934608/John-Lewis-hails-the-rise-of-the-mobile-master-shopper.html", "ord_in_thread": 0, "title": "John Lewis hails the rise of the mobile \"master shopper\"", "locations": [], "entities": {"persons": [], "locations": [], "organizations": []}, "highlightText": "", "language": "english", "persons": [], "text": "John Lewis hails the rise of the mobile \"master shopper\" Find out how technology is changing your shopping habits and lists and take our quiz John Lewis has hailed the rise of the \"master shopper\" Photo: Christopher Pledger By Ashley Armstrong , Retail Correspondent 12:02AM BST 16 Oct 2015", "external_links": [], "published": "2015-10-16T02:02:00.000+03:00", "crawled": "2015-10-16T02:53:00.586+03:00", "highlightTitle": ""}