{"organizations": [], "uuid": "7561231b5e855784f862cc36d8edeb985e438774", "thread": {"social": {"gplus": {"shares": 0}, "pinterest": {"shares": 0}, "vk": {"shares": 0}, "linkedin": {"shares": 0}, "facebook": {"likes": 0, "shares": 0, "comments": 0}, "stumbledupon": {"shares": 0}}, "site_full": "www.wsj.com", "main_image": "http://si.wsj.net/public/resources/images/BN-KU182_hsbc10_G_20151016055642.jpg", "site_section": "http://www.wsj.com/news/world/asia", "section_title": "Asia Business, Finance &amp; Political News - The Wall Street Journal", "url": "http://www.wsj.com/articles/hsbc-may-need-more-time-to-decide-where-it-should-be-based-ceo-says-1444989817", "country": "US", "title": "HSBC May Need More Time to Decide Where It Should Be Based, CEO Says", "performance_score": 0, "site": "wsj.com", "participants_count": 1, "title_full": "HSBC May Need More Time to Decide Where It Should Be Based, CEO Says - WSJ", "spam_score": 0.0, "site_type": "news", "published": "2015-10-16T14:03:00.000+03:00", "replies_count": 0, "uuid": "7561231b5e855784f862cc36d8edeb985e438774"}, "author": "Margot Patrick", "url": "http://www.wsj.com/articles/hsbc-may-need-more-time-to-decide-where-it-should-be-based-ceo-says-1444989817", "ord_in_thread": 0, "title": "HSBC May Need More Time to Decide Where It Should Be Based, CEO Says", "locations": [], "entities": {"persons": [], "locations": [], "organizations": []}, "highlightText": "", "language": "english", "persons": [], "text": "LONDON—HSBC Holdings PLC may need more time to complete a review of where it should be based, Chief Executive Stuart Gulliver said Thursday.\nThe British bank had said its board would make a decision by the end of the year on potentially leaving London.\nSpeaking on the sidelines of a London conference for HSBC clients, Mr. Gulliver said... ", "external_links": [], "published": "2015-10-16T14:03:00.000+03:00", "crawled": "2015-10-16T13:05:02.731+03:00", "highlightTitle": ""}