{"organizations": [], "uuid": "d84549c56c7dde33aa85b107c82e5ea81f48ae86", "thread": {"social": {"gplus": {"shares": 0}, "pinterest": {"shares": 0}, "vk": {"shares": 0}, "linkedin": {"shares": 0}, "facebook": {"likes": 0, "shares": 0, "comments": 0}, "stumbledupon": {"shares": 0}}, "site_full": "uk.finance.yahoo.com", "main_image": "https://s1.yimg.com/bt/api/res/1.2/M7vS95b2fvSzHFeFStPk0A--/YXBwaWQ9eW5ld3NfbGVnbztxPTc1O3c9NjAw/http://l.yimg.com/os/mit/media/m/social/images/social_default_logo-1481777.png", "site_section": "https://uk.finance.yahoo.com/news/category-europe/?format=rss", "section_title": "European Business News | Financial News - Yahoo! Finance UK", "url": "https://uk.finance.yahoo.com/news/european-car-sales-9-8-060001541.html", "country": "GB", "title": "European car sales up 9.8 percent in September - ACEA", "performance_score": 0, "site": "yahoo.com", "participants_count": 0, "title_full": "European car sales up 9.8 percent in September - ACEA", "spam_score": 0.0, "site_type": "news", "published": "2015-10-16T09:00:00.000+03:00", "replies_count": 0, "uuid": "d84549c56c7dde33aa85b107c82e5ea81f48ae86"}, "author": "", "url": "https://uk.finance.yahoo.com/news/european-car-sales-9-8-060001541.html", "ord_in_thread": 0, "title": "European car sales up 9.8 percent in September - ACEA", "locations": [], "entities": {"persons": [], "locations": [], "organizations": []}, "highlightText": "", "language": "english", "persons": [], "text": "0.00 \nBy Costas Pitas \nLONDON, Oct (HKSE: 3366-OL.HK - news ) 16 (Reuters) - Strong demand for German cars helped lift European sales in September, industry data showed on Friday, contributing to the 25th consecutive month of growth in the European Union. \nNearly all manufacturers sold more cars in September this year compared with last year but BMW (Swiss: BMW.SW - news ) , Daimler (Xetra: 710000 - news ) and Volkswagen (Other OTC: VLKAF - news ) had the biggest numerical rises and their sales increases were also among the five biggest by percentage among the major volume brands. \nIncentive schemes to buy new cars and scrap older ones and the continuing economic recovery across southern Europe helped lift demand, the European Automobile Manufacturers' Association said, taking total sales up 9.8 percent year-on-year in the EU and EFTA countries to 1.39 million cars. \nThe bulk of sales had occurred before the full extent of the diesel emissions scandal engulfed Volkswagen. \nSales for Volkswagen last month were up 8.3 percent at 325,497 cars with strong rises across its VW, Audi (LSE: 0FG8.L - news ) , Skoda and SEAT brands, the data showed. \nMeanwhile sales at Daimler rose by 19 percent to 85,866 vehicles, while BMW's sales were up 17.1 percent, lifted by strong demand for its British Mini brand. \nAt the lower end of the scale, French automakers Renault (Swiss: RNO.SW - news ) and PSA Peugeot Citroen recorded the smallest percentage rises in sales last month, of 5.1 percent and 5.2 percent respectively. \nHowever Renault's sales are up 7.9 percent in the first nine months of this year, while Mitsubishi has seen the biggest percentage rise this year, up 32.9 percent, followed by volume firm Nissan. \nIn Britain, where the new car market normally gets a boost in September due to the half-year change in registration plate numbers indicating how old a car is, sales rose 8.6 percent to 462,517 cars. \nIn Spain sales increased by 22.5 percent to 69,826 cars, and in Italy they were up 17.2 percent at 130,071. \nGermany saw the smallest rise of any major market, up by 4.8 percent, whereas smaller nations Estonia and Luxembourg were the only two EU countries where available data showed a drop in demand. (Editing by Greg Mahlich)", "external_links": [], "published": "2015-10-16T09:00:00.000+03:00", "crawled": "2015-10-16T09:59:24.247+03:00", "highlightTitle": ""}