{"organizations": [], "uuid": "74069f699fe5fab534f6873b46aa1d355a21c23e", "thread": {"social": {"gplus": {"shares": 0}, "pinterest": {"shares": 0}, "vk": {"shares": 0}, "linkedin": {"shares": 0}, "facebook": {"likes": 0, "shares": 0, "comments": 0}, "stumbledupon": {"shares": 0}}, "site_full": "www.consumeraffairs.com", "main_image": "https://consumeraffairs.global.ssl.fastly.net/files/news/Rainbow_flag_rdstockphoto_Fotolia.jpg", "site_section": "http://feeds.consumeraffairs.com/news/financial.rss", "section_title": "ConsumerAffairs News: Personal Finance News", "url": "http://www.consumeraffairs.com/news/supreme-court-decision-on-same-sex-marriage-could-generate-25-billion-across-the-nation-062615.html", "country": "US", "title": "Supreme Court decision on same-sex marriage could generate $2.5 billion across the nation", "performance_score": 0, "site": "consumeraffairs.com", "participants_count": 1, "title_full": "Supreme Court decision on same-sex marriage could generate $2.5 billion across the nation", "spam_score": 0.0, "site_type": "news", "published": "2015-10-12T14:00:00.000+03:00", "replies_count": 0, "uuid": "74069f699fe5fab534f6873b46aa1d355a21c23e"}, "author": "Christopher Maynard", "url": "http://www.consumeraffairs.com/news/supreme-court-decision-on-same-sex-marriage-could-generate-25-billion-across-the-nation-062615.html", "ord_in_thread": 0, "title": "Supreme Court decision on same-sex marriage could generate $2.5 billion across the nation", "locations": [], "entities": {"persons": [], "locations": [], "organizations": []}, "highlightText": "", "language": "english", "persons": [], "text": "Supreme Court decision on same-sex marriage could generate $2.5 billion across the nation The Supreme Court's landmark decision could provide a huge surge to many industries in the U.S. 06/26/2015 | print \nBy Christopher Maynard \nChristopher Maynard is a New York-based writer and editor who has worked as a security guard, high school teacher, theatrical lighting designer and volunteer fireman. He is a graduate of Marist College. Read Full Bio→ Email Christopher Maynard \nToday the Supreme Court ruled that the Constitution guarantees a nationwide right to same-sex marriage. The landmark decision, which passed with a vote of 5-4, states that all couples will be able to get married in any part of the United States. \nWhile the whole country will feel this decision’s impact on a social level, the economic effect will also be significant. Many couples will see changes to their personal finances, and many industries will be feeling an economic surge. \nChanges to public opinion underlie this decision by the Supreme Court. After years of activism on behalf of same-sex couples, recent polls have indicated that most Americans now approve of same-sex marriage. The Supreme Court has been methodical in its approach to handling the gay marriage issue. Last October they refused to hear appeals from rulings that allowed same-sex marriage in five states. This was a victory for gay rights, and now that decision has led to a sweeping change to legislation. Economic implications \nWhile many will celebrate the social victories won by the decision, the economic implications are also something worth noting. Same-sex couples will now be much more financially secure due to their marriage status. This includes benefits guaranteed by Social Security, Medicare, military, civilian, and federal employee benefits. \n“Our Social Security system is designed to protect workers and their families in the event of disability, death, or old age. Not only is this a victory for fairness but also for economic security of same-sex married couples. They now with absolute certainty cannot be denied the Social Security benefits they have earned for each other,” said Nancy Altman, Co-Chair of the Strengthen Social Security Campaign. \nStates will also be feeling the economic surge from this decision. Researchers have estimated that each state has the potential to add millions of dollars to their economies through same-sex marriages. While the numbers will fluctuate over the next few years, they say that same-sex marriage could have a $2.5 billion dollar impact nationwide. \nThese numbers are not even reflective of some industries that will thrive due to increased business from same-sex weddings. Florists, wedding and event planners, and catering companies, to name a few, will get a boost. Tourism may also be affected due to destination weddings and increased travel by honeymooners. Share your Comments", "external_links": [], "published": "2015-10-12T14:00:00.000+03:00", "crawled": "2015-10-16T04:02:01.285+03:00", "highlightTitle": ""}