{"organizations": [], "uuid": "60b6c1ccbf4ae075501d06e7114a1269f7c4998a", "thread": {"social": {"gplus": {"shares": 0}, "pinterest": {"shares": 0}, "vk": {"shares": 0}, "linkedin": {"shares": 0}, "facebook": {"likes": 0, "shares": 0, "comments": 0}, "stumbledupon": {"shares": 0}}, "site_full": "www.wsj.com", "main_image": "", "site_section": "http://www.wsj.com/news/business", "section_title": "Business &amp; Finance News - Wall Street Journal", "url": "http://www.wsj.com/articles/yum-brands-adds-icahn-disciple-to-board-1444943313", "country": "US", "title": "Yum Brands Adds Icahn Disciple to Board", "performance_score": 0, "site": "wsj.com", "participants_count": 1, "title_full": "Yum Brands Adds Icahn Disciple to Board - WSJ", "spam_score": 0.0, "site_type": "news", "published": "2015-10-16T01:08:00.000+03:00", "replies_count": 0, "uuid": "60b6c1ccbf4ae075501d06e7114a1269f7c4998a"}, "author": "Josh Beckerman", "url": "http://www.wsj.com/articles/yum-brands-adds-icahn-disciple-to-board-1444943313", "ord_in_thread": 0, "title": "Yum Brands Adds Icahn Disciple to Board", "locations": [], "entities": {"persons": [], "locations": [], "organizations": []}, "highlightText": "", "language": "english", "persons": [], "text": "Yum Brands Inc. on Thursday further lowered its earnings guidance for the current fiscal year, less than 10 days after cutting the same forecast, and announced that Keith A. Meister, a Carl Icahn disciple, was joining its board.\nMr. Meister is now part of activist shareholder Corvex Management LP, which was bankrolled partly by about $1 billion from George Soros. The hedge-fund manager has led efforts to transform a variety of... To Read the Full Story, Subscribe or Sign In", "external_links": [], "published": "2015-10-16T01:08:00.000+03:00", "crawled": "2015-10-16T00:30:25.083+03:00", "highlightTitle": ""}