{"organizations": ["IMF"], "uuid": "847a3c4c93e77886b95630778d5c0ff6e61bf471", "thread": {"social": {"gplus": {"shares": 0}, "pinterest": {"shares": 0}, "vk": {"shares": 0}, "linkedin": {"shares": 0}, "facebook": {"likes": 0, "shares": 0, "comments": 0}, "stumbledupon": {"shares": 0}}, "site_full": "au.finance.yahoo.com", "main_image": "https://s.yimg.com/bt/api/res/1.2/nbxF4JWAY_yZ9EgEx4u58Q--/YXBwaWQ9eW5ld3NfbGVnbztpbD1wbGFuZTtxPTc1O3c9NjAw/http://globalfinance.zenfs.com/images/FIN_ANZ_AFP_ART_FTP_LIVE_1/d63baee933971f764707bf2c9b92cffe399af948_original.jpg", "site_section": "https://au.finance.yahoo.com/news/topic-top-stories/?format=rss", "section_title": "Australian Business & World Finance News - Yahoo!7 Finance", "url": "https://au.finance.yahoo.com/news/former-imf-chief-strauss-kahn-051946441.html", "country": "GB", "title": "Former IMF chief Strauss Kahn to sue for defamation: lawyer", "performance_score": 0, "site": "yahoo.com", "participants_count": 0, "title_full": "Former IMF chief Strauss Kahn to sue for defamation: lawyer", "spam_score": 0.0, "site_type": "news", "published": "2015-10-17T08:19:00.000+03:00", "replies_count": 0, "uuid": "847a3c4c93e77886b95630778d5c0ff6e61bf471"}, "author": "", "url": "https://au.finance.yahoo.com/news/former-imf-chief-strauss-kahn-051946441.html", "ord_in_thread": 0, "title": "Former IMF chief Strauss Kahn to sue for defamation: lawyer", "locations": [], "entities": {"persons": [], "locations": [], "organizations": []}, "highlightText": "", "language": "english", "persons": ["Strauss Kahn"], "text": "View Photo \nDominique Strauss-Kahn, once tipped as a future French president, was forced to resign from his role as head of the IMF in 2011 after being accused of sexual assault by a New York hotel maid \nDisgraced former IMF chief Dominique Strauss-Kahn, who partly ran an investment company that is being sued for alleged fraud, will file a suit next week for defamation, his lawyer Jean Veil told AFP on Saturday. \nThe investigation was opened on July 28 after a former shareholder in a now-defunct Luxembourg-based firm, LSK, lodged a formal complaint. \nStrauss-Kahn, once tipped as a future French president, was forced to resign from his role as head of the IMF in 2011 after being accused of sexual assault by a New York hotel maid. \nThose criminal charges were dropped in 2012 and the case was settled in a civil suit. \nHe was also dragged through French courts earlier this year, accused of being at the centre of a prostitution ring, but was found not guilty. \nThe probe into Strauss-Kahn's business dealings in Luxembourg focuses on a former shareholder, Jean-Francois Ott, who pumped 500,000 euros ($570,000) into the company. \nOtt claims he was given a misleading impression of the firm's financial situation when he made the cash injection and has sued the company, and some of its former administrators, including Strauss-Kahn, for fraud. \nStrauss-Kahn had hoped to build up LSK into a $2.0-billion-dollar investment fund, but winding-up proceedings began in November 2014 after its founder, Thierry Leyne, committed suicide in Tel Aviv. \nVeil said his client had actually been duped by Leyne. Strauss-Kahn quit the firm just days before Leyne's death and accused his former associate of \"excessive borrowing.\"   US cancels drilling rights auctions in Alaskan Arctic AFP \nThe United States has announced it is calling off two auctions for oil and gas drilling rights in the Arctic off …", "external_links": [], "published": "2015-10-17T08:19:00.000+03:00", "crawled": "2015-10-17T19:00:08.929+03:00", "highlightTitle": ""}