{"organizations": [], "uuid": "de86eddbde5396fb1b87d0de0575645c14fcb5c9", "thread": {"social": {"gplus": {"shares": 0}, "pinterest": {"shares": 0}, "vk": {"shares": 0}, "linkedin": {"shares": 0}, "facebook": {"likes": 0, "shares": 0, "comments": 0}, "stumbledupon": {"shares": 0}}, "site_full": "www.businessinsider.com", "main_image": "http://static5.businessinsider.com/image/561c7bff5afbd3b7058b4567/china-sept-dollar-denominated-exports-fall-37-percent-less-than-expected-imports-sink-204-percent.jpg", "site_section": "http://feeds.feedburner.com/TheMoneyGame\r", "section_title": "Finance", "url": "http://www.businessinsider.com/r-china-sept-dollar-denominated-exports-fall-37-percent-less-than-expected-imports-sink-204-percent-2015-10", "country": "US", "title": "China Sept dollar-denominated exports fall 3.7 percent, less than expected; imports sink 20.4 percent", "performance_score": 0, "site": "businessinsider.com", "participants_count": 0, "title_full": "China Sept dollar-denominated exports fall 3.7 percent, less than expected; imports sink 20.4 percent", "spam_score": 0.0, "site_type": "news", "published": "2015-10-13T06:33:00.000+03:00", "replies_count": 0, "uuid": "de86eddbde5396fb1b87d0de0575645c14fcb5c9"}, "author": "", "url": "http://www.businessinsider.com/r-china-sept-dollar-denominated-exports-fall-37-percent-less-than-expected-imports-sink-204-percent-2015-10", "ord_in_thread": 0, "title": "China Sept dollar-denominated exports fall 3.7 percent, less than expected; imports sink 20.4 percent", "locations": ["China"], "entities": {"persons": [], "locations": [], "organizations": []}, "highlightText": "", "language": "english", "persons": [], "text": "print \nThomson Reuters A container box is loaded on to a truck at a port in Rizhao \nBEIJING (Reuters) - China's September exports fell 3.7 percent from a year earlier, less than analysts had expected, while imports fell by 20.4 percent, their 11th consecutive month of decline. \nThat left the country with a trade surplus of $60.34 billion for the month, the General Administration of Customs said on Tuesday, slightly higher than expected. \nAnalysts polled by Reuters had predicted exports would fall 6.3 percent after a drop of 5.5 percent in August. \nImports had been expected to drop 15 percent, following a 13.8 percent decline in August. \nCombined exports and imports fell 8.1 percent in the first nine months of the year from the same period in 2014, well below the full-year official target for growth of 6 percent. \n(Reporting by Shao Xiaoyi, Meng Meng and Pete Sweeney; Editing by Kim Coghill) Read the original article on Reuters . Copyright 2015. Follow Reuters on Twitter . More from Reuters:", "external_links": [], "published": "2015-10-13T06:33:00.000+03:00", "crawled": "2015-10-13T07:35:04.297+03:00", "highlightTitle": ""}