{"organizations": [], "uuid": "0219f5c0013b26379ba46aa7bd13739bb03fe7fb", "thread": {"social": {"gplus": {"shares": 0}, "pinterest": {"shares": 0}, "vk": {"shares": 0}, "linkedin": {"shares": 0}, "facebook": {"likes": 0, "shares": 0, "comments": 0}, "stumbledupon": {"shares": 0}}, "site_full": "business-news.thestreet.com", "main_image": "", "site_section": "http://business-news.thestreet.com/minute-man-news-center/rss/627", "section_title": "Minute Man News Center : Personal Finance", "url": "http://business-news.thestreet.com/minute-man-news-center/story/your-long-term-financial-plans-are-absolutely-frightening/13320375", "country": "US", "title": "Your Long-Term Financial Plans Are Absolutely Frightening", "performance_score": 0, "site": "thestreet.com", "participants_count": 0, "title_full": "Your Long-Term Financial Plans Are Absolutely Frightening", "spam_score": 0.0, "site_type": "news", "published": "2015-10-12T19:38:00.000+03:00", "replies_count": 0, "uuid": "0219f5c0013b26379ba46aa7bd13739bb03fe7fb"}, "author": "", "url": "http://business-news.thestreet.com/minute-man-news-center/story/your-long-term-financial-plans-are-absolutely-frightening/13320375", "ord_in_thread": 0, "title": "Your Long-Term Financial Plans Are Absolutely Frightening", "locations": [], "entities": {"persons": [], "locations": [], "organizations": []}, "highlightText": "", "language": "english", "persons": ["Jason Notte"], "text": "Your Long-Term Financial Plans Are Absolutely Frightening Written by: Jason Notte 10/12/15 - 12:38 PM EDT \nNEW YORK ( MainStreet ) – Well, U.S. workers, feel better: you aren't the only ones failing to make long-term financial plans. \nThe deVere Group, a U.K.-based financial advisory group recently surveyed 650 people around the world who aren't using a financial advisor. They asked simply, “Do you plan your finances one year ahead, one to three years ahead, or three years or more ahead?” Of that group, 71% chose the first option. \nGranted, that's an improvement from 2013, when the same poll had 82% of respondents provided that answer. However, when nearly three-quarters of a group from the U.S., UK, Spain, Australia, France, South Africa, and the United Arab Emirates gives that answer, it makes the financial advisors a little nervous. More Headlines", "external_links": [], "published": "2015-10-12T19:38:00.000+03:00", "crawled": "2015-10-12T20:50:51.637+03:00", "highlightTitle": ""}