{"organizations": [], "uuid": "879df25f3618f9ebfb99514a3dd67f170bf128e8", "thread": {"social": {"gplus": {"shares": 0}, "pinterest": {"shares": 0}, "vk": {"shares": 0}, "linkedin": {"shares": 0}, "facebook": {"likes": 0, "shares": 0, "comments": 0}, "stumbledupon": {"shares": 0}}, "site_full": "www.cbs8.com", "main_image": "http://images.worldnow.com/AP/images/9028799_G.jpg", "site_section": "http://www.cbs8.com/category/120652/money", "section_title": "Money: Personal Finance, Business, Small Business news features - CBS News 8 - San Diego, CA News Station - KFMB Channel 8", "url": "http://www.cbs8.com/story/30274991/greece-parliament-backs-more-austerity-after-snap-poll", "country": "US", "title": "Greece: Parliament backs more austerity after snap poll - CBS News 8 - San Diego, CA News Station - KFMB Channel 8", "performance_score": 0, "site": "cbs8.com", "participants_count": 1, "title_full": "Greece: Parliament backs more austerity after snap poll - CBS News 8 - San Diego, CA News Station - KFMB Channel 8", "spam_score": 0.0, "site_type": "news", "published": "2015-10-16T03:00:00.000+03:00", "replies_count": 0, "uuid": "879df25f3618f9ebfb99514a3dd67f170bf128e8"}, "author": "cbs8", "url": "http://www.cbs8.com/story/30274991/greece-parliament-backs-more-austerity-after-snap-poll", "ord_in_thread": 0, "title": "Greece: Parliament backs more austerity after snap poll - CBS News 8 - San Diego, CA News Station - KFMB Channel 8", "locations": [], "entities": {"persons": [], "locations": [], "organizations": []}, "highlightText": "", "language": "english", "persons": [], "text": "ATHENS, Greece (AP) - Greece's parliament has approved a new round of austerity measures after snap general elections last month triggered by dissent over a new bailout deal.\nLawmakers early Saturday backed a bill to penalize early retirement and expand a widely hated property tax, among other cost-cutting commitments required in return for a 2 billion-euro ($2.3 billion) loan installment.\nThe loan is part of Greece's third major bailout agreement with eurozone lenders, worth a total of 86 billion euros ($98 billion) over three years.\nThe vote was the first test for leftwing Prime Minister Alexis Tsipras since he won the Sept. 20 election.\nCopyright 2015 The Associated Press. All rights reserved. This material may not be published, broadcast, rewritten or redistributed.", "external_links": [], "published": "2015-10-16T03:00:00.000+03:00", "crawled": "2015-10-17T01:56:02.486+03:00", "highlightTitle": ""}