{"organizations": [], "uuid": "5117200415d65e4c0e3c355f9108c613e2bbed15", "thread": {"social": {"gplus": {"shares": 0}, "pinterest": {"shares": 0}, "vk": {"shares": 0}, "linkedin": {"shares": 0}, "facebook": {"likes": 0, "shares": 0, "comments": 0}, "stumbledupon": {"shares": 0}}, "site_full": "www.reuters.com", "main_image": "", "site_section": "http://www.reuters.com/finance/personal-finance", "section_title": "Wealth, Personal Finance &amp; Money | Reuters.com", "url": "http://www.reuters.com/article/2015/10/15/usa-airplane-bees-idUSL1N12F37N20151015", "country": "US", "title": "American Airlines flight delayed in Texas by swarming bees", "performance_score": 0, "site": "reuters.com", "participants_count": 1, "title_full": "American Airlines flight delayed in Texas by swarming bees | Reuters", "spam_score": 0.0, "site_type": "news", "published": "2015-10-16T03:17:00.000+03:00", "replies_count": 0, "uuid": "5117200415d65e4c0e3c355f9108c613e2bbed15"}, "author": "Marice Richter", "url": "http://www.reuters.com/article/2015/10/15/usa-airplane-bees-idUSL1N12F37N20151015", "ord_in_thread": 0, "title": "American Airlines flight delayed in Texas by swarming bees", "locations": [], "entities": {"persons": [], "locations": [], "organizations": []}, "highlightText": "", "language": "english", "persons": [], "text": "DALLAS Oct 15 An American Airlines flight was delayed for more than hour by bees that were swarming under a plane wing when it was parked at Dallas/Fort Worth International Airport, the company said on Thursday.\nThere were no bees on the plane in the Wednesday incident, which was spotted by a service crew who saw the bees buzzing under the wing.\nThe airline called in a local beekeeper to handle the bees so the plane from Las Vegas could turn around as a flight to Frankfort, Germany.\n\"Unfortunately, not long after the beekeeper left, another swarm decided to visit the same aircraft,\" American Airlines spokeswoman Andrea Huguely said.\nThe beekeeper was called again to remove the second swarm of bees. No one was stung.\n\"This was not our first encounter with bees,\" Huguely said. (Reporting by Marice Richter in Dallas; Writing by Jon Herskovitz; Editing by Sandra Maler )", "external_links": [], "published": "2015-10-16T03:17:00.000+03:00", "crawled": "2015-10-16T02:26:03.440+03:00", "highlightTitle": ""}