{"organizations": [], "uuid": "9b9ad9ba5fc3037885b0e6e6246de6fcf646f39a", "thread": {"social": {"gplus": {"shares": 0}, "pinterest": {"shares": 0}, "vk": {"shares": 0}, "linkedin": {"shares": 0}, "facebook": {"likes": 0, "shares": 0, "comments": 0}, "stumbledupon": {"shares": 0}}, "site_full": "www.wsj.com", "main_image": "http://si.wsj.net/public/resources/images/BN-KU234_1016tw_G_20151016094600.jpg", "site_section": "http://www.wsj.com/news/business", "section_title": "Business &amp; Finance News - Wall Street Journal", "url": "http://www.wsj.com/articles/twitter-discloses-new-executive-chairman-kordestanis-pay-1445004104", "country": "US", "title": "Twitter Discloses New Executive Chairman Kordestani’s Pay", "performance_score": 0, "site": "wsj.com", "participants_count": 1, "title_full": "Twitter Discloses New Executive Chairman Kordestani’s Pay - WSJ", "spam_score": 0.0, "site_type": "news", "published": "2015-10-16T18:01:00.000+03:00", "replies_count": 0, "uuid": "9b9ad9ba5fc3037885b0e6e6246de6fcf646f39a"}, "author": "Lisa Beilfuss", "url": "http://www.wsj.com/articles/twitter-discloses-new-executive-chairman-kordestanis-pay-1445004104", "ord_in_thread": 0, "title": "Twitter Discloses New Executive Chairman Kordestani’s Pay", "locations": [], "entities": {"persons": [], "locations": [], "organizations": []}, "highlightText": "", "language": "english", "persons": [], "text": "Twitter on Friday disclosed the pay package for its newly-appointed executive chairman and former Google executive Omid Kordestani.\nThe social-media company named Mr. Kordestani to the post Wednesday after last week appointing co-founder Jack Dorsey as its permanent chief executive.\nTwitter said in a regulatory filing Friday that it would pay Mr. Kordestani a base salary of $50,000. In addition, Mr. Kordestani will be... To Read the Full Story, Subscribe or Sign In", "external_links": [], "published": "2015-10-16T18:01:00.000+03:00", "crawled": "2015-10-16T18:06:51.076+03:00", "highlightTitle": ""}