{"organizations": ["Alibaba"], "uuid": "32961b819864660ebcf5c9ca8aad52cf087890b7", "thread": {"social": {"gplus": {"shares": 0}, "pinterest": {"shares": 0}, "vk": {"shares": 0}, "linkedin": {"shares": 0}, "facebook": {"likes": 0, "shares": 0, "comments": 0}, "stumbledupon": {"shares": 0}}, "site_full": "uk.finance.yahoo.com", "main_image": "https://s.yimg.com/bt/api/res/1.2/XWetaL5J0U4x.EANlkTvRw--/YXBwaWQ9eW5ld3NfbGVnbztpbD1wbGFuZTtxPTc1O3c9NjAw/http://globalfinance.zenfs.com/images/UK_AFTP_AFP_LIVE_1/6fe63d20d749cc4712ebfbd1bd2fe3da5dba890a_original.jpg", "site_section": "https://uk.finance.yahoo.com/news/provider-afp/?format=rss", "section_title": "Finance News | AFP - Yahoo! UK & Ireland Finance", "url": "https://uk.finance.yahoo.com/news/alibabas-ma-appointed-business-advisor-131110039.html", "country": "GB", "title": "Alibaba's Ma appointed business advisor to UK's Cameron", "performance_score": 0, "site": "yahoo.com", "participants_count": 0, "title_full": "Alibaba's Ma appointed business advisor to UK's Cameron", "spam_score": 0.0, "site_type": "news", "published": "2015-10-19T16:11:00.000+03:00", "replies_count": 0, "uuid": "32961b819864660ebcf5c9ca8aad52cf087890b7"}, "author": "", "url": "https://uk.finance.yahoo.com/news/alibabas-ma-appointed-business-advisor-131110039.html", "ord_in_thread": 0, "title": "Alibaba's Ma appointed business advisor to UK's Cameron", "locations": ["UK"], "entities": {"persons": [], "locations": [], "organizations": []}, "highlightText": "", "language": "english", "persons": [], "text": "Tip : Use comma (,) to separate multiple quotes. Learn more... \nMon, Oct 19, 2015, 14:27 BST - UK Markets close in 2 hrs 3 mins Alibaba's Ma appointed business advisor to UK's Cameron AFP – 16 minutes ago View Photo \n\nOne of China's top businessmen, Alibaba founder Jack Ma, has been appointed by British Prime Minister David Cameron to advise him on business, Downing Street said Monday. \nThe announcement came the day before a four-day state visit to Britain by Chinese President Xi Jinping and as Britain seeks to boost its business ties with the world's second-largest economy. \nCameron's spokeswoman told reporters the two would meet later Monday and that Ma, currently executive chairman of the Alibaba Group, would be joining the prime minister's business advisory group. \nThe e-commerce boss will \"provide particular help and advice on how to get small and medium sized British businesses boosting their exports and in particular accessing Chinese markets through platforms like Alibaba\". \nCameron and his finance minister George Osborne believe that close ties with China are vital to cementing Britain's economic growth in decades to come. \nBut human rights activists accuse the centre-right Conservative government of kowtowing to China and the state visit is expected to be accompanied by protests. \nCameron's Business Advisory Group had 19 members in July -- most of them chief executives of top British companies, including the heads of BP, Easyjet (Other OTC: EJTTF - news ) and Rolls Royce (LSE: RR.L - news ) . \nMembership is not remunerated.", "external_links": [], "published": "2015-10-19T16:11:00.000+03:00", "crawled": "2015-10-19T16:28:29.473+03:00", "highlightTitle": ""}