{"organizations": [], "uuid": "e16e3046f58790593111cfe53b0651e9a09a634c", "thread": {"social": {"gplus": {"shares": 0}, "pinterest": {"shares": 0}, "vk": {"shares": 0}, "linkedin": {"shares": 0}, "facebook": {"likes": 0, "shares": 0, "comments": 0}, "stumbledupon": {"shares": 0}}, "site_full": "media.smh.com.au", "main_image": "http://images.smh.com.au/2015/10/14/6929638/ThumbSM_Short_Beer.jpg", "site_section": "http://www.smh.com.au/business/markets/sectors/share-listing/4520/information-technology/technology-hardware-and-equipment", "section_title": "Business News, Economy, Finance &amp; ASX Market News", "url": "http://media.smh.com.au/video-business/video-businessday/global-beer-market-shrinks-6929636.html", "country": "AU", "title": "Global beer market shrinks", "performance_score": 0, "site": "smh.com.au", "participants_count": 1, "title_full": "Global beer market shrinks", "spam_score": 0.0, "site_type": "news", "published": "2015-10-14T03:00:00.000+03:00", "replies_count": 0, "uuid": "e16e3046f58790593111cfe53b0651e9a09a634c"}, "author": "The Sydney Morning Herald", "url": "http://media.smh.com.au/video-business/video-businessday/global-beer-market-shrinks-6929636.html", "ord_in_thread": 0, "title": "Global beer market shrinks", "locations": [], "entities": {"persons": [], "locations": [], "organizations": []}, "highlightText": "", "language": "english", "persons": [], "text": "SAB Miller has given the nod to a takeover bid by Anheuser-Busch InBev valued at $A145 billion", "external_links": [], "published": "2015-10-14T03:00:00.000+03:00", "crawled": "2015-10-17T07:13:26.009+03:00", "highlightTitle": ""}