{"organizations": [], "uuid": "609475880c6e847c58cc623bad94d7d2d543a23e", "thread": {"social": {"gplus": {"shares": 0}, "pinterest": {"shares": 0}, "vk": {"shares": 0}, "linkedin": {"shares": 0}, "facebook": {"likes": 0, "shares": 0, "comments": 0}, "stumbledupon": {"shares": 0}}, "site_full": "uk.finance.yahoo.com", "main_image": "https://s1.yimg.com/bt/api/res/1.2/M7vS95b2fvSzHFeFStPk0A--/YXBwaWQ9eW5ld3NfbGVnbztxPTc1O3c9NjAw/http://l.yimg.com/os/mit/media/m/social/images/social_default_logo-1481777.png", "site_section": "https://uk.finance.yahoo.com/news/sector-oil-gas/?format=rss", "section_title": "Oil News | Gas News - Yahoo! Finance UK", "url": "https://uk.finance.yahoo.com/news/sector-movers-metal-prices-drive-164500263.html", "country": "US", "title": "Sector movers: Metal prices drive market down", "performance_score": 0, "site": "yahoo.com", "participants_count": 0, "title_full": "Sector movers: Metal prices drive market down", "spam_score": 0.0, "site_type": "news", "published": "2015-10-13T19:45:00.000+03:00", "replies_count": 0, "uuid": "609475880c6e847c58cc623bad94d7d2d543a23e"}, "author": "", "url": "https://uk.finance.yahoo.com/news/sector-movers-metal-prices-drive-164500263.html", "ord_in_thread": 0, "title": "Sector movers: Metal prices drive market down", "locations": [], "entities": {"persons": [], "locations": [], "organizations": []}, "highlightText": "", "language": "english", "persons": [], "text": "179.60 -6.8000 \nLONDON (ShareCast) - (ShareCast News) - The London market was pushed lower for most of the day on Tuesday due to falling metal prices throughout most of the day, however started to bounce back as commodities started to rebound. The FTSE 100 ended down 28.9 points (0.45%) at 6,342.28, while the FTSE 250 dropped 88.92 points (0.52%) to 16,898.03. \nAt 1449 BST, the Brent front-month futures contract was trading 0.32% or 16 cents higher at $50.02 a barrel, while the WTI was up 0.62% or 29 cents at $47.39 a barrel as both benchmarks headed lower in Asian trading but recovered marginally later on in the European session. \nAnalysts at Barclays (LSE: BARC.L - news ) expect a moderation in Chinese oil demand growth over the fourth quarter, but not a slump as feared by some, noting that opportunistic storage-linked buying by Beijing \"to fill commercial and strategic reserves could still provide support to the oil price.\" Midway through the London Metal Exchange session, three-month delivery contracts of primary aluminium (down 3.1%), copper (down 1.3%), lead (down 1.8%), nickel (down 2.1%), tin (down 1.2%) and zinc (down 2%) all contributed to industrial metal stocks declining. \nGlencore (Xetra: A1JAGV - news ) was one of the biggest fallers, taking a hit due to industrial metal prices. On the FTSE 250, natural resource related companies were also the biggest affected. Evraz (LSE: EVR.L - news ) was impacted the most on the back of gold and other precious metal prices mostly down during the day, but then rallying in the late afternoon. Kaz Minerals (LSE: KAZ.L - news ) also dipped with copper prices going the same way as the share price. \nOil companies Tullow Oil (LSE: TLW.L - news ) and Premier Oil (LSE: PMO.L - news ) also were affected by commodity prices, with lower oil prices early in the day causing repercussions for the companies' share prices. \nThe industrial engineering sector was also a big casualty, largely down due to Weir Group (Other OTC: WEIGF - news ) and Rotork (LSE: ROR.L - news ) on the FTSE 250 dropping significantly.", "external_links": [], "published": "2015-10-13T19:45:00.000+03:00", "crawled": "2015-10-13T20:11:38.533+03:00", "highlightTitle": ""}