{"organizations": [], "uuid": "c36ecda76d388120f60d430f55d6af8440fb8970", "thread": {"social": {"gplus": {"shares": 0}, "pinterest": {"shares": 0}, "vk": {"shares": 0}, "linkedin": {"shares": 0}, "facebook": {"likes": 0, "shares": 0, "comments": 0}, "stumbledupon": {"shares": 0}}, "site_full": "finance.yahoo.com", "main_image": "http://l3.yimg.com/bt/api/res/1.2/M7vS95b2fvSzHFeFStPk0A--/YXBwaWQ9eW5ld3NfbGVnbztxPTc1O3c9NjAw/http://l.yimg.com/os/mit/media/m/social/images/social_default_logo-1481777.png", "site_section": "http://finance.yahoo.com/rss/headline?s=MZOR", "section_title": "Yahoo! Finance: MZOR News", "url": "http://finance.yahoo.com/news/st-jude-medical-presents-positive-184506157.html", "country": "GB", "title": "St. Jude Medical Presents Positive HeartMate PHP Trial Data", "performance_score": 0, "site": "yahoo.com", "participants_count": 1, "title_full": "St. Jude Medical Presents Positive HeartMate PHP Trial Data - Yahoo Finance", "spam_score": 0.0, "site_type": "news", "published": "2015-10-16T03:00:00.000+03:00", "replies_count": 0, "uuid": "c36ecda76d388120f60d430f55d6af8440fb8970"}, "author": "Zacks Equity Research", "url": "http://finance.yahoo.com/news/st-jude-medical-presents-positive-184506157.html", "ord_in_thread": 0, "title": "St. Jude Medical Presents Positive HeartMate PHP Trial Data", "locations": [], "entities": {"persons": [], "locations": [], "organizations": []}, "highlightText": "", "language": "english", "persons": [], "text": "St. Jude Medical Inc. STJ recently announced positive results from the SHIELD I clinical study. The trial data affirmed the benefits of HeartMate PHP percutaneous Heart Pump for patients undergoing high-risk percutaneous coronary intervention (PCI). HeartMate PHP became part of St. Jude’s portfolio following the recent buyout of Thoratec.\n\nHeartMate PHP is a catheter-based pump designed to provide partial left heart circulatory support. Its expandable catheter technology can generate average blood flow of four to five liters in a minute.\n\nThe clinical trial met both endpoints for primary performance (freedom from hemodynamic compromise during PCI) and safety (a combination of major undesirable events). The SHIELD I study exhibited that HeartMate PHP is capable of maintaining steady hemodynamics during revascularization. In addition, researchers have pointed out that HeartMate PHP can be implanted in an extremely efficient and user-friendly way.\n\nIt is to be noted that HeartMate PHP has already gained CE Mark, on the back of encouraging data from the first 30 patients enrolled in the HeartMate PHP SHIELD I CE Mark trial. In the U.S., benefits of the device are currently being assessed in the SHIELD II IDE clinical trial.\n\nRecently, St. Jude received CE Mark for HeartMate 3 Left Ventricular Assist System (LVAS). The company will initially commercialize the product in limited markets, while an expanded launch is planned in 2016. Meanwhile, the clinical trial of the product is being carried out in the U.S. In April this year, Thoratec received the final approval from the FDA to broaden enrollment under the HeartMate III U.S. IDE clinical trial, which had commenced in Sep 2014.\n\nRollout of HeartMate 3 in European markets is expected to help St. Jude achieve greater traction, while positive HeartMate 3 and HeartMate PHP clinical data in the U.S. will open up additional opportunities for St. Jude.\nZacks Rank and Key Picks \nCurrently, St. Jude carries a Zacks Rank #2 (Buy). Other favorably ranked stocks in the medical sector are Masimo MASI, Mazor Robotics MZOR and NuVasive NUVA. All the stocks sport a Zacks Rank #1 (Strong Buy).\nWant the latest recommendations from Zacks Investment Research? Today, you can download 7 Best Stocks for the Next 30 Days . Click to get this free report >>\n\nWant the latest recommendations from Zacks Investment Research? Today, you can download 7 Best Stocks for the Next 30 Days. Click to get this free report \n \nST JUDE MEDICAL (STJ): Free Stock Analysis Report \n \nMASIMO CORP (MASI): Free Stock Analysis Report \n \nNUVASIVE INC (NUVA): Free Stock Analysis Report \n \nMAZOR ROBOTICS (MZOR): Free Stock Analysis Report \n \nTo read this article on Zacks.com click here. \n \nZacks Investment Research Health Care Industry Finance St. Jude Medical Inc. St. Jude", "external_links": [], "published": "2015-10-16T03:00:00.000+03:00", "crawled": "2015-10-16T01:37:16.189+03:00", "highlightTitle": ""}