{"organizations": ["NLMK", "NOVATEK"], "uuid": "0178c84e1907b2bdfa95e526757725aae600c5e7", "thread": {"social": {"gplus": {"shares": 0}, "pinterest": {"shares": 0}, "vk": {"shares": 0}, "linkedin": {"shares": 0}, "facebook": {"likes": 0, "shares": 0, "comments": 0}, "stumbledupon": {"shares": 0}}, "site_full": "uk.finance.yahoo.com", "main_image": "https://s1.yimg.com/bt/api/res/1.2/M7vS95b2fvSzHFeFStPk0A--/YXBwaWQ9eW5ld3NfbGVnbztxPTc1O3c9NjAw/http://l.yimg.com/os/mit/media/m/social/images/social_default_logo-1481777.png", "site_section": "https://uk.finance.yahoo.com/news/sector-basic-materials/?format=rss", "section_title": "Basic Resources News | Yahoo! Finance", "url": "https://uk.finance.yahoo.com/news/novatek-nlmk-conclude-five-gas-141500397.html", "country": "US", "title": "NOVATEK and NLMK conclude five-year gas supply contracts", "performance_score": 0, "site": "yahoo.com", "participants_count": 0, "title_full": "NOVATEK and NLMK conclude five-year gas supply contracts", "spam_score": 0.0, "site_type": "news", "published": "2015-10-01T17:15:00.000+03:00", "replies_count": 0, "uuid": "0178c84e1907b2bdfa95e526757725aae600c5e7"}, "author": "", "url": "https://uk.finance.yahoo.com/news/novatek-nlmk-conclude-five-gas-141500397.html", "ord_in_thread": 0, "title": "NOVATEK and NLMK conclude five-year gas supply contracts", "locations": ["MOSCOW"], "entities": {"persons": [], "locations": [], "organizations": []}, "highlightText": "", "language": "english", "persons": [], "text": "MOSCOW--(BUSINESSWIRE)-- NOVATEK AND NLMK CONCLUDE FIVE-YEAR GAS SUPPLY CONTRACTS \nMoscow, 1 October 2015 . OAO NOVATEK (“NOVATEK” and/or the “Company”) and NLMK Group (“NLMK”) signed five-year natural gas supply contracts. The contracts envisage overall supply of 2.8 billion cubic meters of natural gas per annum starting from 1 January 2016 and fully cover the needs of all Russian entities of NLMK. \nDeputy Chairman of the Management Board - Commercial Director of NOVATEK Lev Feodosyev noted: “These contracts are an important step in the execution of our marketing strategy aimed at concluding long-term agreements with our clients. We are very glad to add NLMK to our portfolio, thus obtaining a reliable partner with stable gas consumption”. \nNLMK Vice President for Energy Alexander Starchenko commented: “One of the key goals of NLMK Group’s Strategy 2017 is to enhance the efficiency of all production processes. The agreement we’ve reached with NOVATEK is noteworthy due to the flexible conditions for delivery of the key source of energy for the Group’s energy-intensive business; enabling us to make yet another step towards achieving our strategic goal.” *** \nFor further information, please visit www.novatek.ru or contact: Press Service", "external_links": [], "published": "2015-10-01T17:15:00.000+03:00", "crawled": "2015-10-01T17:45:48.503+03:00", "highlightTitle": ""}