{"organizations": [], "uuid": "4809e8559b710e46b18d4f891cb9af14569e0620", "thread": {"social": {"gplus": {"shares": 0}, "pinterest": {"shares": 0}, "vk": {"shares": 0}, "linkedin": {"shares": 0}, "facebook": {"likes": 0, "shares": 0, "comments": 0}, "stumbledupon": {"shares": 0}}, "site_full": "www.reuters.com", "main_image": "", "site_section": "http://www.reuters.com/finance/personal-finance", "section_title": "Wealth, Personal Finance &amp; Money | Reuters.com", "url": "http://www.reuters.com/article/2015/10/22/volkswagen-emissions-germany-usa-idUSL8N12M5WZ20151022", "country": "US", "title": "German transport minister to go to US to hold talks on VW scandal -sources", "performance_score": 0, "site": "reuters.com", "participants_count": 1, "title_full": "German transport minister to go to US to hold talks on VW scandal -sources | Reuters", "spam_score": 0.0, "site_type": "news", "published": "2015-10-23T02:11:00.000+03:00", "replies_count": 0, "uuid": "4809e8559b710e46b18d4f891cb9af14569e0620"}, "author": "Reuters", "url": "http://www.reuters.com/article/2015/10/22/volkswagen-emissions-germany-usa-idUSL8N12M5WZ20151022", "ord_in_thread": 0, "title": "German transport minister to go to US to hold talks on VW scandal -sources", "locations": [], "entities": {"persons": [], "locations": [], "organizations": []}, "highlightText": "", "language": "english", "persons": [], "text": "BERLIN Oct 23 German Transport Minister Alexander Dobrindt will travel to Washington on Monday to discuss the Volkswagen emissions scandal with Anthony Foxx, his U.S. counterpart, among others, two German transport ministry sources said.\nDobrindt also wants to hold talks with the U.S. Environmental Protection Agency (EPA), they told Reuters.\nVolkswagen has admitted rigging U.S. diesel emissions tests and said on Thursday it was looking into whether more vehicles contain software capable of cheating diesel emissions tests.\nThe carmaker said last month that banned software could be inside up to 11 million vehicles worldwide. (Reporting by Andreas Rinke; Writing by Michelle Martin; Editing by Mark Heinrich)", "external_links": [], "published": "2015-10-23T02:11:00.000+03:00", "crawled": "2015-10-23T01:20:48.620+03:00", "highlightTitle": ""}