{"organizations": [], "uuid": "ccbe2fa3b38cd1e990aa712dab193b902c2b924b", "thread": {"social": {"gplus": {"shares": 0}, "pinterest": {"shares": 0}, "vk": {"shares": 0}, "linkedin": {"shares": 0}, "facebook": {"likes": 0, "shares": 0, "comments": 0}, "stumbledupon": {"shares": 0}}, "site_full": "www.reuters.com", "main_image": "", "site_section": "http://www.reuters.com/finance/personal-finance", "section_title": "Wealth, Personal Finance &amp; Money | Reuters.com", "url": "http://www.reuters.com/article/2015/10/14/idUSS7N10O00120151014", "country": "US", "title": "BRIEF-Taiwan's Innolux orders machinery equipment from Ulvac, Applied Materials", "performance_score": 0, "site": "reuters.com", "participants_count": 1, "title_full": "BRIEF-Taiwan's Innolux orders machinery equipment from Ulvac, Applied Materials | Reuters", "spam_score": 0.0, "site_type": "news", "published": "2015-10-14T13:48:00.000+03:00", "replies_count": 0, "uuid": "ccbe2fa3b38cd1e990aa712dab193b902c2b924b"}, "author": "Reuters", "url": "http://www.reuters.com/article/2015/10/14/idUSS7N10O00120151014", "ord_in_thread": 0, "title": "BRIEF-Taiwan's Innolux orders machinery equipment from Ulvac, Applied Materials", "locations": [], "entities": {"persons": [], "locations": [], "organizations": []}, "highlightText": "", "language": "english", "persons": [], "text": "Oct 14 Innolux Corp\n* Says orders machinery equipment for T$1.5 billion ($46.17 million)\nSource text for Eikon:\nFurther company coverage: ($1 = 32.4900 Taiwan dollars) (Reporting by Hong Kong and Singapore newsrooms)", "external_links": [], "published": "2015-10-14T13:48:00.000+03:00", "crawled": "2015-10-14T13:14:23.374+03:00", "highlightTitle": ""}