{"organizations": [], "uuid": "7f7abfab22b6f730271b7d042440cb8aefc87bd1", "thread": {"social": {"gplus": {"shares": 0}, "pinterest": {"shares": 0}, "vk": {"shares": 0}, "linkedin": {"shares": 0}, "facebook": {"likes": 0, "shares": 0, "comments": 0}, "stumbledupon": {"shares": 0}}, "site_full": "www.news.com.au", "main_image": "http://resources.news.com.au/cs/newscomau/images/placeholders/story-thumb-large.jpg", "site_section": "http://www.news.com.au/finance/business/breaking-news", "section_title": "Business Breaking News | Finance &amp; Business News | News.com.au", "url": "http://www.news.com.au/finance/business/costco-the-next-threat-to-coles-woolies/story-e6frfkur-1227574523610", "country": "AU", "title": "Costco the next threat to Coles & Woolies", "performance_score": 0, "site": "news.com.au", "participants_count": 1, "title_full": "Costco the next threat to Coles & Woolies", "spam_score": 0.0, "site_type": "news", "published": "2015-10-19T23:09:00.000+03:00", "replies_count": 0, "uuid": "7f7abfab22b6f730271b7d042440cb8aefc87bd1"}, "author": "Petrina Berry", "url": "http://www.news.com.au/finance/business/costco-the-next-threat-to-coles-woolies/story-e6frfkur-1227574523610", "ord_in_thread": 0, "title": "Costco the next threat to Coles & Woolies", "locations": [], "entities": {"persons": [], "locations": [], "organizations": []}, "highlightText": "", "language": "english", "persons": [], "text": "Petrina Berry US discount retailer Costco has captured a 1.2 per cent slice of Australia's $88 billion supermarket industry despite only owning a handful of stores across the country.\nIT sounds inconsequential against German discounter Aldi&apos;s 8.1 per cent share, and Coles and Woolworths&apos; combined 70 per cent share, but fill in the details and the Costco threat becomes more obvious, an IBISWorld report says.\n Costco the next threat to Coles &amp; Woolies ", "external_links": ["http://mozo.com.au/credit-cards", "http://news-assets.mozo.com.au/images/mozo-powered-mini.gif", "http://cdn.newsapi.com.au/image/v1/origin:fatwire.", "http://www.couriermail.com.au/business/breaking-news/costco-the-next-threat-to-coles-woolies/story-fnihsevj-1227574523610", "http://widgets.mozo.com.au/news/n-business", "http://pages.e.newsdigitalmedia.com.au/GPC?a=News", "http://widgets.outbrain.com/outbrain.js"], "published": "2015-10-19T23:09:00.000+03:00", "crawled": "2015-10-20T13:20:56.232+03:00", "highlightTitle": ""}