{"organizations": [], "uuid": "d33b218f03d5413d3c55eb7b68c300fc9aca374d", "thread": {"social": {"gplus": {"shares": 0}, "pinterest": {"shares": 0}, "vk": {"shares": 0}, "linkedin": {"shares": 0}, "facebook": {"likes": 0, "shares": 0, "comments": 0}, "stumbledupon": {"shares": 0}}, "site_full": "finance.yahoo.com", "main_image": "http://l3.yimg.com/bt/api/res/1.2/M7vS95b2fvSzHFeFStPk0A--/YXBwaWQ9eW5ld3NfbGVnbztxPTc1O3c9NjAw/http://l.yimg.com/os/mit/media/m/social/images/social_default_logo-1481777.png", "site_section": "http://finance.yahoo.com/rss/EducationTrainingServices", "section_title": "Yahoo! Finance: Education & Training Services Industry News", "url": "http://finance.yahoo.com/news/dr-betty-vandenbosch-named-president-190300010.html", "country": "GB", "title": "Dr. Betty Vandenbosch Named President of Kaplan University - Yahoo Finance", "performance_score": 0, "site": "yahoo.com", "participants_count": 1, "title_full": "Dr. Betty Vandenbosch Named President of Kaplan University - Yahoo Finance", "spam_score": 0.0, "site_type": "news", "published": "2015-10-16T03:00:00.000+03:00", "replies_count": 0, "uuid": "d33b218f03d5413d3c55eb7b68c300fc9aca374d"}, "author": "Kaplan University", "url": "http://finance.yahoo.com/news/dr-betty-vandenbosch-named-president-190300010.html", "ord_in_thread": 0, "title": "Dr. Betty Vandenbosch Named President of Kaplan University - Yahoo Finance", "locations": [], "entities": {"persons": [], "locations": [], "organizations": []}, "highlightText": "", "language": "english", "persons": [], "text": "CHICAGO--(BUSINESS WIRE)--\nKaplan University’s Board of Trustees is pleased to announce that Dr. Betty Vandenbosch has been appointed President of Kaplan University (KU). \n“Betty has done an outstanding job driving many of the recent initiatives and innovations at Kaplan University that form the foundation for KU’s bright future. This includes leading KU’s successful multi-staged approach to a competency-based education model and designing an outcomes-based curriculum. Throughout, Betty has been a tireless champion of faculty development and improving student support,” said Kay K. Runge, Chairperson of Kaplan University’s Board of Trustees. \nDr. Vandenbosch has been with Kaplan University since 2008, serving in a number of leadership roles including Vice President of KU’s School of Business and Information Technology and KU’s Dean of Students. In January 2013, Dr. Vandenbosch was promoted to Provost. Dr. Vandenbosch came to KU from Case Western Reserve University, where she served as the Associate Dean of Executive Education and External Relations at the Weatherhead School of Management. She earned her PhD in Management and Information Systems from Ivey Business School at Western University in London, Ontario. \nDr. Vandenbosch succeeds Dr. Wade Dyke, who has served as Kaplan University President since 2009. Dr. Dyke is taking on a new senior position within Kaplan Higher and Professional Education. “On behalf of the board, I want to thank Wade for his leadership over the past six years. He guided KU into a new environment for higher education, and his commitment to student success is second-to-none. He leaves a strong legacy for Betty and KU to build upon,” added Runge. \nAbout Kaplan University \nKaplan University offers a different school of thought for higher education. It strives to help adult students unlock their talent by providing a practical, student-centered education that prepares them for careers in some of the fastest-growing industries. The University, which has its main campus in Davenport, Iowa, and its headquarters in Chicago, is accredited by The Higher Learning Commission . Kaplan University serves approximately 41,000 online and campus-based students. The University has 14 campuses in Iowa, Indiana, Nebraska, Maryland, Maine, Missouri and Wisconsin, and a Kaplan University Learning Center in Maryland. \nKaplan University is part of Kaplan Higher Education LLC and Kaplan, Inc., which serves over 1.2 million students globally each year through its array of higher education, test preparation, professional education, English-language training, university preparation, and offerings to individuals, institutions, and businesses. Kaplan has operations in over 30 countries, employs more than 19,000 full- and part-time professionals, and maintains relationships and partnerships with more than 1,000 school districts, colleges, and universities, and over 2,600 corporations and businesses. Kaplan is a subsidiary of Graham Holdings Company ( GHC ) and its largest division. For more information, please visit www.Kaplan.com . \n\nView source version on businesswire.com: http://www.businesswire.com/news/home/20151013006648/en/ \nKaplan University Case Western Reserve University Contact: Kaplan University\nAmy Hawkinson\nOffice: 954-515-3603\nMobile: 773-301-6437\nAhawkinson@kaplan.edu", "external_links": [], "published": "2015-10-16T03:00:00.000+03:00", "crawled": "2015-10-16T06:40:05.326+03:00", "highlightTitle": ""}