{"organizations": [], "uuid": "2acf88fde8e6db8d04a54de5de0568740bdabfaf", "thread": {"social": {"gplus": {"shares": 0}, "pinterest": {"shares": 0}, "vk": {"shares": 0}, "linkedin": {"shares": 0}, "facebook": {"likes": 0, "shares": 0, "comments": 0}, "stumbledupon": {"shares": 0}}, "site_full": "sg.finance.yahoo.com", "main_image": "https://s1.yimg.com/bt/api/res/1.2/M7vS95b2fvSzHFeFStPk0A--/YXBwaWQ9eW5ld3NfbGVnbztxPTc1O3c9NjAw/http://l.yimg.com/os/mit/media/m/social/images/social_default_logo-1481777.png", "site_section": "http://finance.yahoo.com/rss/headline?s=GM", "section_title": "Yahoo! Finance: GM News", "url": "https://sg.finance.yahoo.com/news/deadline-looms-auto-workers-strike-211417817.html", "country": "GB", "title": "Deadline looms for auto workers' strike threat against GM - Yahoo Singapore Finance", "performance_score": 0, "site": "yahoo.com", "participants_count": 1, "title_full": "Deadline looms for auto workers' strike threat against GM - Yahoo Singapore Finance", "spam_score": 0.0, "site_type": "news", "published": "2015-10-26T02:00:00.000+02:00", "replies_count": 0, "uuid": "2acf88fde8e6db8d04a54de5de0568740bdabfaf"}, "author": "AFP News", "url": "https://sg.finance.yahoo.com/news/deadline-looms-auto-workers-strike-211417817.html", "ord_in_thread": 0, "title": "Deadline looms for auto workers' strike threat against GM - Yahoo Singapore Finance", "locations": [], "entities": {"persons": [], "locations": [], "organizations": []}, "highlightText": "", "language": "english", "persons": [], "text": "RELATED QUOTES Symbol Price Change GM 35.95 +0.53 F 15.67 +0.09", "external_links": [], "published": "2015-10-26T02:00:00.000+02:00", "crawled": "2015-10-26T00:05:51.696+02:00", "highlightTitle": ""}