{"organizations": [], "uuid": "d550872ce4382e7c80b3129596b298db051601ae", "thread": {"social": {"gplus": {"shares": 0}, "pinterest": {"shares": 0}, "vk": {"shares": 0}, "linkedin": {"shares": 0}, "facebook": {"likes": 0, "shares": 0, "comments": 0}, "stumbledupon": {"shares": 0}}, "site_full": "www.wsj.com", "main_image": "http://si.wsj.net/public/resources/images/BN-KU332_1016mu_G_20151016131358.jpg", "site_section": "http://www.wsj.com/news/business", "section_title": "Business &amp; Finance News - Wall Street Journal", "url": "http://www.wsj.com/articles/united-still-working-on-governance-process-after-ceo-hospitalization-1445261230", "country": "", "title": "United Still Working on Next Step After CEO Illness", "performance_score": 0, "site": "wsj.com", "participants_count": 1, "title_full": "United Still Working on Next Step After CEO Illness - WSJ", "spam_score": 0.0, "site_type": "news", "published": "2015-10-19T17:38:00.000+03:00", "replies_count": 0, "uuid": "d550872ce4382e7c80b3129596b298db051601ae"}, "author": "George Stahl", "url": "http://www.wsj.com/articles/united-still-working-on-governance-process-after-ceo-hospitalization-1445261230", "ord_in_thread": 0, "title": "United Still Working on Next Step After CEO Illness", "locations": [], "entities": {"persons": [], "locations": [], "organizations": []}, "highlightText": "", "language": "english", "persons": [], "text": "United Continental Holdings Inc. said it would release more details about the company’s next administrative step later Monday or Tuesday, in light of the hospitalization of Chief Executive Oscar Munoz.\nMr. Munoz was hospitalized last week after suffering a heart attack, people familiar with the matter said. The 56-year-old has been spearheading a major turnaround effort at the No. 2 U.S. airline by traffic. He suffered his attack... To Read the Full Story, Subscribe or Sign In", "external_links": [], "published": "2015-10-19T17:38:00.000+03:00", "crawled": "2015-10-19T16:53:20.052+03:00", "highlightTitle": ""}