{"organizations": [], "uuid": "de60a3be3c39e7799b4542cb51e84b827b5364ee", "thread": {"social": {"gplus": {"shares": 0}, "pinterest": {"shares": 0}, "vk": {"shares": 0}, "linkedin": {"shares": 0}, "facebook": {"likes": 0, "shares": 0, "comments": 0}, "stumbledupon": {"shares": 0}}, "site_full": "www.wsj.com", "main_image": "http://si.wsj.net/public/resources/images/AM-BK828_ABREAS_G_20150913102212.jpg", "site_section": "http://www.wsj.com/news/world/asia", "section_title": "Asia Business, Finance &amp; Political News - The Wall Street Journal", "url": "http://www.wsj.com/articles/japan-calls-upon-blackrock-in-bid-to-encourage-corporate-investment-1444867073", "country": "US", "title": "Japan Calls Upon BlackRock in Bid to Encourage Corporate Investment", "performance_score": 0, "site": "wsj.com", "participants_count": 1, "title_full": "Japan Calls Upon BlackRock in Bid to Encourage Corporate Investment - WSJ", "spam_score": 0.0, "site_type": "news", "published": "2015-10-15T04:01:00.000+03:00", "replies_count": 0, "uuid": "de60a3be3c39e7799b4542cb51e84b827b5364ee"}, "author": "Eleanor Warnock", "url": "http://www.wsj.com/articles/japan-calls-upon-blackrock-in-bid-to-encourage-corporate-investment-1444867073", "ord_in_thread": 0, "title": "Japan Calls Upon BlackRock in Bid to Encourage Corporate Investment", "locations": [], "entities": {"persons": [], "locations": [], "organizations": []}, "highlightText": "", "language": "english", "persons": [], "text": "Japanese Prime Minister Shinzo Abe is asking the world’s biggest asset-manager, BlackRock Inc., for some help in getting Japanese companies to spend their hoards of cash.\nMr. Abe’s government invited a senior executive from the firm to speak with public and private sector officials at a meeting at the prime minister’s residence Friday, according to people with knowledge of the meeting. BlackRock’s chief product officer, Richard... ", "external_links": [], "published": "2015-10-15T04:01:00.000+03:00", "crawled": "2015-10-15T03:52:45.816+03:00", "highlightTitle": ""}