{"organizations": [], "uuid": "7d989217a4977ab4cbae7e92f533287bff38fc08", "thread": {"social": {"gplus": {"shares": 0}, "pinterest": {"shares": 0}, "vk": {"shares": 0}, "linkedin": {"shares": 0}, "facebook": {"likes": 0, "shares": 0, "comments": 0}, "stumbledupon": {"shares": 0}}, "site_full": "uk.finance.yahoo.com", "main_image": "https://s1.yimg.com/bt/api/res/1.2/M7vS95b2fvSzHFeFStPk0A--/YXBwaWQ9eW5ld3NfbGVnbztxPTc1O3c9NjAw/http://l.yimg.com/os/mit/media/m/social/images/social_default_logo-1481777.png", "site_section": "https://uk.finance.yahoo.com/news/sector-basic-materials/?format=rss", "section_title": "Basic Resources News | Yahoo! Finance", "url": "https://uk.finance.yahoo.com/news/dorchester-minerals-l-p-announces-175500863.html", "country": "US", "title": "Dorchester Minerals, L.P. Announces Its Third Quarter Distribution", "performance_score": 0, "site": "yahoo.com", "participants_count": 0, "title_full": "Dorchester Minerals, L.P. Announces Its Third Quarter Distribution", "spam_score": 0.0, "site_type": "news", "published": "2015-10-15T20:55:00.000+03:00", "replies_count": 0, "uuid": "7d989217a4977ab4cbae7e92f533287bff38fc08"}, "author": "", "url": "https://uk.finance.yahoo.com/news/dorchester-minerals-l-p-announces-175500863.html", "ord_in_thread": 0, "title": "Dorchester Minerals, L.P. Announces Its Third Quarter Distribution", "locations": ["Dorchester Minerals"], "entities": {"persons": [], "locations": [], "organizations": []}, "highlightText": "", "language": "english", "persons": [], "text": "Tip : Use comma (,) to separate multiple quotes. Learn more... \nThu, Oct 15, 2015, 19:18 BST - UK Markets closed Dorchester Minerals, L.P. Announces Its Third Quarter Distribution Press Release : Dorchester Minerals, L.P. – 23 minutes ago DALLAS, TX--(Marketwired - Oct 15, 2015) - Dorchester Minerals, L.P. ( NASDAQ : DMLP ) announced today the Partnership's third quarter 2015 cash distribution. The distribution of $0.194234 per common unit represents activity for the three-month period ended September 30, 2015 and is payable on November 5, 2015 to common unitholders of record as of October 26, 2015. \nCash receipts attributable to the Partnership's Royalty Properties during the third quarter totaled approximately $7.1 million. These receipts generally reflect oil sales during June 2015 through August 2015 and gas sales during May 2015 through July 2015. Cash receipts attributable to the Partnership's Net Profits Interests during the third quarter totaled approximately $0.4 million. These receipts reflect oil and gas sales from the properties underlying the Net Profits Interests generally during May 2015 through July 2015. \nDorchester Minerals, L.P. is a Dallas-based owner of producing and non-producing oil and natural gas mineral, royalty, overriding royalty, net profits, and leasehold interests located in 25 states. Its common units trade on the Nasdaq Global Select Market under the symbol DMLP. \nThis release serves as qualified notice to nominees as provided for under Treasury Regulation Section 1.1446-4(b)(4) and (d). Please note that 100 percent of the Partnership's distributions to foreign investors are attributable to income that is effectively connected with a United States trade or business. Accordingly, all of the Partnership's distributions to foreign investors are subject to federal income tax withholding at the highest effective tax rate for individuals or corporations, as applicable. Nominees, and not the Partnership, are treated as withholding agents responsible for withholding distributions received by them on behalf of foreign investors. \nFORWARD-LOOKING STATEMENTS \nPortions of this document may constitute \"forward-looking statements\" as defined by federal law. Such statements are subject to certain risks, uncertainties and assumptions. Should one or more of these risks or uncertainties materialize, or should underlying assumptions prove incorrect, actual results may vary materially from those anticipated, estimated or projected. Examples of such uncertainties and risk factors include, but are not limited to, changes in the price or demand for oil and natural gas, changes in the operations on or development of the Partnership's properties, changes in economic and industry conditions and changes in regulatory requirements (including changes in environmental requirements) and the Partnership's financial position, business strategy and other plans and objectives for future operations. These and other factors are set forth in the Partnership's filings with the Securities and Exchange Commission.", "external_links": [], "published": "2015-10-15T20:55:00.000+03:00", "crawled": "2015-10-15T21:17:42.590+03:00", "highlightTitle": ""}