{"organizations": [], "uuid": "d44c52dbb8fb129939aeef562404843eb1c9263c", "thread": {"social": {"gplus": {"shares": 0}, "pinterest": {"shares": 0}, "vk": {"shares": 0}, "linkedin": {"shares": 0}, "facebook": {"likes": 0, "shares": 0, "comments": 0}, "stumbledupon": {"shares": 0}}, "site_full": "uk.finance.yahoo.com", "main_image": "https://s1.yimg.com/bt/api/res/1.2/M7vS95b2fvSzHFeFStPk0A--/YXBwaWQ9eW5ld3NfbGVnbztxPTc1O3c9NjAw/http://l.yimg.com/os/mit/media/m/social/images/social_default_logo-1481777.png", "site_section": "https://uk.finance.yahoo.com/news/category-international/?format=rss", "section_title": "World Business News | Finance News - Yahoo! Finance UK", "url": "https://uk.finance.yahoo.com/news/halliburton-posts-loss-charges-weigh-110141312.html", "country": "GB", "title": "Halliburton posts loss as charges weigh", "performance_score": 0, "site": "yahoo.com", "participants_count": 0, "title_full": "Halliburton posts loss as charges weigh", "spam_score": 0.0, "site_type": "news", "published": "2015-10-19T14:01:00.000+03:00", "replies_count": 0, "uuid": "d44c52dbb8fb129939aeef562404843eb1c9263c"}, "author": "", "url": "https://uk.finance.yahoo.com/news/halliburton-posts-loss-charges-weigh-110141312.html", "ord_in_thread": 0, "title": "Halliburton posts loss as charges weigh", "locations": [], "entities": {"persons": [], "locations": [], "organizations": []}, "highlightText": "", "language": "english", "persons": [], "text": "Tip : Use comma (,) to separate multiple quotes. Learn more... \nMon, Oct 19, 2015, 12:09 BST - UK Markets close in 4 hrs 21 mins Halliburton posts loss as charges weigh Reuters – 7 minutes ago View Photo \nVarious Halliburton equipment being stored at the equipment yard in Alvarado, Texas June 2, 2015. REUTERS/Cooper … \n(Reuters) - Halliburton Co (HAL.N), the world's No.2 oilfield services provider, posted a quarterly loss, hurt mainly by charges related to asset write-offs and severance costs. \nNet loss attributable to the company was $54 million (35 million pounds), or 6 cents per share, in the third quarter ended Sept. 30, compared with a profit of $1.20 billion, or $1.41 per share, a year earlier. \nRevenue fell nearly 36 percent to $5.58 billion. \n(Reporting by Sneha Banerjee and Amrutha Gayathri in Bengaluru; Editing by Anil D'Silva) Tax cuts, pensions, childcare, online accounts and beer duty, here's … Related Stock Articles Follow the quotes you care about most. Access timely news and investment updates to stay on top of the market. … More » Yahoo UK & Ireland Finance Terms \nQuotes are real-time for NASDAQ, NYSE, and NYSEAmex when available. See also delay times for other exchanges . Quotes and other information supplied by independent providers identified on the Yahoo! Finance partner page . Quotes are updated automatically, but will be turned off after 25 minutes of inactivity. Quotes are delayed at least 15 minutes. All information provided \"as is\" for informational purposes only, not intended for trading purposes or advice. Neither Yahoo! nor any of independent providers is liable for any informational errors, incompleteness, or delays, or for any actions taken in reliance on information contained herein. By accessing the Yahoo! site, you agree not to redistribute the information found therein. \nFundamental company data provided by Capital IQ . Historical chart data and daily updates provided by Commodity Systems, Inc. (CSI) . International historical chart data and daily updates provided by Morningstar, Inc . Yahoo! - News Network", "external_links": [], "published": "2015-10-19T14:01:00.000+03:00", "crawled": "2015-10-19T14:12:04.240+03:00", "highlightTitle": ""}