{"organizations": ["ECB"], "uuid": "26ff15a896c0692c01f5e89ae512fe867ab38a2f", "thread": {"social": {"gplus": {"shares": 0}, "pinterest": {"shares": 0}, "vk": {"shares": 0}, "linkedin": {"shares": 0}, "facebook": {"likes": 0, "shares": 0, "comments": 0}, "stumbledupon": {"shares": 0}}, "site_full": "uk.finance.yahoo.com", "main_image": "https://s1.yimg.com/bt/api/res/1.2/uCr0_tR9NIwbMQclaMLUdA--/YXBwaWQ9eW5ld3NfbGVnbztpbD1wbGFuZTtxPTc1O3c9NjAw/http://globalfinance.zenfs.com/images/UK_AFTP_AFP_LIVE_1/72f33c1dbdc5c48f19dff4c8762d61132e3fba42_original.jpg", "site_section": "https://uk.finance.yahoo.com/news/sector-banks/?format=rss", "section_title": "Banking News - Yahoo! Finance UK", "url": "https://uk.finance.yahoo.com/news/weak-inflation-puts-ecb-tight-114024359.html", "country": "US", "title": "Weak inflation puts ECB in tight spot at Malta meeting", "performance_score": 0, "site": "yahoo.com", "participants_count": 0, "title_full": "Weak inflation puts ECB in tight spot at Malta meeting", "spam_score": 0.0, "site_type": "news", "published": "2015-10-18T14:40:00.000+03:00", "replies_count": 0, "uuid": "26ff15a896c0692c01f5e89ae512fe867ab38a2f"}, "author": "", "url": "https://uk.finance.yahoo.com/news/weak-inflation-puts-ecb-tight-114024359.html", "ord_in_thread": 0, "title": "Weak inflation puts ECB in tight spot at Malta meeting", "locations": ["Malta"], "entities": {"persons": [], "locations": [], "organizations": []}, "highlightText": "", "language": "english", "persons": [], "text": "Tip : Use comma (,) to separate multiple quotes. Learn more... \nSun, Oct 18, 2015, 13:25 BST - UK Markets closed Weak inflation puts ECB in tight spot at Malta meeting By Simon Morgan | AFP – 44 minutes ago View Photo \n\nFalling prices in the eurozone are turning up the heat on the European Central Bank to prevent the single currency area from slipping into a dangerous downward spiral of deflation. \nBut many ECB watchers say they do not expect the guardian of the euro to take any action just yet when its decision-making governing council convenes in Malta this coming week. \nConsumer prices in the eurozone slipped by 0.1 percent in September, according to data published by Eurostat. \nThat \"heaps pressure on the ECB to step up its stimulative action at its meeting\" on Thursday, said IHS Global Insight analyst Howard Archer. \nWith area-wide interest rates currently at what ECB chief Mario Draghi perceives to be their lower end, any additional easing action would likely take the form of an extension of the central bank's bond purchase programme, known as quantitative easing or QE, the expert said. \n- 'Wait and see' - \n\"But it looks most likely that the ECB will hold fire on more QE, as a number of governing council members appear to be in 'wait and see' mood,\" Archer (Oslo: 13072052.OL - news ) said. \nA number of top ECB policymakers, including Draghi himself, have recently insisted it is too early to judge whether further action is needed. \nAlso by December the ECB will have compiled its own new staff forecasts, which could well bolster the case for more stimulus. \n\"Recent comments from governing council members suggest that the ECB may not be ready to increase its policy support when it meets\" in Malta, said Jennifer McKeown of Capital Economics. \nBut Draghi would likely reiterate concerns about the inflation outlook and risks from emerging markets, stressing again that the ECB was ready to do more if needed. \n\"We still see it announcing a pick-up in the pace of its asset purchases before long, if not at this meeting then perhaps following the December meeting,\" McKeown said. \nQE is an ambitious scheme, launched in March, to buy more than one trillion euros ($1.1 trillion) worth of public sector bonds to pump liquidity into the system at a rate of 60 billion euros per month until September 2016. \nWhile falling prices might appear to be good for consumers, they can be poisonous to the economy, because they may persuade consumers to delay purchases in the hope of lower prices, in turn prompting companies to hold off investment and hiring. \nThe ECB calculates that inflation rates of close to but just under 2.0 percent are conducive to healthy economic growth. \n- Ready to act - \nDraghi has repeatedly said that the ECB would be ready to take further stimulative action if necessary. \nAnd analysts believe that such action could take the form of an extension of the QE programme beyond September 2016 or an acceleration or increase in the total amount of bonds purchased. \nBut executive board member Benoit Coeure recently said it was too early to speculate about such a move, pointing out that only a third of the current QE programme had been executed so far. \nAnd with the beneficial effects of a range of other policy measures -- unprecedented amounts of liquidity and historically low interest rates -- still only gradually making themselves felt, it was \"premature to discuss\" a new QE programme, Coeure said. \nNevertheless, \"it is certainly our duty to be prepared to cope with all kinds of contingencies,\" he added. \nThe head of the Austrian central bank, Ewald Nowotny, said the ECB was \"clearly\" missing its inflation target. \nWhile acknowledging that sharp falls in commodity and oil prices -- factors outside the central bank's control -- were the main cause, \"core inflation rates are clearly below our target,\" Nowotny said. \nCommerzbank (Xetra: CBK100 - news ) economist Michael Schubert said he did not expect Draghi to announce any new measures on Thursday. \nBut he was \"likely to stress the central bank's readiness to adjust the duration, volume and structure of the QE purchase programme if need be.\" \nHard economic data \"also suggest adhering to a wait-and-see stance for now,\" the economist argued. \n- New (KOSDAQ: 160550.KQ - news ) forecasts - \nThe governing council should have the latest results of the ECB's Survey of Professional Forecasters (SPF) at the meeting, even if the data would probably only be officially released a day later, he said. \nIn the last survey, the SPF suggested that the likelihood of the ECB falling short of its target in the long term had risen somewhat, Schubert said. \n\"Should it climb further ... this would support our expectation that the ECB will decide to increase the volume of asset purchases in December,\" he concluded.", "external_links": [], "published": "2015-10-18T14:40:00.000+03:00", "crawled": "2015-10-18T15:28:16.226+03:00", "highlightTitle": ""}