{"organizations": [], "uuid": "40a70aaf83503f20a2f28c97dd3200196e64dbe6", "thread": {"social": {"gplus": {"shares": 0}, "pinterest": {"shares": 0}, "vk": {"shares": 0}, "linkedin": {"shares": 0}, "facebook": {"likes": 0, "shares": 0, "comments": 0}, "stumbledupon": {"shares": 0}}, "site_full": "www.thestreet.com", "main_image": "http://s.thestreet.com/files/tsc/v2008/photos/contrib/uploads/closedwalmart_600x400.jpg", "site_section": "http://finance.yahoo.com/rss/headline?s=WMT", "section_title": "Yahoo! Finance: WMT News", "url": "http://www.thestreet.com/story/13325724/1/wal-mart-s-entire-business-model-is-being-smashed-to-pieces.html?puc=yahoo&cm_ven=YAHOO", "country": "GB", "title": "Wal-Mart’s Entire Business Model Is Being Smashed to Pieces - TheStreet", "performance_score": 0, "site": "thestreet.com", "participants_count": 1, "title_full": "Wal-Mart’s Entire Business Model Is Being Smashed to Pieces - TheStreet", "spam_score": 0.0, "site_type": "news", "published": "2015-10-16T03:00:00.000+03:00", "replies_count": 0, "uuid": "40a70aaf83503f20a2f28c97dd3200196e64dbe6"}, "author": "yahoo", "url": "http://www.thestreet.com/story/13325724/1/wal-mart-s-entire-business-model-is-being-smashed-to-pieces.html?puc=yahoo&cm_ven=YAHOO", "ord_in_thread": 0, "title": "Wal-Mart’s Entire Business Model Is Being Smashed to Pieces - TheStreet", "locations": [], "entities": {"persons": [], "locations": [], "organizations": []}, "highlightText": "", "language": "english", "persons": [], "text": "Reddit Email Print Reprint", "external_links": [], "published": "2015-10-16T03:00:00.000+03:00", "crawled": "2015-10-16T19:00:51.418+03:00", "highlightTitle": ""}