{"organizations": ["FDA"], "uuid": "9ceb3521611698197b187dc50ba17edb5bd2e183", "thread": {"social": {"gplus": {"shares": 0}, "pinterest": {"shares": 0}, "vk": {"shares": 0}, "linkedin": {"shares": 0}, "facebook": {"likes": 0, "shares": 0, "comments": 0}, "stumbledupon": {"shares": 0}}, "site_full": "uk.finance.yahoo.com", "main_image": "https://s1.yimg.com/bt/api/res/1.2/M7vS95b2fvSzHFeFStPk0A--/YXBwaWQ9eW5ld3NfbGVnbztxPTc1O3c9NjAw/http://l.yimg.com/os/mit/media/m/social/images/social_default_logo-1481777.png", "site_section": "https://uk.finance.yahoo.com/news/sector-health-care/?format=rss", "section_title": "Health Care News | Pharmaceutical News - Yahoo! Finance UK", "url": "https://uk.finance.yahoo.com/news/shire-says-u-fda-declines-015651596.html", "country": "US", "title": "Shire says U.S FDA declines to approve eye drug Lifitegrast", "performance_score": 0, "site": "yahoo.com", "participants_count": 0, "title_full": "Shire says U.S FDA declines to approve eye drug Lifitegrast", "spam_score": 0.0, "site_type": "news", "published": "2015-10-17T04:56:00.000+03:00", "replies_count": 0, "uuid": "9ceb3521611698197b187dc50ba17edb5bd2e183"}, "author": "", "url": "https://uk.finance.yahoo.com/news/shire-says-u-fda-declines-015651596.html", "ord_in_thread": 0, "title": "Shire says U.S FDA declines to approve eye drug Lifitegrast", "locations": [], "entities": {"persons": [], "locations": [], "organizations": []}, "highlightText": "", "language": "english", "persons": ["Shire"], "text": "Tip : Use comma (,) to separate multiple quotes. Learn more... \nSat, Oct 17, 2015, 03:46 BST - UK Markets closed Shire says U.S FDA declines to approve eye drug Lifitegrast Reuters - UK Focus – 49 minutes ago 0.00 \n(Adds details, shares) \nOct (HKSE: 3366-OL.HK - news ) 16 (Reuters) - The U.S (Other OTC: UBGXF - news ) . Food and Drug Administration notified Shire Plc (Xetra: S7E.DE - news ) it will not approve its eye drug Lifitegrast, the company said on Friday, adding that the U.S. health regulator recommended the company conduct additional clinical studies. \nThe news comes over a week before the FDA was supposed to make a decision on Lifitegrast on Oct 25. \nShire said it received a complete response letter, which the FDA sends to let a drug developer know a marketing application will not be approved in its present form. \nThe health regulator in its complete response letter has advised the British drugmaker to conduct additional clinical studies related to the quality of the drug. \nShire said on Friday it expects to report results from this study before the year end and if it is positive the company expects to re-submit the marketing application for Lifitegrast in the first quarter 2016. \nThe company had submitted a marketing application for the drug earlier this year in treating patients with dry eye disease, Shire said. \nChronic dry eye syndrome affects the eye's tear-producing glands where patients suffer from blurred vision and experience itching or a burning sensation in the eyes. It (Other OTC: ITGL - news ) affects over 19 million people in the United States. \nOther companies which develop drugs for the condition includes Eleven Biotherapeutics Inc (NasdaqGM: EBIO - news ) , Rigel Pharmaceuticals Inc. \nShire's shares closed at $209.63 on the Nasdaq (NasdaqGS: NDAQ - news ) on Friday. (Reporting by Rosmi Shaji in Bengaluru; Editing by David Gregorio and Diane Craft)", "external_links": [], "published": "2015-10-17T04:56:00.000+03:00", "crawled": "2015-10-17T05:58:38.781+03:00", "highlightTitle": ""}