{"organizations": [], "uuid": "be6ecde4d5436177d57e3b8ee2faa5781a1db235", "thread": {"social": {"gplus": {"shares": 0}, "pinterest": {"shares": 0}, "vk": {"shares": 0}, "linkedin": {"shares": 0}, "facebook": {"likes": 0, "shares": 0, "comments": 0}, "stumbledupon": {"shares": 0}}, "site_full": "www.smh.com.au", "main_image": "http://www.smh.com.au/content/dam/images/g/k/a/4/q/m/image.related.articleLeadwide.620x349.gka60i.png/1444890100613.jpg", "site_section": "http://www.smh.com.au/business/markets/sectors/share-listing/4520/information-technology/technology-hardware-and-equipment", "section_title": "Business News, Economy, Finance &amp; ASX Market News", "url": "http://www.smh.com.au/business/property/global-capital-flows-reach-fever-pitch-20151015-gka60i.html", "country": "AU", "title": "Global capital flows reach fever pitch", "performance_score": 0, "site": "smh.com.au", "participants_count": 1, "title_full": "Global capital flows reach fever pitch", "spam_score": 0.0, "site_type": "news", "published": "2015-10-16T03:00:00.000+03:00", "replies_count": 0, "uuid": "be6ecde4d5436177d57e3b8ee2faa5781a1db235"}, "author": "", "url": "http://www.smh.com.au/business/property/global-capital-flows-reach-fever-pitch-20151015-gka60i.html", "ord_in_thread": 0, "title": "Global capital flows reach fever pitch", "locations": [], "entities": {"persons": [], "locations": [], "organizations": []}, "highlightText": "", "language": "english", "persons": [], "text": "CBD office towers are in hot demand, with capital inflows at their highest level since 2007.\nDemand for investment-grade assets has reached fever pitch with global commercial real estate sales reaching $US407 billion ($556 billion) in the first half of 2015, the strongest first half to a year since 2007, and up 14 per cent year over year, latest research from agents shows.\nThis comes as swaths of new assets are on the market or being prepared for sale, and will probably boost the number of deals in 2015 to a record level.\nCBRE Pacific executive managing director capital markets Mark Granter said Australia continued to attract a high share of cross-border investment activity, with Sydney ranked fourth globally in this regard.\n\"The decline in the Australian dollar and the higher yields/returns in this market are continuing to attract offshore buyers,\" Mr Granter said.\nAdvertisement \"Given the current level of transaction activity in Australia, we are on pace, if not exceed, the record $29.6 billion in annual sales recorded during 2014.\"\nA large portion of the cash is coming in from overseas investors, with Asia-based funds the biggest. Several large sales have occurred including the Investa office portfolio bought by the Chinese Investment Corporation for about $2.5 billion.\nKnight Frank has launched its Global Cities: The 2016 Report , which looked at the market performance of 20 global cities worldwide, of which 10 are in Asia Pacific.\nThe report says a new real estate investment market has emerged.\nIt says this new environment is characterised by growing cross-border money flows, a push to diversify portfolios, and a willingness to think laterally by looking beyond the traditional sectors of office, retail and industrial.\nKnight Frank head of institutional sales for Australia James Parry said an increase in overseas capital inflow has been apparent in Australia and is likely to remain.\n\"We have seen an increase in Chinese investment into Australia in recent years, driven by a slowing domestic economy, measures to cool the housing market and the relaxation of regulations on overseas investments, all of which have prompted many Chinese investors to seek opportunities abroad,\" Mr Parry said.\n\"Investors are increasingly willing to take more risk to achieve a higher yield in Australia's office markets, and are now willing to compromise – either through a higher-risk appetite and/or alternative geographies than originally intended.\n\"Regardless of whether Chinese investment eventually cools, there is significant potential for increased capital to flow into Australia from places such as Japan, Taiwan and also the US given the lower Australian dollar.\"\nThis demand is also stretching out to the fringe and suburban areas throughout the country.\nKnight Frank head of research and consulting for Australia Matt Whitby said investment into Sydney CBD office and hotel assets by overseas groups has grown considerably in the past five years, boosted by relatively higher yields and, more recently, by currency depreciation.\n\"Offshore ownership of investment-grade office stock and four and five-star hotels in the Sydney CBD office sector, as at August 2015, compared with January 2010, shows the globalisation thesis is clear cut,\" Mr Whitby said.\n\"Offshore ownership of Sydney CBD office assets has increased from 16 per cent to 30 per cent of the market by value, while ownership of significant four and five-star hotels increased from 69 per cent of rooms to 88 per cent.\"", "external_links": [], "published": "2015-10-16T03:00:00.000+03:00", "crawled": "2015-10-17T07:19:53.855+03:00", "highlightTitle": ""}