{"organizations": [], "uuid": "34b6a7d974e74cb552c8afda3b3bdbf57d1ef890", "thread": {"social": {"gplus": {"shares": 0}, "pinterest": {"shares": 0}, "vk": {"shares": 0}, "linkedin": {"shares": 0}, "facebook": {"likes": 0, "shares": 0, "comments": 0}, "stumbledupon": {"shares": 0}}, "site_full": "www.wsj.com", "main_image": "http://si.wsj.net/public/resources/images/BN-KY151_PTC102_G_20151026133007.jpg", "site_section": "http://www.wsj.com/news/business", "section_title": "Business &amp; Finance News - Wall Street Journal", "url": "http://www.wsj.com/articles/railroads-say-disruptions-loom-if-safety-system-deadline-isnt-extended-1445885962", "country": "", "title": "Railroads Say Disruptions Loom if Safety-System Deadline Isn’t Extended", "performance_score": 0, "site": "wsj.com", "participants_count": 1, "title_full": "Railroads Say Disruptions Loom if Safety-System Deadline Isn’t Extended - WSJ", "spam_score": 0.0, "site_type": "news", "published": "2015-10-26T21:59:00.000+02:00", "replies_count": 0, "uuid": "34b6a7d974e74cb552c8afda3b3bdbf57d1ef890"}, "author": "Laura Stevens", "url": "http://www.wsj.com/articles/railroads-say-disruptions-loom-if-safety-system-deadline-isnt-extended-1445885962", "ord_in_thread": 0, "title": "Railroads Say Disruptions Loom if Safety-System Deadline Isn’t Extended", "locations": [], "entities": {"persons": [], "locations": [], "organizations": []}, "highlightText": "", "language": "english", "persons": [], "text": "Railroads are amplifying warnings that the U.S. transportation network would grind to a halt at the start of the new year if Congress makes them stick to a year-end deadline to install a new safety system.\nThe major freight railroads, Amtrak and other industry groups say disruption of the economy would ensue—and public health and security put at risk—if they don’t get a reprieve. Railroads last week began notifying customers that they would stop shipping certain hazardous materials as early as Dec. 1, with passenger... To Read the Full Story, Subscribe or Sign In", "external_links": [], "published": "2015-10-26T21:59:00.000+02:00", "crawled": "2015-10-26T21:14:53.558+02:00", "highlightTitle": ""}