{"organizations": [], "uuid": "5335eed01906bccc0b84049728d48f129f3cc8b5", "thread": {"social": {"gplus": {"shares": 0}, "pinterest": {"shares": 0}, "vk": {"shares": 0}, "linkedin": {"shares": 0}, "facebook": {"likes": 0, "shares": 0, "comments": 0}, "stumbledupon": {"shares": 0}}, "site_full": "www.business-standard.com", "main_image": "http://bsmedia.business-standard.com/_media/bs/img/article/2015-09/14/full/1442175012-7343.jpg", "site_section": "http://www.business-standard.com//rss/finance-103.rss#", "section_title": "Finance", "url": "http://www.business-standard.com/article/finance/pay-minimum-annuity-of-rs-1-000-monthly-irdai-to-insurers-115101201007_1.html", "country": "IN", "title": "Pay minimum annuity of Rs 1,000 monthly: IRDAI to insurers", "performance_score": 0, "site": "business-standard.com", "participants_count": 1, "title_full": "Pay minimum annuity of Rs 1,000 monthly: IRDAI to insurers | Business Standard News", "spam_score": 0.0, "site_type": "news", "published": "2015-10-12T03:00:00.000+03:00", "replies_count": 0, "uuid": "5335eed01906bccc0b84049728d48f129f3cc8b5"}, "author": "BS Reporter", "url": "http://www.business-standard.com/article/finance/pay-minimum-annuity-of-rs-1-000-monthly-irdai-to-insurers-115101201007_1.html", "ord_in_thread": 0, "title": "Pay minimum annuity of Rs 1,000 monthly: IRDAI to insurers", "locations": [], "entities": {"persons": [], "locations": [], "organizations": []}, "highlightText": "", "language": "english", "persons": [], "text": "Insurance Regulatory and Development Authority of India or IRDAI in is Minimum Limits for Annuities and other Benefits Regulations said that life insurer can pay an amount of annuity of less than Rs 1,000 per month, excluding any profit or bonus.\n\nIt also said that gross sum cannot be less than Rs 5,000, except under Micro Insurance and Health Insurance Business and not less than Gross sum of Rs 1,000 for Micro Insurance and Health Insurance Business.", "external_links": [], "published": "2015-10-12T03:00:00.000+03:00", "crawled": "2015-10-12T17:29:51.113+03:00", "highlightTitle": ""}