{"organizations": [], "uuid": "2396b4ef9a211673c19c34bc259724840b998a30", "thread": {"social": {"gplus": {"shares": 0}, "pinterest": {"shares": 0}, "vk": {"shares": 0}, "linkedin": {"shares": 0}, "facebook": {"likes": 0, "shares": 0, "comments": 0}, "stumbledupon": {"shares": 0}}, "site_full": "uk.finance.yahoo.com", "main_image": "https://s1.yimg.com/bt/api/res/1.2/M7vS95b2fvSzHFeFStPk0A--/YXBwaWQ9eW5ld3NfbGVnbztxPTc1O3c9NjAw/http://l.yimg.com/os/mit/media/m/social/images/social_default_logo-1481777.png", "site_section": "https://uk.finance.yahoo.com/news/sector-basic-materials/?format=rss", "section_title": "Basic Resources News | Yahoo! Finance", "url": "https://uk.finance.yahoo.com/news/frn-variable-rate-fix-165900037.html", "country": "US", "title": "FRN Variable Rate Fix", "performance_score": 0, "site": "yahoo.com", "participants_count": 0, "title_full": "FRN Variable Rate Fix", "spam_score": 0.0, "site_type": "news", "published": "2015-10-26T18:59:00.000+02:00", "replies_count": 0, "uuid": "2396b4ef9a211673c19c34bc259724840b998a30"}, "author": "", "url": "https://uk.finance.yahoo.com/news/frn-variable-rate-fix-165900037.html", "ord_in_thread": 0, "title": "FRN Variable Rate Fix", "locations": [], "entities": {"persons": [], "locations": [], "organizations": []}, "highlightText": "", "language": "english", "persons": [], "text": "Tip : Use comma (,) to separate multiple quotes. Learn more... \nMon, Oct 26, 2015, 17:25 GMT - UK Markets closed FRN Variable Rate Fix PLEASE BE ADVISED THAT THE INTEREST RATE FOR THE PERIOD 02-May-2015 TO 02-Nov-2015 HAS BEEN FIXED AT 2.81 PCT INTEREST PAYABLE VALUE 02-Nov-2015 WILL AMOUNT TO: GBP 14.04 PER GBP 1,000.00 DENOMINATION View source version on businesswire.com: http://www.businesswire.com/news/home/20151026006232/en/ Contact Tax cuts, pensions, childcare, online accounts and beer duty, here's … Related Stock Articles Follow the quotes you care about most. Access timely news and investment updates to stay on top of the market. … More » Yahoo UK & Ireland Finance Terms \nQuotes are real-time for NASDAQ, NYSE, and NYSEAmex when available. See also delay times for other exchanges . Quotes and other information supplied by independent providers identified on the Yahoo! Finance partner page . Quotes are updated automatically, but will be turned off after 25 minutes of inactivity. Quotes are delayed at least 15 minutes. All information provided \"as is\" for informational purposes only, not intended for trading purposes or advice. Neither Yahoo! nor any of independent providers is liable for any informational errors, incompleteness, or delays, or for any actions taken in reliance on information contained herein. By accessing the Yahoo! site, you agree not to redistribute the information found therein. \nFundamental company data provided by Capital IQ . Historical chart data and daily updates provided by Commodity Systems, Inc. (CSI) . International historical chart data and daily updates provided by Morningstar, Inc . Yahoo! - News Network", "external_links": [], "published": "2015-10-26T18:59:00.000+02:00", "crawled": "2015-10-26T19:26:47.724+02:00", "highlightTitle": ""}