{"organizations": ["Alaska Legislature"], "uuid": "5fd7c14e796f8a6ee9de53723ed342d68f1ae486", "thread": {"social": {"gplus": {"shares": 0}, "pinterest": {"shares": 0}, "vk": {"shares": 0}, "linkedin": {"shares": 0}, "facebook": {"likes": 0, "shares": 0, "comments": 0}, "stumbledupon": {"shares": 0}}, "site_full": "www.therepublic.com", "main_image": "http://d1bdhkmqqz901h.cloudfront.net/fit-in/1200x630/filters:fill(white)/cdn1.therepublic.com/tr_assets/images/TheRepublic-Icon-2048x2048.jpg", "site_section": "http://www.therepublic.com/feed/subject/56b2aea8857510048d19ff2260dd383e", "section_title": "Government business and finance News from TheRepublic.com", "url": "http://www.therepublic.com/view/story/f1f163badf944890bb37f58146e95172/AK--Alaska-Legislature-Pipeline", "country": "US", "title": "Legislature to convene special session on gas issues", "performance_score": 0, "site": "therepublic.com", "participants_count": 0, "title_full": "Legislature to convene special session on gas issues", "spam_score": 0.0, "site_type": "news", "published": "2015-10-18T18:35:00.000+03:00", "replies_count": 0, "uuid": "5fd7c14e796f8a6ee9de53723ed342d68f1ae486"}, "author": "", "url": "http://www.therepublic.com/view/story/f1f163badf944890bb37f58146e95172/AK--Alaska-Legislature-Pipeline", "ord_in_thread": 0, "title": "Legislature to convene special session on gas issues", "locations": [], "entities": {"persons": [], "locations": [], "organizations": []}, "highlightText": "", "language": "english", "persons": [], "text": "Alaska Legislature to convene for special session on gas project issues \nBy BECKY BOHRER Published: 10/18/15 11:35 am EDT - Updated: 10/18/15 11:35 am EDT \nJUNEAU, Alaska — The Alaska Legislature is set to convene for its third special session this year, this time to consider a buyout of one of the state's partners on a proposed multibillion-dollar liquefied natural gas project. \nLegislators had been expecting a fall special session to deal with gas-line issues, but they will not be presented with contracts as once hoped, since key agreements have yet to be reached between the state and its partners. The special session agenda set by Gov. Bill Walker has the proposed buyout of TransCanada Corp.'s interest in the project as well as a gas reserves tax, which the governor has characterized as a way to make sure the project can't be stalled if a company doesn't allow for gas it controls to be commercialized. \nLegislators said they'd hoped to get details on Walker's proposals well in advance to begin delving in. The special session is scheduled to begin Saturday in Juneau. Walker spokeswoman Katie Marquette said bills will be released before the start of the session. \nThe project being pursued by the state, BP, ConocoPhillips, Exxon Mobil Corp., the Alaska Gasline Development Corp., and TransCanada is the latest iteration of a gas line that's been seen as a way to shore up revenues in a state heavily reliant on oil. A prior effort, for which TransCanada had an exclusive license with Alaska, fizzled out amid concerns with the North America gas market. The current project would aim to serve overseas markets. \nUnder an agreement predating Walker's administration, TransCanada would hold Alaska's interest in the pipeline and gas treatment plant, with the state having an option to buy back part of that interest. The agreement also contains language allowing the state to terminate the arrangement, though it would have to reimburse TransCanada for development costs, plus 7.1 percent. Walker, who has been vocal in wanting Alaska to have a greater say in the project, has estimated buy-out related costs in the $100-million range. \nTransCanada's inclusion was cast as a way for the state to lessen its share of upfront costs. It also gave the parties a way to get out of the prior, failed gas line arrangement without a messy fight. \nRep. Craig Johnson, R-Anchorage, who serves on the House Resources Committee, said the costs, potential benefits and risks of any buyout need to be examined closely, a point echoed by others. \nSen. Bill Wielechowski, D-Anchorage, said that as the potential cost for state participation goes up, the scrutiny goes up, and legislators will have to feel a certain degree of comfort with what they choose to do. \n\"The governor needs to justify that this is within our fiscal means,\" said Sen. Cathy Giessel, R-Anchorage, and chair of the Senate Resources Committee. \nAlaska is grappling with multibillion-dollar deficits amid low oil prices and has been using savings to get by. Administration officials have cited the importance of Alaska maintaining its high credit rating as it pursues the mega-project. \n\"I think this is going to be an emotional debate involving politics and economics and risk taking and market perceptions and the hope and expectations of a gas line project for Alaska,\" said Larry Persily, a former federal coordinator for Alaska gas pipeline projects. \nBP and Exxon Mobil have said a reserves tax would complicate efforts to advance the project. Legislators, in interviews this past week, said they wanted to see exactly what Walker had in mind with regards to that issue. Several said they were caught off guard by the inclusion of that issue on the special session agenda. \nHouse Majority Leader Charisse Millett, R-Anchorage, said she would like Walker to be more open with legislators. \"We all have to work together,\" she said. \nAs for logistics, the Capitol, which has been undergoing renovation, will be ready to host the special session, said Pam Varni, executive director of the Legislative Affairs Agency. The House and Senate chambers and most legislative offices will be ready, but some members will be in temporary quarters, at least initially, at the Capitol or nearby, she said. \n   ", "external_links": [], "published": "2015-10-18T18:35:00.000+03:00", "crawled": "2015-10-18T18:48:31.409+03:00", "highlightTitle": ""}