{"organizations": [], "uuid": "57a0da27a96561054a6705f78fe47b396a5cffec", "thread": {"social": {"gplus": {"shares": 0}, "pinterest": {"shares": 0}, "vk": {"shares": 0}, "linkedin": {"shares": 0}, "facebook": {"likes": 0, "shares": 0, "comments": 0}, "stumbledupon": {"shares": 0}}, "site_full": "financefollow.com", "main_image": "", "site_section": "http://financefollow.com/feed/", "section_title": "Finance Follow", "url": "http://financefollow.com/2015/10/amds-q315-earnings-preview-new-apu-and-gpu-lineup-semi-custom-wins-to-drive-growth/", "country": "", "title": "AMD’s Q3’15 Earnings Preview: New APU and GPU Lineup & Semi-Custom Wins To Drive Growth", "performance_score": 0, "site": "financefollow.com", "participants_count": 1, "title_full": "AMD’s Q3’15 Earnings Preview: New APU and GPU Lineup & Semi-Custom Wins To Drive Growth", "spam_score": 0.0, "site_type": "news", "published": "2015-10-14T15:38:00.000+03:00", "replies_count": 0, "uuid": "57a0da27a96561054a6705f78fe47b396a5cffec"}, "author": "Expert", "url": "http://financefollow.com/2015/10/amds-q315-earnings-preview-new-apu-and-gpu-lineup-semi-custom-wins-to-drive-growth/", "ord_in_thread": 0, "title": "AMD’s Q3’15 Earnings Preview: New APU and GPU Lineup & Semi-Custom Wins To Drive Growth", "locations": [], "entities": {"persons": [], "locations": [], "organizations": []}, "highlightText": "", "language": "english", "persons": [], "text": "Topnews , US Expert \nAMD looks forward to seeing improvements in the back half of the year as the company ramps semi-custom wins and its newest APU and GPU products. However, given the greater than expected weakness in the PC market so far this year, AMD’s goal of returning to profitability in the second half of 2015 has been pushed out. According to research firm IDC, global PC shipments fell 10.8% year-on-year in Q3 2015. Many industry experts believe that the launch of Windows 10 platform will help stabilize and re-accelerate PC demand in the future, which will benefit AMD.", "external_links": [], "published": "2015-10-14T15:38:00.000+03:00", "crawled": "2015-10-14T19:37:32.963+03:00", "highlightTitle": ""}