{"organizations": [], "uuid": "503270ae1aa2fe0dc41e373d0564a4411dfa242c", "thread": {"social": {"gplus": {"shares": 0}, "pinterest": {"shares": 0}, "vk": {"shares": 0}, "linkedin": {"shares": 0}, "facebook": {"likes": 0, "shares": 0, "comments": 0}, "stumbledupon": {"shares": 0}}, "site_full": "uk.finance.yahoo.com", "main_image": "https://s1.yimg.com/bt/api/res/1.2/M7vS95b2fvSzHFeFStPk0A--/YXBwaWQ9eW5ld3NfbGVnbztxPTc1O3c9NjAw/http://l.yimg.com/os/mit/media/m/social/images/social_default_logo-1481777.png", "site_section": "https://uk.finance.yahoo.com/news/sector-basic-materials/?format=rss", "section_title": "Basic Resources News | Yahoo! Finance", "url": "https://uk.finance.yahoo.com/news/oil-chiefs-fail-reach-common-104929552.html", "country": "US", "title": "Oil chiefs fail to reach common position on carbon pricing", "performance_score": 0, "site": "yahoo.com", "participants_count": 0, "title_full": "Oil chiefs fail to reach common position on carbon pricing", "spam_score": 0.0, "site_type": "news", "published": "2015-10-16T13:49:00.000+03:00", "replies_count": 0, "uuid": "503270ae1aa2fe0dc41e373d0564a4411dfa242c"}, "author": "", "url": "https://uk.finance.yahoo.com/news/oil-chiefs-fail-reach-common-104929552.html", "ord_in_thread": 0, "title": "Oil chiefs fail to reach common position on carbon pricing", "locations": [], "entities": {"persons": [], "locations": [], "organizations": []}, "highlightText": "", "language": "english", "persons": [], "text": "Tip : Use comma (,) to separate multiple quotes. Learn more... \nFri, Oct 16, 2015, 12:06 BST - UK Markets close in 4 hrs 24 mins Oil chiefs fail to reach common position on carbon pricing Reuters – 16 minutes ago 143.70 +3.20 \nPARIS (Reuters) - Executives of ten of the world's largest oil and gas companies decided on Friday not to take a common position on the price of carbon because of differences among the groups' members, and countries ahead of a climate summit in Paris in December. \n\"Carbon pricing has been the most difficult for us,\" Helge Lund, Chief Executive of BG oil and gas group told journalist in Paris. \n\"The world itself is not united on carbon pricing. We thought the right thing to do was not to take a common position as a group,\" said BP Chief Executive Bob Dudley. \nThe executives met in the French capital to present a common position and proposals for the climate summit where some 200 nations are expected to reach an agreement on limiting global warming. \n(Reporting by Bate Felix and Ron Bousso, editing by Astrid Wendlandt)", "external_links": [], "published": "2015-10-16T13:49:00.000+03:00", "crawled": "2015-10-16T14:05:40.276+03:00", "highlightTitle": ""}