{"organizations": [], "uuid": "d157ebd26cc0361bf5ace97c042069dc0200e790", "thread": {"social": {"gplus": {"shares": 0}, "pinterest": {"shares": 0}, "vk": {"shares": 0}, "linkedin": {"shares": 0}, "facebook": {"likes": 0, "shares": 0, "comments": 0}, "stumbledupon": {"shares": 0}}, "site_full": "www.thestreet.com", "main_image": "http://s.thestreet.com/files/tsc/v2008/photos/contrib/uploads/yahoo-ipo-12_600x400.jpg", "site_section": "http://finance.yahoo.com/rss/headline?s=C", "section_title": "Yahoo! Finance: C News", "url": "http://www.thestreet.com/story/13325828/1/stocks-climb-but-oil-sinks-after-rise-in-supplies.html?puc=yahoo&cm_ven=YAHOO", "country": "US", "title": "Stock Market Today: Stocks Extend Gains as Citigroup (C) Leads Financials - TheStreet", "performance_score": 0, "site": "thestreet.com", "participants_count": 1, "title_full": "Stock Market Today: Stocks Extend Gains as Citigroup (C) Leads Financials - TheStreet", "spam_score": 0.0, "site_type": "news", "published": "2015-10-15T03:00:00.000+03:00", "replies_count": 0, "uuid": "d157ebd26cc0361bf5ace97c042069dc0200e790"}, "author": "yahoo", "url": "http://www.thestreet.com/story/13325828/1/stocks-climb-but-oil-sinks-after-rise-in-supplies.html?puc=yahoo&cm_ven=YAHOO", "ord_in_thread": 0, "title": "Stock Market Today: Stocks Extend Gains as Citigroup (C) Leads Financials - TheStreet", "locations": [], "entities": {"persons": [], "locations": [], "organizations": []}, "highlightText": "", "language": "english", "persons": [], "text": "Reddit Email Print Reprint", "external_links": [], "published": "2015-10-15T03:00:00.000+03:00", "crawled": "2015-10-15T22:43:05.229+03:00", "highlightTitle": ""}