{"organizations": [], "uuid": "8918a8a77daccc946ed94135401b0099caf3e88a", "thread": {"social": {"gplus": {"shares": 0}, "pinterest": {"shares": 0}, "vk": {"shares": 0}, "linkedin": {"shares": 0}, "facebook": {"likes": 0, "shares": 0, "comments": 0}, "stumbledupon": {"shares": 0}}, "site_full": "www.reuters.com", "main_image": "", "site_section": "http://www.reuters.com/finance/personal-finance", "section_title": "Wealth, Personal Finance &amp; Money | Reuters.com", "url": "http://www.reuters.com/article/2015/10/13/press-digest-china-idUSL3N12D1CT20151013", "country": "US", "title": "PRESS DIGEST - China - Oct 13", "performance_score": 0, "site": "reuters.com", "participants_count": 1, "title_full": "PRESS DIGEST - China - Oct 13 | Reuters", "spam_score": 0.0, "site_type": "news", "published": "2015-10-13T06:10:00.000+03:00", "replies_count": 0, "uuid": "8918a8a77daccc946ed94135401b0099caf3e88a"}, "author": "Reuters", "url": "http://www.reuters.com/article/2015/10/13/press-digest-china-idUSL3N12D1CT20151013", "ord_in_thread": 0, "title": "PRESS DIGEST - China - Oct 13", "locations": [], "entities": {"persons": [], "locations": [], "organizations": []}, "highlightText": "", "language": "english", "persons": [], "text": "SHANGHAI Oct 13 Chinese newspapers in Beijing and Shanghai carried the following stories on Tuesday. Reuters has not checked the stories and does not vouch for their accuracy.\nCHINA BUSINESS NEWS\n- Zhongguancun, currently an electronics retail area in Beijing, will be transformed into a haven for startups in the next 3-5 years, the paper reported.\n- Since the beginning of this year to Oct. 12, 408 corporate bonds have been issued, with a total value 426.79 billion yuan ($67.44 billion), an increase of 303.3 percent from the same period last year.\nCHINA SECURITIES JOURNAL\n- China has attracted 584.74 billion yuan in foreign direct investment (FDI) over the first nine months of this year, up 9 percent over the same period last year, according to statistics released by the Ministry of Commerce on Monday.\n21ST CENTURY BUSINESS HERALD\n- The automobile antitrust guide is expected to be released at the end of this month, said the Price Monitoring Bureau of the National Development and Reform Commission in a meeting held on Oct. 9. The guide will be handed over to the State Council in June.\nFor Hong Kong and South China newspapers see ($1 = 6.3283 Chinese yuan) (Reporting by Engen Tham and Shanghai newsroom; Editing by Biju Dwarakanath)", "external_links": [], "published": "2015-10-13T06:10:00.000+03:00", "crawled": "2015-10-13T05:23:09.753+03:00", "highlightTitle": ""}