{"organizations": ["Printo Wins Frost & Sullivan Award for Customer Leadership"], "uuid": "0f8988b3bbbf0b2bcf16285c8b44baaf70ff0838", "thread": {"social": {"gplus": {"shares": 0}, "pinterest": {"shares": 0}, "vk": {"shares": 0}, "linkedin": {"shares": 0}, "facebook": {"likes": 0, "shares": 0, "comments": 0}, "stumbledupon": {"shares": 0}}, "site_full": "businesswireindia.com", "main_image": "", "site_section": "http://businesswireindia.com/RSSFeeds/cat-business-finance.xml", "section_title": "BusinessWire India.com - Business/ Finance", "url": "http://businesswireindia.com/news/news-details/printo-wins-frost-sullivan-award-customer-leadership-retail/45728", "country": "US", "title": "Printo Wins Frost & Sullivan Award for Customer Leadership in Retail", "performance_score": 0, "site": "businesswireindia.com", "participants_count": 0, "title_full": "Printo Wins Frost & Sullivan Award for Customer Leadership in Retail", "spam_score": 0.0, "site_type": "news", "published": "2015-10-16T13:13:00.000+03:00", "replies_count": 0, "uuid": "0f8988b3bbbf0b2bcf16285c8b44baaf70ff0838"}, "author": "", "url": "http://businesswireindia.com/news/news-details/printo-wins-frost-sullivan-award-customer-leadership-retail/45728", "ord_in_thread": 0, "title": "Printo Wins Frost & Sullivan Award for Customer Leadership in Retail", "locations": ["Karnataka", "India"], "entities": {"persons": [], "locations": [], "organizations": []}, "highlightText": "", "language": "english", "persons": [], "text": "Friday, October 16, 2015 3:43PM IST (10:13AM GMT) Printo Wins Frost & Sullivan Award for Customer Leadership in Retail Bangalore, Karnataka, India \nPrinto, a retail chain offering print and gifting services to small businesses and individuals, announced that it won the Frost & Sullivan Award in Print Retail Customer Leadership - 2015. The coveted Frost & Sullivan India Excellence Awards are presented annually to companies that demonstrate best practices in their industry vertical. The award is a boost for organizations not only because of the immense recognition it brings, but also for its high industry standing and laborious selection methodology it acclaims. “We are delighted to be recognized as trendsetters in retail customer service”, said Manish Sharma, CEO of Printo, who received the award. “Our mantra is ‘Happy People, Happy Customers’ and I believe this is award is yet another validation that if you focus on your customer and people, business success will follow.” Printo has a unique proposition, offering designing, printing, gifting and shipping services from its network of stores across Bangalore and Hyderabad. Customers can order prints in a professional environment and have them picked up within hours. Each print job is time stamped and on time delivery is tracked. With a relentless focus on customer service and print quality, Printo has established the benchmark in customer service in the retail industry. The Frost & Sullivan awardees are selected following a rigorous methodology to recognize superior planning and execution, technology innovations, customer service and overall delivery. A host of other crucial factors such as leadership, strategy, growth, service, innovation, integration, marketing, financial performance, and development are also considered as part of the award methodology. About Printo Printo is India's first and fastest growing retail print chain headquartered in Bangalore. Printo makes printing easy for individuals and businesses through its obsessive customer service and emphasis on quality. From business cards to invites to document printing, Printo makes it possible to choose from a wide range of services from a single point. It has established itself as a trendsetter in quality and customer service and is planning to expand the retail chain to all metros across India. Apart from retail stores, Printo customers can also create and order print products online and have them shipped anywhere in India or abroad through www.printo.in . For News Release background on Printo click here Sudip Paul, Printo, +91-9742893343, sudip.p@printo.in", "external_links": [], "published": "2015-10-16T13:13:00.000+03:00", "crawled": "2015-10-16T14:39:10.432+03:00", "highlightTitle": ""}