{"organizations": [], "uuid": "e970f7af864d06e85e8ee741f58bcc4993fbc837", "thread": {"social": {"gplus": {"shares": 0}, "pinterest": {"shares": 0}, "vk": {"shares": 0}, "linkedin": {"shares": 0}, "facebook": {"likes": 0, "shares": 0, "comments": 0}, "stumbledupon": {"shares": 0}}, "site_full": "www.telegraph.co.uk", "main_image": "http://i.telegraph.co.uk/multimedia/archive/03470/sab-miller-ab-inbe_3470958k.jpg", "site_section": "http://www.telegraph.co.uk/newsfeed/rss/money_city.xml", "section_title": "Finance - Business news and market updates - Telegraph", "url": "http://www.telegraph.co.uk/finance/newsbysector/retailandconsumer/leisure/11927951/AB-InBev-closes-in-on-SABMiller-mega-merger-with-agreement-in-principle.html", "country": "CH", "title": "AB InBev and SABMiller agree terms on mega-merger", "performance_score": 0, "site": "telegraph.co.uk", "participants_count": 1, "title_full": "AB InBev and SABMiller agree terms on mega-merger", "spam_score": 0.0, "site_type": "news", "published": "2015-10-13T09:23:00.000+03:00", "replies_count": 0, "uuid": "e970f7af864d06e85e8ee741f58bcc4993fbc837"}, "author": "Jon Yeomans", "url": "http://www.telegraph.co.uk/finance/newsbysector/retailandconsumer/leisure/11927951/AB-InBev-closes-in-on-SABMiller-mega-merger-with-agreement-in-principle.html", "ord_in_thread": 0, "title": "AB InBev and SABMiller agree terms on mega-merger", "locations": [], "entities": {"persons": [], "locations": [], "organizations": []}, "highlightText": "", "language": "english", "persons": [], "text": "Leisure AB InBev and SABMiller agree terms on mega-merger The merger of the world's biggest brewers is a step closer to reality after SAB's board recommended extending the deadline The merger of SABMiller and ABInBev is set to go ahead Photo: 2015 Getty Images", "external_links": [], "published": "2015-10-13T09:23:00.000+03:00", "crawled": "2015-10-13T09:58:07.637+03:00", "highlightTitle": ""}