{"organizations": [], "uuid": "217aae6b63d81289d004735a4de542711077c7d5", "thread": {"social": {"gplus": {"shares": 0}, "pinterest": {"shares": 0}, "vk": {"shares": 0}, "linkedin": {"shares": 0}, "facebook": {"likes": 0, "shares": 0, "comments": 0}, "stumbledupon": {"shares": 0}}, "site_full": "www.financialexpress.com", "main_image": "http://www.financialexpress.com/wp-content/uploads/2015/08/Rupee-Ret.jpg", "site_section": "http://www.financialexpress.com/section/industry/banking-finance/", "section_title": "Banking and Finance News:Banking News,Finance News,Bank and Finance News Today | The Financial Express", "url": "http://www.financialexpress.com/article/industry/banking-finance/indian-rupee-cuts-early-gains-still-up-2-paise-vs-us-dollar/153420", "country": "IE", "title": "Indian rupee cuts early gains, still up 2 paise vs US dollar", "performance_score": 0, "site": "financialexpress.com", "participants_count": 1, "title_full": "Indian rupee cuts early gains, still up 2 paise vs US dollar | The Financial Express", "spam_score": 0.0, "site_type": "news", "published": "2015-10-19T19:31:00.000+03:00", "replies_count": 0, "uuid": "217aae6b63d81289d004735a4de542711077c7d5"}, "author": "financialexpress.com", "url": "http://www.financialexpress.com/article/industry/banking-finance/indian-rupee-cuts-early-gains-still-up-2-paise-vs-us-dollar/153420", "ord_in_thread": 0, "title": "Indian rupee cuts early gains, still up 2 paise vs US dollar", "locations": [], "entities": {"persons": [], "locations": [], "organizations": []}, "highlightText": "", "language": "english", "persons": [], "text": "Other Articles 'Mobile banking may overtake internet banking in 2-3 years' Banking reforms initiated, says PM Narendra Modi: Top 5 points to note RBI to provide more bank licences, says S S Mundra The Indian rupee pared its early gains, but was still trading up by 2 paise at 64.79 against the US currency in late-morning deals on bouts of dollar selling by banks and exporters.\nEarlier, the domestic unit opened higher at 64.77 per dollar as against last Friday’s closing level of 64.81 at the Interbank Foreign Exchange (Forex) market.\nLater, it fell on fresh dollar demand by importers to Rs 64.85 before quoting at 64.79 at 1030 hours.\nThe domestic unit is hovering in a range of 64.85 to 64.73 during the morning deals.\n“The rupee is expected in a range 64.65-64.95 per dollar for the day. Upticks will attract selling interest from exporters as they hedge their future receivables,” a forex dealer said.\n“On the lower side, it is most likely that we see dollar buying interest come in from local government banks on account of their regular demand.”\nThe dollar index is currently trading down by 0.02 per cent at 94.66 as against a basket of six currencies.\nOverseas, the dollar gained as traders reckoned that the US Fed might raise interest rates later this year and the European Central Bank may provide more stimulus to help the euro zone economy.\nOil prices slipped in early Asian trade, wiping out some of the previous session’s gains, as investors digested the Chinese GDP data for the third quarter.\nMeanwhile, the benchmark BSE Sensex was trading higher by 70.38 points, or 0.26 per cent, at 27,284.98 at 1035 hours.\n 19, 2015 11:31 am", "external_links": [], "published": "2015-10-19T19:31:00.000+03:00", "crawled": "2015-10-20T00:07:38.676+03:00", "highlightTitle": ""}