{"organizations": [], "uuid": "83fb57502bcb7b13f53efc77468911194041e7d2", "thread": {"social": {"gplus": {"shares": 0}, "pinterest": {"shares": 0}, "vk": {"shares": 0}, "linkedin": {"shares": 0}, "facebook": {"likes": 0, "shares": 0, "comments": 0}, "stumbledupon": {"shares": 0}}, "site_full": "www.afr.com", "main_image": "http://www.afr.com/content/dam/images/g/k/7/r/b/a/image.related.afrArticleLead.620x365.gk7qvg.png/1444724878540.jpg", "site_section": "http://www.afr.com/news", "section_title": "Finance &amp; Political Breaking News Australia &amp; Worldwide | afr.com", "url": "http://www.afr.com/news/politics/shorten-promotes-younger-mps-to-take-on-turnbull-20151013-gk7qvg", "country": "AU", "title": "Shorten promotes younger MPs to take on Turnbull", "performance_score": 0, "site": "afr.com", "participants_count": 1, "title_full": "Shorten promotes younger MPs to take on Turnbull | afr.com", "spam_score": 0.0, "site_type": "news", "published": "2015-10-13T10:55:00.000+03:00", "replies_count": 0, "uuid": "83fb57502bcb7b13f53efc77468911194041e7d2"}, "author": "Primrose Riordan", "url": "http://www.afr.com/news/politics/shorten-promotes-younger-mps-to-take-on-turnbull-20151013-gk7qvg", "ord_in_thread": 0, "title": "Shorten promotes younger MPs to take on Turnbull", "locations": [], "entities": {"persons": [], "locations": [], "organizations": []}, "highlightText": "", "language": "english", "persons": [], "text": "Opposition Leader Bill Shorten with his shadow ministerial appointments, from left: Jim Chalmers Superannuation and Financial Services, Sam Dastyari Parliamentary Secretary for School Education and Youth, Michelle Rowland Small Business, Senator Katy Gallagher Mental Health, Housing and Homelessness and Terri Butler Parliamentary Secretary for Child Safety and Prevention of Family Violence at Parliament House on Tuesday. Andrew Meares Share on twitter Share on Google Plus by Primrose Riordan Federal Opposition Leader Bill Shorten is making bigger changes to his frontbench than expected by promoting several younger MPs in an attempt to hit back at the soaring popularity of new Prime Minister Malcolm Turnbull.\nWhile former ACT chief minister Katy Gallagher and Jim Chalmers had been expected to be promoted for some weeks, Mr Shorten also gave extra responsibilities or promoted Michelle Rowland, Ed Husic, Sam Dastyari and Terri Butler.\nMs Rowland has joined the shadow cabinet as spokeswoman for small business, while Julie Owens has become to opposition parliamentary secretary for early childhood education.\nQueensland MP Terri Butler is the new opposition parliamentary secretary to the Leader of the Opposition, while tech-enthusiast Ed Husic has been given opposition parliamentary secretary for digital innovation and start-ups, which means he will face off against Wyatt Roy, one of the youngest ministers in Australian history.\nOpposition Leader Bill Shorten has announced his new Shadow Ministry #auspol pic.twitter.com/fN0pAlrwiY\n— Political Alert (@political_alert) October 13, 2015 Senator Dastyari has been promoted from the backbench to opposition parliamentary secretary for school education and youth.\n\"After today's announcement [our shadow cabinet] has more women, even more energy, this will be the team I take to the next election,\" Mr Shorten said.\n\"I think I have been fortunate, indeed blessed by the degree of unity in the party. This is the only reshuffle I've had to do on my second anniversary as Leader of the Opposition.\n\"We haven't needed to make some of the wholesale changes the government did,\" he said.\n Mr Chalmers, a former chief of staff to treasurer Wayne Swan, will become spokesman for superannuation and financial services, assistant spokesman for trade and investment, assistant spokesman for productivity and spokesman for sport.\nSenator Gallagher joins the shadow cabinet as spokesman for mental health, and housing and homelessness, as well as assisting the Opposition Leader on state and territory relations.", "external_links": ["https://twitter.com/@primroseriordan", "https://twitter.com/political_alert/status/653748511570161664", "https://plus.google.com/117519411493153561016", "https://twitter.com/hashtag/auspol?src=hash", "http://t.co/fN0pAlrwiY"], "published": "2015-10-13T10:55:00.000+03:00", "crawled": "2015-10-13T12:48:53.197+03:00", "highlightTitle": ""}