{"organizations": [], "uuid": "afc4b94a9e65af01a5958d398bbf427e2b1ba38c", "thread": {"social": {"gplus": {"shares": 0}, "pinterest": {"shares": 0}, "vk": {"shares": 0}, "linkedin": {"shares": 0}, "facebook": {"likes": 0, "shares": 0, "comments": 0}, "stumbledupon": {"shares": 0}}, "site_full": "www.reuters.com", "main_image": "", "site_section": "http://www.reuters.com/finance/personal-finance", "section_title": "Wealth, Personal Finance &amp; Money | Reuters.com", "url": "http://www.reuters.com/article/2015/10/16/brazil-finmin-idUSL1N12G26E20151016", "country": "US", "title": "UPDATE 1-Brazil's Levy declines to comment on resignation rumors", "performance_score": 0, "site": "reuters.com", "participants_count": 1, "title_full": "UPDATE 1-Brazil's Levy declines to comment on resignation rumors | Reuters", "spam_score": 0.0, "site_type": "news", "published": "2015-10-17T01:29:00.000+03:00", "replies_count": 0, "uuid": "afc4b94a9e65af01a5958d398bbf427e2b1ba38c"}, "author": "Reuters", "url": "http://www.reuters.com/article/2015/10/16/brazil-finmin-idUSL1N12G26E20151016", "ord_in_thread": 0, "title": "UPDATE 1-Brazil's Levy declines to comment on resignation rumors", "locations": [], "entities": {"persons": [], "locations": [], "organizations": []}, "highlightText": "", "language": "english", "persons": [], "text": "(Recasts; adds details and context)\nBRASILIA Oct 16 (Reuters) - Finance Minister Joaquim Levy's position in Brazil's government was thrown into question on Friday as a news magazine reported that he planned to resign.\nVeja magazine said Levy was going to quit over disagreements over the measures needed to clean up Brazil's public finances.\nLevy, who has struggled to push austerity proposals through Brazil's Congress and faced some opposition inside Rousseff's cabinet team, declined to respond to reporters' questions after he met with Rousseff.\nThe finance ministry did not answer calls to comment on the Veja report.\nSpeculation over whether he would stay or go has swirled over the past few months as the economy fell into recession and Congress blocked some of the austerity measures Levy said are needed to improve Brazil's weak fiscal position. (Reporting by Marcela Ayres; Writing by Alonso Soto ; Editing by Bernard Orr )", "external_links": [], "published": "2015-10-17T01:29:00.000+03:00", "crawled": "2015-10-17T00:56:41.357+03:00", "highlightTitle": ""}