{"organizations": ["The LSE", "The Times Subscribe now London Stock Exchange", "London Stock Exchange"], "uuid": "70ba01e95cc193d1fe7abdc54d8852f6ff4bc79d", "thread": {"social": {"gplus": {"shares": 0}, "pinterest": {"shares": 0}, "vk": {"shares": 0}, "linkedin": {"shares": 0}, "facebook": {"likes": 0, "shares": 0, "comments": 0}, "stumbledupon": {"shares": 0}}, "site_full": "www.thetimes.co.uk", "main_image": "http://www.thetimes.co.uk/tto/multimedia/archive/00994/NIP000184302434_994578h.jpg", "site_section": "http://www.thetimes.co.uk/tto/business/industries/banking/rss", "section_title": "Banking and Finance | The Times", "url": "http://www.thetimes.co.uk/tto/business/markets/article4587702.ece", "country": "GB", "title": "London Stock Exchange launches derivitives venture", "performance_score": 0, "site": "thetimes.co.uk", "participants_count": 0, "title_full": "London Stock Exchange launches derivitives venture", "spam_score": 0.0, "site_type": "news", "published": "2015-10-16T13:45:00.000+03:00", "replies_count": 0, "uuid": "70ba01e95cc193d1fe7abdc54d8852f6ff4bc79d"}, "author": "", "url": "http://www.thetimes.co.uk/tto/business/markets/article4587702.ece", "ord_in_thread": 0, "title": "London Stock Exchange launches derivitives venture", "locations": [], "entities": {"persons": [], "locations": [], "organizations": []}, "highlightText": "", "language": "english", "persons": ["Alamy Martin Waller"], "text": "Welcome to your preview of The Times Subscribe now London Stock Exchange launches derivitives venture The LSE is forming CurveGlobal in partnership with six “bulge bracket” banks Alamy Martin Waller Published 48 minutes ago \nThe London Stock Exchange is making another attempt to break into the multi-billion pound derivatives market, currently controlled by the German-owned Eurex and Liffe, the London financial futures market now part of IntercontinentalExchange (ICE). \nThe LSE, under its previous chief executive Dame Clara Furse, tried to buy Liffe in 2001 but was blocked by a counter-offer by Euronext, the Continental exchanges operator, itself acquired by ICE as part of the continuing consolidation of world exchanges. \nSince then the London exchange, which dominates trading in equities, has struggled to create its own derivatives offering. The LSE is forming CurveGlobal in partnership Subscribe now \nTo see the full article you need to subscribe Subscribe \nThe Osbornification of the London Stock Exchange has been given a warm welcome by investors Published at October 2 2015 Sponsored Editorial \nHow to educate employees about protecting their data from hackers More from Markets Former Putin adviser adds insult to injury Published at 12:01AM, October 16 2015 \nSergei Guriev, a former Kremlin adviser, is on the verge of becoming chief economist for the European Bank for Reconstruction and Development Doubts cast on US rate rise Last updated at 12:01AM, October 16 2015 \nWeak US inflation has cast fresh doubts on whether America’s central bank will raise interest rates this year for the first time since 2006 Muddy Waters’ punchy report floors TeliaSonera Published at 12:01AM, October 16 2015 \nThe feared bear raider took aim at the European telecoms company yesterday, in the latest short-selling attack from the United States Takeover of Al Noor puts Spire in play Published at 12:01AM, October 15 2015 \nAl Noor’s tie-up with Mediclinic has paving the way for the enlarged company to be promoted to the FTSE 100 and for a potential tilt at its rival Find", "external_links": [], "published": "2015-10-16T13:45:00.000+03:00", "crawled": "2015-10-16T13:44:46.816+03:00", "highlightTitle": ""}