{"organizations": ["Aramid & Blends", "End Use Industry (Construction & Manufacturing, Oil & Gas"], "uuid": "3f64b2756f64bd9d6bcb0e3176380c82eaed5ad1", "thread": {"social": {"gplus": {"shares": 0}, "pinterest": {"shares": 0}, "vk": {"shares": 0}, "linkedin": {"shares": 0}, "facebook": {"likes": 0, "shares": 0, "comments": 0}, "stumbledupon": {"shares": 0}}, "site_full": "uk.finance.yahoo.com", "main_image": "https://s1.yimg.com/bt/api/res/1.2/M7vS95b2fvSzHFeFStPk0A--/YXBwaWQ9eW5ld3NfbGVnbztxPTc1O3c9NjAw/http://l.yimg.com/os/mit/media/m/social/images/social_default_logo-1481777.png", "site_section": "https://uk.finance.yahoo.com/news/sector-basic-materials/?format=rss", "section_title": "Basic Resources News | Yahoo! Finance", "url": "https://uk.finance.yahoo.com/news/research-markets-chemical-protective-clothing-141700218.html", "country": "US", "title": "Research and Markets: Chemical Protective Clothing Market by Type (Aramid & Blends, Polyolefin & Blends, Polyamide, and PBI) by End Use Industry (Construction & Manufacturing, Oil & Gas, and Mining) - Global Forecast to 2020", "performance_score": 0, "site": "yahoo.com", "participants_count": 0, "title_full": "Research and Markets: Chemical Protective Clothing Market by Type (Aramid & Blends, Polyolefin & Blends, Polyamide, and PBI) by End Use Industry (Construction & Manufacturing, Oil & Gas, and Mining) - Global Forecast to 2020", "spam_score": 0.0, "site_type": "news", "published": "2015-10-19T17:17:00.000+03:00", "replies_count": 0, "uuid": "3f64b2756f64bd9d6bcb0e3176380c82eaed5ad1"}, "author": "", "url": "https://uk.finance.yahoo.com/news/research-markets-chemical-protective-clothing-141700218.html", "ord_in_thread": 0, "title": "Research and Markets: Chemical Protective Clothing Market by Type (Aramid & Blends, Polyolefin & Blends, Polyamide, and PBI) by End Use Industry (Construction & Manufacturing, Oil & Gas, and Mining) - Global Forecast to 2020", "locations": [], "entities": {"persons": [], "locations": [], "organizations": []}, "highlightText": "", "language": "english", "persons": [], "text": "Related Content \nDUBLIN--(BUSINESS WIRE)-- \nResearch and Markets ( http://www.researchandmarkets.com/research/5c46gv/chemical ) has announced the addition of the \"Chemical Protective Clothing Market by Type (Aramid & Blends, Polyolefin & Blends, Polyamide, and PBI) by End Use Industry (Construction & Manufacturing, Oil & Gas, and Mining) & by Region (NA, APAC, Europe, MEA, and LA) - Global Forecast to 2020\" report to their offering. \nEurope is the largest market for chemical protective clothing in the world and is projected to retain this position over the next five years. This is because of the stringent government legislations for the use of chemical protective clothing in certain industries. The high growth rate of the market is also attributable to the growing industrial sector in emerging economies such as China, India, Japan, and Brazil. \nStringent governmental legislation regarding the use of chemical protective clothing in Europe and North America to provide necessary chemical protective clothing to the worker is key factor driving the growth of the market. The growth of the market is restrained due to various factors such as high price of chemical protective clothing and increasing automation in various end-use industries. \nThe intensity of competitive rivalry in the global chemical protective clothing market is high. The market is experiencing high growth and is expected to continue in the near future. \nThe chemical protective clothing market has been analyzed both in terms of value and volume for five regions, namely, Europe, North America, Asia-Pacific, the Middle East & Africa, and Latin America. The market size has also been estimated based on fiber type, such as aramid & blends, polyolefin & blends, polyamide, PBI, cotton Fibers, UHMW polyethylene, laminated polyester, and others. \nThis report includes the analysis of different marketing trends and the growth strategies adopted by the major market players. It includes the identification of market dynamics such as drivers, restraints, and opportunities. \nScope of the report \nOn the basis of type: \n- Aramid & blends", "external_links": [], "published": "2015-10-19T17:17:00.000+03:00", "crawled": "2015-10-19T17:28:34.721+03:00", "highlightTitle": ""}