{"organizations": ["IBN Technologies Limited", "IBN", "IBN Technologies IBN Technologies Limited"], "uuid": "f189130b28a6bd1befb25f8a552b087c243043c7", "thread": {"social": {"gplus": {"shares": 0}, "pinterest": {"shares": 0}, "vk": {"shares": 0}, "linkedin": {"shares": 0}, "facebook": {"likes": 0, "shares": 0, "comments": 0}, "stumbledupon": {"shares": 0}}, "site_full": "www.artipot.com", "main_image": "", "site_section": "http://rss.artipot.com/category/36", "section_title": "Artipot: Business > Financing Articles", "url": "http://www.artipot.com/articles/1945205/dont-outsource-bookkeeping-services.htm", "country": "US", "title": "Don't Outsource Bookkeeping Services (IBN Technologies)", "performance_score": 0, "site": "artipot.com", "participants_count": 0, "title_full": "Don't Outsource Bookkeeping Services (IBN Technologies)", "spam_score": 0.0, "site_type": "news", "published": "2015-10-18T10:03:00.000+03:00", "replies_count": 0, "uuid": "f189130b28a6bd1befb25f8a552b087c243043c7"}, "author": "", "url": "http://www.artipot.com/articles/1945205/dont-outsource-bookkeeping-services.htm", "ord_in_thread": 0, "title": "Don't Outsource Bookkeeping Services (IBN Technologies)", "locations": ["Pune", "USA", "UK", "Middle East", "India"], "entities": {"persons": [], "locations": [], "organizations": []}, "highlightText": "", "language": "english", "persons": ["IBN"], "text": "By IBN Technologies Oct 18, 2015 Bookkeeping Outsource Makes you Richer: This means you will be doing better than what you were doing last quarter. Which means you will be able to instantly mark a difference in the balance sheet. Yes the Profit will reflect a higher number. And IBN's vigilant and comprehensive advisory board of Bookkeeping services will guide you towards corrective business decisions that will enhance long term performance of the company.More Free Time: Bookkeeping outsourcing to IBN Technologies Limited will leave you with free time as their team of experts will not leave any chapter of Bookkeeping service unturned. Peace of Mind: IBN's special flash reporting instantly notifies the business owner about any malicious activity happening in their books of accounts. What this really means is it leaves business owners no scope what so ever to worry about the operations of their business. As all fraudulent transactions related to Bookkeeping services will be instantly reported.Keeps you on track: Many business owners decide in the beginning of the New Year that they will be spending an \"x\" amount only. However by outsourcing their Bookkeeping services to IBN's experienced team means they will have to stay on track and spend only what was budgeted? And who wants that?Accurate: IBN's Bookkeeping services are ridiculously accurate. Which means your bank reconciliation statements will tally exactly with your accounting books. Quality and timely service makes IBN and industry leader for SME's. While CEO's often are seen tensed and busy, outsourcing Bookkeeping services to IBN's expert team will make them look happier more relaxed and more focused on attending the core competence of their business. Bookkeeping services outsourced to the right partner has been the mantra of success for many companies over decades. And obviously you don't want that. About the Author IBN Technologies IBN Technologies Limited is an outsourcing service provider with a customer base covering the USA, UK, Middle East and India. IBN has a State of the Art Global Delivery Centre in Pune, India. IBN processes are ISO 9001:2008 quality certified. In 15 years of operation IBN has evolved as leading IT & BPO outsourcing service provider in BFSI, Travel, and Retail Chains & Online Business.Contact", "external_links": [], "published": "2015-10-18T10:03:00.000+03:00", "crawled": "2015-10-18T17:20:03.768+03:00", "highlightTitle": ""}