{"organizations": [], "uuid": "59e6d5dbb9512c493cf76a8c2ea39d6c22cdb69b", "thread": {"social": {"gplus": {"shares": 0}, "pinterest": {"shares": 0}, "vk": {"shares": 0}, "linkedin": {"shares": 0}, "facebook": {"likes": 0, "shares": 0, "comments": 0}, "stumbledupon": {"shares": 0}}, "site_full": "uk.finance.yahoo.com", "main_image": "https://s1.yimg.com/bt/api/res/1.2/M7vS95b2fvSzHFeFStPk0A--/YXBwaWQ9eW5ld3NfbGVnbztxPTc1O3c9NjAw/http://l.yimg.com/os/mit/media/m/social/images/social_default_logo-1481777.png", "site_section": "https://uk.finance.yahoo.com/news/sector-media/?format=rss", "section_title": "Media News | Media Industry News - Yahoo! Finance UK", "url": "https://uk.finance.yahoo.com/news/additional-listing-060000361.html", "country": "GB", "title": "Additional Listing", "performance_score": 0, "site": "yahoo.com", "participants_count": 0, "title_full": "Additional Listing", "spam_score": 0.0, "site_type": "news", "published": "2015-10-12T09:00:00.000+03:00", "replies_count": 0, "uuid": "59e6d5dbb9512c493cf76a8c2ea39d6c22cdb69b"}, "author": "", "url": "https://uk.finance.yahoo.com/news/additional-listing-060000361.html", "ord_in_thread": 0, "title": "Additional Listing", "locations": [], "entities": {"persons": [], "locations": [], "organizations": []}, "highlightText": "", "language": "english", "persons": [], "text": "Tip : Use comma (,) to separate multiple quotes. Learn more... \nMon, Oct 12, 2015, 09:13 BST - UK Markets close in 7 hrs 17 mins Additional Listing Next Fifteen Communications Group plc (“Next 15” or the “Company”) Block Listing Application \nThe Company provides notification that application has been made in respect of a block listing of 1,500,000 Ordinary Shares of 2.5 pence each in the Company (the “Block Listing Shares”). \nThe 1,500,000 Block Listing Shares represent approximately 2.29% of the current issued share capital of the Company. \nThe Block Listing Shares represent options over Ordinary Shares and performance share awards of Ordinary Shares that were granted under the Next Fifteen Communications Group plc Long Term Incentive Plan. On exercise of the options or vesting of the performance share awards, the shares will be issued credited as fully paid and will rank pari passu with the existing Ordinary Shares in issue. \nAdmission of the Block Listing Shares is expected to occur on 13 October 2015. \nEnquiries: Next Fifteen Communications Group plc Keith Anderson, Matt Lewis, Dominic Emery +44 (0) 20 7597 4000 View source version on businesswire.com: http://www.businesswire.com/news/home/20151011005009/en/ Contact Tax cuts, pensions, childcare, online accounts and beer duty, here's … Related Stock Articles Follow the quotes you care about most. Access timely news and investment updates to stay on top of the market. … More » Yahoo UK & Ireland Finance Terms \nQuotes are real-time for NASDAQ, NYSE, and NYSEAmex when available. See also delay times for other exchanges . Quotes and other information supplied by independent providers identified on the Yahoo! Finance partner page . Quotes are updated automatically, but will be turned off after 25 minutes of inactivity. Quotes are delayed at least 15 minutes. All information provided \"as is\" for informational purposes only, not intended for trading purposes or advice. Neither Yahoo! nor any of independent providers is liable for any informational errors, incompleteness, or delays, or for any actions taken in reliance on information contained herein. By accessing the Yahoo! site, you agree not to redistribute the information found therein. \nFundamental company data provided by Capital IQ . Historical chart data and daily updates provided by Commodity Systems, Inc. (CSI) . International historical chart data and daily updates provided by Morningstar, Inc . Yahoo! - News Network", "external_links": [], "published": "2015-10-12T09:00:00.000+03:00", "crawled": "2015-10-12T11:14:21.248+03:00", "highlightTitle": ""}