{"organizations": [], "uuid": "fd242a0cb5e93f415367dfb23c9b7a389519fba9", "thread": {"social": {"gplus": {"shares": 0}, "pinterest": {"shares": 0}, "vk": {"shares": 0}, "linkedin": {"shares": 0}, "facebook": {"likes": 0, "shares": 0, "comments": 0}, "stumbledupon": {"shares": 0}}, "site_full": "uk.finance.yahoo.com", "main_image": "https://s.yimg.com/bt/api/res/1.2/8ivmg7o0Z9BKJYRBX7KNTg--/YXBwaWQ9eW5ld3NfbGVnbztpbD1wbGFuZTtxPTc1O3c9NjAw/http://globalfinance.zenfs.com/images/UK_AFTP_AFP_LIVE_1/a6d807f9d2220fb2648e456330df6f95dbb52bbe_original.jpg", "site_section": "http://finance.yahoo.com/rss/headline?s=GM", "section_title": "Yahoo! Finance: GM News", "url": "https://uk.finance.yahoo.com/news/gm-auto-sales-fall-first-155220260.html", "country": "GB", "title": "GM auto sales fall in first nine months of 2015 - Yahoo Finance UK", "performance_score": 0, "site": "yahoo.com", "participants_count": 1, "title_full": "GM auto sales fall in first nine months of 2015 - Yahoo Finance UK", "spam_score": 0.0, "site_type": "news", "published": "2015-10-16T03:00:00.000+03:00", "replies_count": 0, "uuid": "fd242a0cb5e93f415367dfb23c9b7a389519fba9"}, "author": "AFP", "url": "https://uk.finance.yahoo.com/news/gm-auto-sales-fall-first-155220260.html", "ord_in_thread": 0, "title": "GM auto sales fall in first nine months of 2015 - Yahoo Finance UK", "locations": [], "entities": {"persons": [], "locations": [], "organizations": []}, "highlightText": "", "language": "english", "persons": [], "text": "RELATED QUOTES Symbol Price Change GM 33.32 -0.01", "external_links": [], "published": "2015-10-16T03:00:00.000+03:00", "crawled": "2015-10-16T02:59:31.285+03:00", "highlightTitle": ""}