{"organizations": ["GE"], "uuid": "ec566fd2fc54cc7a6a8cd890ac3da6e49513a49e", "thread": {"social": {"gplus": {"shares": 0}, "pinterest": {"shares": 0}, "vk": {"shares": 0}, "linkedin": {"shares": 0}, "facebook": {"likes": 0, "shares": 0, "comments": 0}, "stumbledupon": {"shares": 0}}, "site_full": "uk.finance.yahoo.com", "main_image": "https://s.yimg.com/bt/api/res/1.2/hpkUl2ZTfp53bEI3644w5g--/YXBwaWQ9eW5ld3NfbGVnbztpbD1wbGFuZTtxPTc1O3c9NjAw/http://globalfinance.zenfs.com/images/UK_AFTP_AFP_LIVE_1/a4eee211ff4138441c004a5e5223111958598405_original.jpg", "site_section": "https://uk.finance.yahoo.com/news/provider-afp/?format=rss", "section_title": "Finance News | AFP - Yahoo! UK & Ireland Finance", "url": "https://uk.finance.yahoo.com/news/us-stocks-keep-rally-going-201447146.html", "country": "GB", "title": "US stocks keep rally going; GE gains", "performance_score": 0, "site": "yahoo.com", "participants_count": 0, "title_full": "US stocks keep rally going; GE gains", "spam_score": 0.0, "site_type": "news", "published": "2015-10-16T23:14:00.000+03:00", "replies_count": 0, "uuid": "ec566fd2fc54cc7a6a8cd890ac3da6e49513a49e"}, "author": "", "url": "https://uk.finance.yahoo.com/news/us-stocks-keep-rally-going-201447146.html", "ord_in_thread": 0, "title": "US stocks keep rally going; GE gains", "locations": ["US"], "entities": {"persons": [], "locations": [], "organizations": []}, "highlightText": "", "language": "english", "persons": [], "text": "Tip : Use comma (,) to separate multiple quotes. Learn more... \nFri, Oct 16, 2015, 21:28 BST - UK Markets closed US stocks keep rally going; GE gains AFP – 13 minutes ago View Photo \n\nUS stocks pushed higher Friday, extending the prior session's rally following a solid earnings report from General Electric. \nAt the closing bell, the Dow Jones Industrial Average was at 17,217.51, up 75.76 points (0.44 percent). \nThe broad-based S&P 500 rose 9.16 (0.45 percent) to 2,033.02, while the tech-rich Nasdaq Composite Index advanced 16.59 (0.34 percent) to 4,886.69. \nAnalysts said investor sentiment remained upbeat on increased confidence the Federal Reserve will not hike interest rates in 2015. \nDow member GE rose 3.4 percent as it reported higher industrial earnings and chief executive Jeff Immelt gave an upbeat appraisal of the global economy. Tax cuts, pensions, childcare, online accounts and beer duty, here's … Financial Times Videos Follow the quotes you care about most. Access timely news and investment updates to stay on top of the market. … More » Yahoo UK & Ireland Finance Terms \nQuotes are real-time for NASDAQ, NYSE, and NYSEAmex when available. See also delay times for other exchanges . Quotes and other information supplied by independent providers identified on the Yahoo! Finance partner page . Quotes are updated automatically, but will be turned off after 25 minutes of inactivity. Quotes are delayed at least 15 minutes. All information provided \"as is\" for informational purposes only, not intended for trading purposes or advice. Neither Yahoo! nor any of independent providers is liable for any informational errors, incompleteness, or delays, or for any actions taken in reliance on information contained herein. By accessing the Yahoo! site, you agree not to redistribute the information found therein. \nFundamental company data provided by Capital IQ . Historical chart data and daily updates provided by Commodity Systems, Inc. (CSI) . International historical chart data and daily updates provided by Morningstar, Inc . Yahoo! - News Network", "external_links": [], "published": "2015-10-16T23:14:00.000+03:00", "crawled": "2015-10-16T23:28:38.558+03:00", "highlightTitle": ""}