{"organizations": [], "uuid": "a720267489065d90ca70e5867bc11d5e4abbbb0b", "thread": {"social": {"gplus": {"shares": 0}, "pinterest": {"shares": 0}, "vk": {"shares": 0}, "linkedin": {"shares": 0}, "facebook": {"likes": 0, "shares": 0, "comments": 0}, "stumbledupon": {"shares": 0}}, "site_full": "www.bloomberg.com", "main_image": "", "site_section": "http://www.bloomberg.com/personal-finance", "section_title": "Personal-finance - Bloomberg Business", "url": "http://www.bloomberg.com/news/articles/2015-10-13/fullbeauty-brands-said-to-boost-discounts-on-apax-buyout-loans", "country": "US", "title": "Fullbeauty Brands Said to Boost Discounts on Apax Buyout Loans", "performance_score": 0, "site": "bloomberg.com", "participants_count": 1, "title_full": "Fullbeauty Brands Said to Boost Discounts on Apax Buyout Loans - Bloomberg Business", "spam_score": 0.0, "site_type": "news", "published": "2015-10-14T02:57:00.000+03:00", "replies_count": 0, "uuid": "a720267489065d90ca70e5867bc11d5e4abbbb0b"}, "author": "Bloomberg.com", "url": "http://www.bloomberg.com/news/articles/2015-10-13/fullbeauty-brands-said-to-boost-discounts-on-apax-buyout-loans", "ord_in_thread": 0, "title": "Fullbeauty Brands Said to Boost Discounts on Apax Buyout Loans", "locations": [], "entities": {"persons": [], "locations": [], "organizations": []}, "highlightText": "", "language": "english", "persons": [], "text": "Fullbeauty Brands LP, an apparel retailer for plus-sized people, is offering one of the biggest discounts this year to complete its $1.2 billion loan deal financing its buyout by Apax Partners, according to three people with knowledge of the deal.\nA $345 million second-lien portion is being marketed for as low as 87 cents on the dollar, while an $820 million first-lien loan may be sold around 93 cents, said the people, who asked not to be identified because the financing is private.\nThe retailer has been struggling to attract investors after proposing to sell the larger piece of the financing for as high as 99 cents on the dollar.\nJPMorgan Chase & Co. and Goldman Sachs Group Inc., the banks arranging the buyout loans, initially asked investors to commit to the deal by Oct. 2. Offering loans at a discount boosts investor yields and can also eat into underwriting fees and create losses for banks.\nA spokeswoman for New York-based Fullbeauty didn’t immediately comment. Representatives for JPMorgan and Goldman Sachs declined to comment.", "external_links": [], "published": "2015-10-14T02:57:00.000+03:00", "crawled": "2015-10-14T01:28:36.892+03:00", "highlightTitle": ""}