{"organizations": [], "uuid": "d599dc6c6c77fa74b185838c5945d66ed5a6c66f", "thread": {"social": {"gplus": {"shares": 0}, "pinterest": {"shares": 0}, "vk": {"shares": 0}, "linkedin": {"shares": 0}, "facebook": {"likes": 0, "shares": 0, "comments": 0}, "stumbledupon": {"shares": 0}}, "site_full": "business-news.thestreet.com", "main_image": "", "site_section": "http://business-news.thestreet.com/west-hartford-news/rss/627", "section_title": "West Hartford News : Personal Finance", "url": "http://business-news.thestreet.com/west-hartford-news/story/the-end-of-tipping-will-danny-meyers-move-crumble-the-gratuity/13325976", "country": "US", "title": "The End of Tipping: Will Danny Meyer's Move Crumble the Gratuity?", "performance_score": 0, "site": "thestreet.com", "participants_count": 0, "title_full": "The End of Tipping: Will Danny Meyer's Move Crumble the Gratuity?", "spam_score": 0.0, "site_type": "news", "published": "2015-10-15T21:27:00.000+03:00", "replies_count": 0, "uuid": "d599dc6c6c77fa74b185838c5945d66ed5a6c66f"}, "author": "", "url": "http://business-news.thestreet.com/west-hartford-news/story/the-end-of-tipping-will-danny-meyers-move-crumble-the-gratuity/13325976", "ord_in_thread": 0, "title": "The End of Tipping: Will Danny Meyer's Move Crumble the Gratuity?", "locations": [], "entities": {"persons": [], "locations": [], "organizations": []}, "highlightText": "", "language": "english", "persons": ["Danny Meyer"], "text": "A Direct Path to a Strong Credit Score Via Your Rent Payments \n“Restaurants typically operate on slim profit margins, usually around 3 to 6%,” she told MainStreet. \" In order to subsidize an increase in wages, restaurants operating on thin margins will, more often than not, need to increase menu prices. With over one million restaurants nationwide, the competition is stiff so striking a balance while ensuring a dining experience that encourages patrons to return is important to the survival of the restaurant.” \"Americans,\" she added, \"overwhelmingly support keeping the tipping model intact.\" (An observation borne out, in fact, by science .) \nConsidered from that light, it’s unsurprising that this experiment has so far been limited to top-tier restaurants and their diners who are relatively unconcerned about menu prices. Danny Meyer, a successful restaurateur in New York City who also founded Shake Shack, is moving to get rid of tipp... in TheStreet's Hangs on LockerDome It’s all well and good for businessmen like Meyer to lead the charge in New York’s upper echelons, but if tipping is going to disappear at the local greasy spoon, diners will have to change their minds about the practice of tipping.\nThey should, too, because ending the era of the tip would make life incalculably easier for everyone, starting with calculating difficult bills . Factoring 18% into a shared bill is a mathematical headache and one of the worst parts of going out for dinner with a large group of friends. It’s a stress that absolutely nobody needs, especially not at the end of a big meal.", "external_links": [], "published": "2015-10-15T21:27:00.000+03:00", "crawled": "2015-10-15T22:19:24.214+03:00", "highlightTitle": ""}