{"organizations": ["Committee", "Acsa", "The Portfolio Committee on Transport", "Airports Council International", "All State Entities", "ACSA"], "uuid": "5b39f72c700174a2591eba31b2878a17c509d615", "thread": {"social": {"gplus": {"shares": 0}, "pinterest": {"shares": 0}, "vk": {"shares": 0}, "linkedin": {"shares": 0}, "facebook": {"likes": 0, "shares": 0, "comments": 0}, "stumbledupon": {"shares": 0}}, "site_full": "allafrica.com", "main_image": "http://allafrica.com/static/images/structure/aa-logo-rgba-no-text-128x128.png", "site_section": "http://allafrica.com/tools/headlines/rdf/business/headlines.rdf", "section_title": "AllAfrica News: Economy, Business and Finance", "url": "http://allafrica.com/stories/201510161788.html", "country": "US", "title": "South Africa: Acsa a Model for All State Entities - Committee", "performance_score": 0, "site": "allafrica.com", "participants_count": 0, "title_full": "South Africa: Acsa a Model for All State Entities - Committee", "spam_score": 0.0, "site_type": "news", "published": "2015-10-16T18:06:00.000+03:00", "replies_count": 0, "uuid": "5b39f72c700174a2591eba31b2878a17c509d615"}, "author": "", "url": "http://allafrica.com/stories/201510161788.html", "ord_in_thread": 0, "title": "South Africa: Acsa a Model for All State Entities - Committee", "locations": ["Cape Town", "Africa", "South Africa"], "entities": {"persons": [], "locations": [], "organizations": []}, "highlightText": "", "language": "english", "persons": ["Sindy Chikunga", "Magadzi", "Bongani Maseko", "Dikeledi Magadzi", "Tambo"], "text": "South Africa: Human Settlements Committee Pleased With N2 Gateway Official Opening document The Portfolio Committee on Transport has hailed the Airports Company of SA (ACSA) as a model of success that other state entities should seek to emulate. \"This is an entity that is running an efficient service with less reliance on government for funding. An R1.6 billion profit for the year under review, three airports among the top 30 in the world, and the ACSA Chief Executive Officer (CEO) as deputy President of the Airports Council International, the Committee could only congratulate this entity,\" Chairperson Ms Dikeledi Magadzi said. She said this was a good story that needed to be told, and is a vindication that not all state entities are crumbling. ACSA presented its annual report to the Committee on Friday where it revealed that CEO, Mr Bongani Maseko, had been appointed Vice-President of the Airports Council International - an organisation responsible for world aviation. It was also revealed that ACSA had made returns amounting to more than R1.6 billion. The Deputy Minister of Transport Ms Sindy Chikunga told the Committee that three SA hotels based at the Airports had been recognised as among the top ten in the world; while six of South Africa's airports were ranked among the top ten in Africa, and three rated in the top 30 worldwide. Ms Magadzi said she was not surprised by the results, especially following the unannounced visits the Committee had undertaken to OR Tambo and Cape Town International Airports earlier in the year. \"The only aspect of work that ACSA still needs to improve on is the gantry gates at airport, especially during peak hours. But also the issue of standardising the service at the airports that are not operated by ACSA,\" she said. South Africa \nAlmost 33 000 rounds of ammunition were either lost or stolen at the SA National Defence Force (SANDF) for the period … see more » Copyright © 2015 Parliament of South Africa. All rights reserved. Distributed by AllAfrica Global Media ( allAfrica.com ). To contact the copyright holder directly for corrections — or for permission to republish or make other authorized use of this material, click here. AllAfrica publishes around 1,700 reports a day from more than 140 news organizations and over 500 other institutions and individuals , representing a diversity of positions on every topic. We publish news and views ranging from vigorous opponents of governments to government publications and spokespersons. Publishers named above each report are responsible for their own content, which AllAfrica does not have the legal right to edit or correct. Articles and commentaries that identify allAfrica.com as the publisher are produced or commissioned by AllAfrica . To address comments or complaints, please Contact us .", "external_links": [], "published": "2015-10-16T18:06:00.000+03:00", "crawled": "2015-10-17T14:53:43.058+03:00", "highlightTitle": ""}