{"organizations": [], "uuid": "552a8f7def7e0fefb0304e05f54cc103c40c7dc8", "thread": {"social": {"gplus": {"shares": 0}, "pinterest": {"shares": 0}, "vk": {"shares": 0}, "linkedin": {"shares": 0}, "facebook": {"likes": 0, "shares": 0, "comments": 0}, "stumbledupon": {"shares": 0}}, "site_full": "www.business2community.com", "main_image": "http://cdn.business2community.com/wp-content/uploads/2015/10/Nike-Shares-Skyrocket.jpg.jpg", "site_section": "http://feeds.feedburner.com/B2C_Business", "section_title": "Business & Finance Articles on Business 2 Community", "url": "http://www.business2community.com/finance/nike-shares-hit-all-time-high-on-promise-of-50-billion-revenues-by-2020-01354769", "country": "US", "title": "Nike Shares Hit All-Time High On Promise Of $50 Billion Revenues By 2020", "performance_score": 0, "site": "business2community.com", "participants_count": 1, "title_full": "Nike Shares Hit All-Time High On Promise Of $50 Billion Revenues By 2020", "spam_score": 0.0, "site_type": "news", "published": "2015-10-16T05:57:00.000+03:00", "replies_count": 0, "uuid": "552a8f7def7e0fefb0304e05f54cc103c40c7dc8"}, "author": "Peter Mondrose", "url": "http://www.business2community.com/finance/nike-shares-hit-all-time-high-on-promise-of-50-billion-revenues-by-2020-01354769", "ord_in_thread": 0, "title": "Nike Shares Hit All-Time High On Promise Of $50 Billion Revenues By 2020", "locations": [], "entities": {"persons": [], "locations": [], "organizations": []}, "highlightText": "", "language": "english", "persons": [], "text": "Nike Shares Hit All-Time High On Promise Of $50 Billion Revenues By 2020 0 SHARES October 15, 2015 Finance 0 \nNike shares raced to a new high on Thursday as the sportswear king promised to hit revenues of $50 billion by 2020. \nIf Nike can deliver on its promise, the company’s guidance for $50 billion in revenue would reflect a 63% increase over the last fiscal year. That means Nike believes its growth will continue to rise and best the last five years. \nNike said its women’s business will drive that growth by nearly doubling in size. CEO Mark Parker also cited the expansion of Nike’s Jordan brand. He also noted that e-commerce sales for the retail giant are expected to reach $7 billion in five years, up from $1 billion this year. \nNike shares quickly jumped to $129.17 a share, a 2.6% rally. Recommended for You Webcast: Seizing the Data Crush Opportunity with Customer Identity Management \nNike, the long-time leader in the sportswear market, has some tough competition from the likes of Under Armour and surprisingly Sketcher. However, it has been able to greatly capitalize on the athletic apparel trend known as athleisure. \nUnder Armour, which counted on North America for 91% of sales in 2014, believes its worldwide revenue will double to $7.5 billion in three years.", "external_links": [], "published": "2015-10-16T05:57:00.000+03:00", "crawled": "2015-10-16T06:25:59.363+03:00", "highlightTitle": ""}