{"organizations": [], "uuid": "494022a67c8afed517becf9fdf8e7de5860ff0e4", "thread": {"social": {"gplus": {"shares": 0}, "pinterest": {"shares": 0}, "vk": {"shares": 0}, "linkedin": {"shares": 0}, "facebook": {"likes": 0, "shares": 0, "comments": 0}, "stumbledupon": {"shares": 0}}, "site_full": "uk.finance.yahoo.com", "main_image": "https://s1.yimg.com/bt/api/res/1.2/M7vS95b2fvSzHFeFStPk0A--/YXBwaWQ9eW5ld3NfbGVnbztxPTc1O3c9NjAw/http://l.yimg.com/os/mit/media/m/social/images/social_default_logo-1481777.png", "site_section": "http://finance.yahoo.com/rss/headline?s=C", "section_title": "Yahoo! Finance: C News", "url": "https://uk.finance.yahoo.com/news/wall-street-bonuses-likely-plunge-220226396.html", "country": "US", "title": "Wall Street bonuses likely to plunge as trading revenue drops - Yahoo Finance UK", "performance_score": 0, "site": "yahoo.com", "participants_count": 1, "title_full": "Wall Street bonuses likely to plunge as trading revenue drops - Yahoo Finance UK", "spam_score": 0.0, "site_type": "news", "published": "2015-10-16T03:00:00.000+03:00", "replies_count": 0, "uuid": "494022a67c8afed517becf9fdf8e7de5860ff0e4"}, "author": "Reuters - UK Focus", "url": "https://uk.finance.yahoo.com/news/wall-street-bonuses-likely-plunge-220226396.html", "ord_in_thread": 0, "title": "Wall Street bonuses likely to plunge as trading revenue drops - Yahoo Finance UK", "locations": [], "entities": {"persons": [], "locations": [], "organizations": []}, "highlightText": "", "language": "english", "persons": [], "text": "RELATED QUOTES Symbol Price Change HSBA.L 519.00 +3.40 CSGN.VX 23.88 +0.23 C 52.97 +2.25 JPM 61.89 +1.90 BAC 16.19 +0.55", "external_links": [], "published": "2015-10-16T03:00:00.000+03:00", "crawled": "2015-10-16T05:48:13.136+03:00", "highlightTitle": ""}