{"organizations": [], "uuid": "e2edbc37a0861a4b89fc0db6081e065923970a02", "thread": {"social": {"gplus": {"shares": 0}, "pinterest": {"shares": 0}, "vk": {"shares": 0}, "linkedin": {"shares": 0}, "facebook": {"likes": 0, "shares": 0, "comments": 0}, "stumbledupon": {"shares": 0}}, "site_full": "business-news.thestreet.com", "main_image": "", "site_section": "http://business-news.thestreet.com/heritage-newspapers/rss/627", "section_title": "Heritage Newspapers : Personal Finance", "url": "http://business-news.thestreet.com/heritage-newspapers/story/10-most-efficient-plug-in-electric-vehicles/13323791", "country": "US", "title": "10 Most Efficient Plug-In Electric Vehicles", "performance_score": 0, "site": "thestreet.com", "participants_count": 0, "title_full": "10 Most Efficient Plug-In Electric Vehicles", "spam_score": 0.0, "site_type": "news", "published": "2015-10-18T16:21:00.000+03:00", "replies_count": 0, "uuid": "e2edbc37a0861a4b89fc0db6081e065923970a02"}, "author": "", "url": "http://business-news.thestreet.com/heritage-newspapers/story/10-most-efficient-plug-in-electric-vehicles/13323791", "ord_in_thread": 0, "title": "10 Most Efficient Plug-In Electric Vehicles", "locations": [], "entities": {"persons": [], "locations": [], "organizations": []}, "highlightText": "", "language": "english", "persons": ["Jason Notte"], "text": "10 Most Efficient Plug-In Electric Vehicles Written by: Jason Notte 10/18/15 - 9:21 AM EDT \nNEW YORK ( MainStreet ) – When a Tesla falls to the bottom of your electric vehicle list, it tells you just how far EVs have come in a very short time. \nIf U.S. fuel efficiency standards in this country are going to hit hit 54.5 miles per gallon by 2025, as the Environmental Protection Agency wants, electric vehicles are going to find themselves doing a whole lot of the heavy lifting. The average fuel economy (window-sticker value) of new vehicles sold in the in August was 25.3 mpg, according to the University of Michigan Transportation Research Institute. \nWhile it's great that Tesla's Model X and its falcon-wing doors are going to be able to drive for 250 miles before charging, it's also not going to be here until late 2016 at the earliest. And while it's great that the Model 3 will be about $30,000 when it arrives, Tesla hasn't even mentioned a release date for it in a while. That leaves the current crop of vehicles about halfway to the benchmark that the EPA and Department of Transportation set back in 2012. However, Tesla isn't the only one falling short in the race to higher fuel efficiency. The Chevrolet Bolt that General Motors announced at the Detroit Auto Show more than a year ago claims it will offer 200 miles of electric range for $30,000 after incentives, but is still more concept than reality. More Headlines", "external_links": [], "published": "2015-10-18T16:21:00.000+03:00", "crawled": "2015-10-18T16:34:59.652+03:00", "highlightTitle": ""}