{"organizations": [], "uuid": "7ef737f2e4e974ae0b4badcba64416c4108b9d99", "thread": {"social": {"gplus": {"shares": 0}, "pinterest": {"shares": 0}, "vk": {"shares": 0}, "linkedin": {"shares": 0}, "facebook": {"likes": 0, "shares": 0, "comments": 0}, "stumbledupon": {"shares": 0}}, "site_full": "www.adelaidenow.com.au", "main_image": "http://resources0.news.com.au/images/2015/10/12/1227565/784724-6020ff24-7063-11e5-ba96-95f70c84c9e6.jpg", "site_section": "http://www.adelaidenow.com.au//business", "section_title": "Business News | Business and Finance News | The Advertiser", "url": "http://www.adelaidenow.com.au/business/australian-dollar-soars-clear-of-us73-to-its-highest-mark-in-seven-weeks/story-fnmxznqb-1227565784751", "country": "US", "title": "Australian dollar soars clear of US73 to its highest mark in seven weeks", "performance_score": 0, "site": "adelaidenow.com.au", "participants_count": 1, "title_full": "Australian dollar soars clear of US73 to its highest mark in seven weeks | Business News | Business and Finance News | | The Advertiser", "spam_score": 0.0, "site_type": "news", "published": "2015-10-12T18:09:00.000+03:00", "replies_count": 0, "uuid": "7ef737f2e4e974ae0b4badcba64416c4108b9d99"}, "author": "Daniel Palmer", "url": "http://www.adelaidenow.com.au/business/australian-dollar-soars-clear-of-us73-to-its-highest-mark-in-seven-weeks/story-fnmxznqb-1227565784751", "ord_in_thread": 0, "title": "Australian dollar soars clear of US73 to its highest mark in seven weeks", "locations": [], "entities": {"persons": [], "locations": [], "organizations": []}, "highlightText": "", "language": "english", "persons": [], "text": "THE Australian dollar has jumped to its highest mark in seven weeks as commodities rise and the US dollar is hurt by reduced rate hike expectations in America.\nAt 10.30am, the currency was trading at US73.12c, up from US72.85c on Friday.\nThe unit hit a high of US73.46c on Saturday morning, its highest level since August 20.\nThe gains were driven by a sliding US dollar as investors took a set against the potential for a 2015 rate hike on the back of Thursday's release of dovish minutes from the US Federal Reserve’s September meeting.\nA surge in commodity prices also aided the unit, with iron ore up 1.3 per cent, copper adding 3 per cent and zinc soaring more than 10 per cent.\n Australian dollar soars clear of US73c", "external_links": ["http://www.heraldsun.com.au/business/australian-dollar-soars-clear-of-us73-to-its-highest-mark-in-seven-weeks/story-fni0dcne-1227565784751"], "published": "2015-10-12T18:09:00.000+03:00", "crawled": "2015-10-14T01:51:06.990+03:00", "highlightTitle": ""}