{"organizations": ["Ivy League Universities Top US Private Schools"], "uuid": "80f7305e5bd23694a17ddcf5da4777eea675c54d", "thread": {"social": {"gplus": {"shares": 0}, "pinterest": {"shares": 0}, "vk": {"shares": 0}, "linkedin": {"shares": 0}, "facebook": {"likes": 0, "shares": 0, "comments": 0}, "stumbledupon": {"shares": 0}}, "site_full": "business-news.thestreet.com", "main_image": "", "site_section": "http://business-news.thestreet.com/west-hartford-news/rss/627", "section_title": "West Hartford News : Personal Finance", "url": "http://business-news.thestreet.com/west-hartford-news/story/top-us-private-schools-with-the-most-graduates-getting-into-ivy-league-universities/13325695", "country": "US", "title": "Top US Private Schools with the Most Graduates Getting Into Ivy League Universities", "performance_score": 0, "site": "thestreet.com", "participants_count": 0, "title_full": "Top US Private Schools with the Most Graduates Getting Into Ivy League Universities", "spam_score": 0.0, "site_type": "news", "published": "2015-10-15T19:14:00.000+03:00", "replies_count": 0, "uuid": "80f7305e5bd23694a17ddcf5da4777eea675c54d"}, "author": "", "url": "http://business-news.thestreet.com/west-hartford-news/story/top-us-private-schools-with-the-most-graduates-getting-into-ivy-league-universities/13325695", "ord_in_thread": 0, "title": "Top US Private Schools with the Most Graduates Getting Into Ivy League Universities", "locations": ["US"], "entities": {"persons": [], "locations": [], "organizations": []}, "highlightText": "", "language": "english", "persons": [], "text": "Top US Private Schools with the Most Graduates Getting Into Ivy League Universities Written by: MainStreet Team 10/15/15 - 12:14 PM EDT \nNEW YORK (MainStreet) -- In recent years, the competition for entry into top-tier colleges has grown more fevered than ever. Students who have set their sights on the Ivy League are part of an ever-widening pool of applicants that, in addition to stellar academic profiles, have top SAT scores and a burgeoning list of extracurriculars. \nA key piece to the proverbial admission puzzle is not only whether the students have challenged themselves with difficult coursework, and have done well, but also whether their education meets the rigorous standards of the undergraduate institution. In some cases, it seems, where a student went to high school is as much of a factor as the grades on the transcript itself. \nElite preparatory schools have long been a viable path to Ivy League education. Although public high schools now account for approximately half of the admissions at these top universities, when you look at the per-school percentages, private school students still have a strong edge. According to an article in MarketWatch , 94 of the top 100 Ivy League feeder schools were private. More Headlines", "external_links": [], "published": "2015-10-15T19:14:00.000+03:00", "crawled": "2015-10-15T21:01:29.977+03:00", "highlightTitle": ""}