{"organizations": [], "uuid": "cee78e4c3df9040f3688a6edb7da9a71ad32248c", "thread": {"social": {"gplus": {"shares": 0}, "pinterest": {"shares": 0}, "vk": {"shares": 0}, "linkedin": {"shares": 0}, "facebook": {"likes": 0, "shares": 0, "comments": 0}, "stumbledupon": {"shares": 0}}, "site_full": "business-news.thestreet.com", "main_image": "", "site_section": "http://business-news.thestreet.com/minute-man-news-center/rss/627", "section_title": "Minute Man News Center : Personal Finance", "url": "http://business-news.thestreet.com/minute-man-news-center/story/boost-your-credit-score-with-this-painfully-obvious-trick/13337981", "country": "US", "title": "Boost Your Credit Score With This Painfully Obvious Trick", "performance_score": 0, "site": "thestreet.com", "participants_count": 0, "title_full": "Boost Your Credit Score With This Painfully Obvious Trick", "spam_score": 0.0, "site_type": "news", "published": "2015-10-26T17:59:00.000+02:00", "replies_count": 0, "uuid": "cee78e4c3df9040f3688a6edb7da9a71ad32248c"}, "author": "", "url": "http://business-news.thestreet.com/minute-man-news-center/story/boost-your-credit-score-with-this-painfully-obvious-trick/13337981", "ord_in_thread": 0, "title": "Boost Your Credit Score With This Painfully Obvious Trick", "locations": [], "entities": {"persons": [], "locations": [], "organizations": []}, "highlightText": "", "language": "english", "persons": ["Ellen Chang"], "text": "Boost Your Credit Score With This Painfully Obvious Trick Written by: Ellen Chang 10/26/15 - 11:59 AM EDT Consumers can easily boost their credit scores by avoiding some of the fallacies surrounding the extremely convoluted manner in which credit scores are tabulated. \nEach of the three credit bureaus uses its own formula and guards its methods closely, but consumers should not find themselves in a conundrum when they are examining their strategies on paying off credit cards and other bills . \nConsumers reap many rewards when they raise their current credit score, because higher scores mean shelling out less money in interest , which can yield thousands of dollars in savings. A high credit score also means consumers receive a lower interest rate for credit cards, auto loans and mortgages, and the benefit extends to lower rates for auto and home insurance premiums. For a quick gauge of where you stand, here’s a quick rundown: a score of anything below 620 ranks as poor, 620-699 is fair, 700-749 is good and anything over 750 is excellent. \nCheck out your credit reports from Equifax, Experian and TransUnion at least once a year and examine them for errors. Consumers can access credit reports annually for free at www.annualcreditreport.com . More Headlines", "external_links": [], "published": "2015-10-26T17:59:00.000+02:00", "crawled": "2015-10-26T18:22:52.250+02:00", "highlightTitle": ""}