{"organizations": [], "uuid": "125f33f9e5c4b798bda66058ab4d760fe4106b2d", "thread": {"social": {"gplus": {"shares": 0}, "pinterest": {"shares": 0}, "vk": {"shares": 0}, "linkedin": {"shares": 0}, "facebook": {"likes": 0, "shares": 0, "comments": 0}, "stumbledupon": {"shares": 0}}, "site_full": "www.wsj.com", "main_image": "http://si.wsj.net/public/resources/images/BN-KT733_1015my_G_20151015025008.jpg", "site_section": "http://www.wsj.com/news/world/asia", "section_title": "Asia Business, Finance &amp; Political News - The Wall Street Journal", "url": "http://www.wsj.com/articles/myanmar-signs-cease-fire-with-several-rebel-groups-ahead-of-elections-1444892935", "country": "", "title": "Myanmar Signs Cease-Fire With Several Rebel Groups Ahead of Elections", "performance_score": 0, "site": "wsj.com", "participants_count": 1, "title_full": "Myanmar Signs Cease-Fire With Several Rebel Groups Ahead of Elections - WSJ", "spam_score": 0.0, "site_type": "news", "published": "2015-10-15T11:08:00.000+03:00", "replies_count": 0, "uuid": "125f33f9e5c4b798bda66058ab4d760fe4106b2d"}, "author": "Shibani Mahtani", "url": "http://www.wsj.com/articles/myanmar-signs-cease-fire-with-several-rebel-groups-ahead-of-elections-1444892935", "ord_in_thread": 0, "title": "Myanmar Signs Cease-Fire With Several Rebel Groups Ahead of Elections", "locations": [], "entities": {"persons": [], "locations": [], "organizations": []}, "highlightText": "", "language": "english", "persons": [], "text": "YANGON—Myanmar signed a cease-fire on Thursday with several ethnic rebel groups, but some of them had long stopped fighting and several others refused to come on board, denying the government a needed political boost three weeks before national elections, as sporadic conflicts continued.\nIn a grandiose ceremony in the capital Naypyitaw, representatives of the eight armed groups sat alongside military generals and Myanmar President... ", "external_links": [], "published": "2015-10-15T11:08:00.000+03:00", "crawled": "2015-10-15T11:09:17.108+03:00", "highlightTitle": ""}