{"organizations": [], "uuid": "942a74868446b06be3dfc9483d4f0667af26c0ae", "thread": {"social": {"gplus": {"shares": 0}, "pinterest": {"shares": 0}, "vk": {"shares": 0}, "linkedin": {"shares": 0}, "facebook": {"likes": 0, "shares": 0, "comments": 0}, "stumbledupon": {"shares": 0}}, "site_full": "media.smh.com.au", "main_image": "http://images.smh.com.au/2015/10/14/6928230/ThumbSM_Short.jpg", "site_section": "http://www.smh.com.au/business/markets/sectors/share-listing/4520/information-technology/technology-hardware-and-equipment", "section_title": "Business News, Economy, Finance &amp; ASX Market News", "url": "http://media.smh.com.au/video-business/video-businessday/westpac-raises-home-loan-rates-6928228.html", "country": "AU", "title": "Westpac raises home loan rates", "performance_score": 0, "site": "smh.com.au", "participants_count": 1, "title_full": "Westpac raises home loan rates", "spam_score": 0.0, "site_type": "news", "published": "2015-10-14T03:00:00.000+03:00", "replies_count": 0, "uuid": "942a74868446b06be3dfc9483d4f0667af26c0ae"}, "author": "The Sydney Morning Herald", "url": "http://media.smh.com.au/video-business/video-businessday/westpac-raises-home-loan-rates-6928228.html", "ord_in_thread": 0, "title": "Westpac raises home loan rates", "locations": [], "entities": {"persons": [], "locations": [], "organizations": []}, "highlightText": "", "language": "english", "persons": [], "text": "Why has Westpac raised its home loan rates? Mal Maiden explains the decision and identifies the state that is going to feel the pain the most.", "external_links": [], "published": "2015-10-14T03:00:00.000+03:00", "crawled": "2015-10-17T07:16:15.448+03:00", "highlightTitle": ""}