{"organizations": ["DCE"], "uuid": "6d7b9fa84139f1a608e86c25dec9f477a1b646bd", "thread": {"social": {"gplus": {"shares": 0}, "pinterest": {"shares": 0}, "vk": {"shares": 0}, "linkedin": {"shares": 0}, "facebook": {"likes": 0, "shares": 0, "comments": 0}, "stumbledupon": {"shares": 0}}, "site_full": "www.modernghana.com", "main_image": "http://www.modernghana.com/logo/final_log.png", "site_section": "http://www.modernghana.com/rssfeed/news.xml?cat_id=1&gender=46", "section_title": "Business & Finance", "url": "http://www.modernghana.com/news/649020/1/dce-calls-for-proper-packaging-of-locally-produced.html", "country": "US", "title": "DCE calls for proper packaging of locally produced goods", "performance_score": 0, "site": "modernghana.com", "participants_count": 0, "title_full": "DCE calls for proper packaging of locally produced goods", "spam_score": 0.0, "site_type": "news", "published": "2015-10-13T19:00:00.000+03:00", "replies_count": 0, "uuid": "6d7b9fa84139f1a608e86c25dec9f477a1b646bd"}, "author": "", "url": "http://www.modernghana.com/news/649020/1/dce-calls-for-proper-packaging-of-locally-produced.html", "ord_in_thread": 0, "title": "DCE calls for proper packaging of locally produced goods", "locations": [], "entities": {"persons": [], "locations": [], "organizations": []}, "highlightText": "", "language": "english", "persons": [], "text": "  17:00 CET DCE calls for proper packaging of locally produced goods By GNA \nNtiribuoho (Ash), Oct. 12, GNA - Mr. Kwaku Oppong-Kyekyeku Kaakyire, Afigya-Kwabre District Chief Executive (DCE), has asked local entrepreneurs to produce quality products and ensure that they were properly packaged. \nThis, he said, would not only increase demand for locally produced commodities but also go a long to create employment opportunities for the youth. \nMr. Oppong-Kyekyeku was speaking at a graduation ceremony for 45 women and men who underwent two-weeks training in soap making and soya bean products at Ntiribuoho in the District. \nIt was organized by the Business Advisory Centre (BAC) under the Rural Enterprises Programmes (REP) with support from the District Assembly. \nThe DCE said the programme, the sixth in the district, was part of the government's efforts at improving the private sector, which was considered as 'the engine of growth' towards the socio-economic development of the nation. \nMr. Oppong-Kyekyeku stressed the need for the participants to start doing 'something' and run it as a business to attract financial support from the District Assembly. \nMadam Marina Kusi, Head of the BAC, thanked the REP and the Assembly for helping the Centre to organize the workshop. \nShe urged the participants to put into practice the knowledge they had acquired and share the idea with other interested but unemployed in the community. \nShe said opportunities were available for other people who show interested in learning other employable skills in the processing industry for them to improve their livelihood. \nNana Kwame Agyeman, an Elder of the town praised the government for the programme and asked that it acts quickly to provide start-up capital for the participants. \nGNA", "external_links": [], "published": "2015-10-13T19:00:00.000+03:00", "crawled": "2015-10-13T19:06:32.036+03:00", "highlightTitle": ""}