{"organizations": [], "uuid": "1ee65497395b60b0c597b50291ca80c0f73072e6", "thread": {"social": {"gplus": {"shares": 0}, "pinterest": {"shares": 0}, "vk": {"shares": 0}, "linkedin": {"shares": 0}, "facebook": {"likes": 0, "shares": 0, "comments": 0}, "stumbledupon": {"shares": 0}}, "site_full": "www.reuters.com", "main_image": "", "site_section": "http://www.reuters.com/finance/personal-finance", "section_title": "Wealth, Personal Finance &amp; Money | Reuters.com", "url": "http://www.reuters.com/article/2015/10/13/lmeweek-atlantic-idUSL8N12C18L20151013", "country": "US", "title": "LMEWEEK-Freeport's Atlantic Copper aims record output in 2015", "performance_score": 0, "site": "reuters.com", "participants_count": 1, "title_full": "LMEWEEK-Freeport's Atlantic Copper aims record output in 2015 | Reuters", "spam_score": 0.0, "site_type": "news", "published": "2015-10-13T17:00:00.000+03:00", "replies_count": 0, "uuid": "1ee65497395b60b0c597b50291ca80c0f73072e6"}, "author": "Reuters", "url": "http://www.reuters.com/article/2015/10/13/lmeweek-atlantic-idUSL8N12C18L20151013", "ord_in_thread": 0, "title": "LMEWEEK-Freeport's Atlantic Copper aims record output in 2015", "locations": [], "entities": {"persons": [], "locations": [], "organizations": []}, "highlightText": "", "language": "english", "persons": [], "text": "LONDON Oct 13 Atlantic Copper, a subsidiary of Freeport McMoRan Inc in Spain, may set a new record this year by producing 284,000 to 285,000 tonnes of cathode, a top company official said on Tuesday.\nJavier Targhetta, president of Atlantic Copper and senior vice president for marketing and sales at Freeport, told Reuters that higher inventories of anodes would help it to maintain copper output despite a recent planned shutdown for maintenance.\nThe smelter based in Huelva, Spain, produced a record 284,000 tonnes last year.\nTarghetta said in an interview that its 2016 term premiums for copper were expected to fall slightly from $110 per tonne for 2015 due to a bearish sentiment. He said, however, that the global copper market was likely to be balanced next year and could have a deficit in 2017. (Reporting by Atul Prakash; editing by Jason Neely )", "external_links": [], "published": "2015-10-13T17:00:00.000+03:00", "crawled": "2015-10-13T16:15:24.323+03:00", "highlightTitle": ""}