{"organizations": [], "uuid": "fb1e2c553e33e17c519254fbc5f07085433641b4", "thread": {"social": {"gplus": {"shares": 0}, "pinterest": {"shares": 0}, "vk": {"shares": 0}, "linkedin": {"shares": 0}, "facebook": {"likes": 0, "shares": 0, "comments": 0}, "stumbledupon": {"shares": 0}}, "site_full": "www.reuters.com", "main_image": "", "site_section": "http://www.reuters.com/finance/personal-finance", "section_title": "Wealth, Personal Finance &amp; Money | Reuters.com", "url": "http://www.reuters.com/article/2015/10/16/canada-economy-securities-idUSL1N12G0G320151016", "country": "US", "title": "UPDATE 1-Foreign investment in Canadian securities resumes in Aug", "performance_score": 0, "site": "reuters.com", "participants_count": 1, "title_full": "UPDATE 1-Foreign investment in Canadian securities resumes in Aug | Reuters", "spam_score": 0.0, "site_type": "news", "published": "2015-10-16T16:40:00.000+03:00", "replies_count": 0, "uuid": "fb1e2c553e33e17c519254fbc5f07085433641b4"}, "author": "Reuters", "url": "http://www.reuters.com/article/2015/10/16/canada-economy-securities-idUSL1N12G0G320151016", "ord_in_thread": 0, "title": "UPDATE 1-Foreign investment in Canadian securities resumes in Aug", "locations": [], "entities": {"persons": [], "locations": [], "organizations": []}, "highlightText": "", "language": "english", "persons": [], "text": "OTTAWA Oct 16 Foreign investment in Canadian securities rose in August after a big decline in the previous month as investors picked up debt assets but reduced their exposure to stocks, data from Statistics Canada showed on Friday.\nNon-residents bought C$3.11 billion ($2.41 billion) in Canadian securities, Stastcan said in reporting net investment figures. Foreign investors picked up C$5.6 billion in Canadian bonds, mainly in federal government and federal government business bonds.\nBut investors reduced their positions in stocks for the third time in four months, decreasing their holdings by C$2.74 billion. The Canadian stock market slumped 4.2 percent in August, its largest decline in 11 months.\nCanadians also resumed their purchases of foreign securities, buying up C$8.74 billion in investments. Purchases of foreign equities rose by C$5.83 billion, the biggest increase since July 2014. Of that, C$3.2 billion went into U.S. shares, the highest amount this year even as stock prices were declining south of the border.\n($1=$1.2905 Canadian)\n(Reporting by Leah Schnurr Editing by W Simon)", "external_links": [], "published": "2015-10-16T16:40:00.000+03:00", "crawled": "2015-10-16T15:52:19.374+03:00", "highlightTitle": ""}