{"organizations": ["News Corp", "FBI"], "uuid": "1c596d75293e98ad4d2d80b98bfa31b9142492d7", "thread": {"social": {"gplus": {"shares": 0}, "pinterest": {"shares": 0}, "vk": {"shares": 0}, "linkedin": {"shares": 0}, "facebook": {"likes": 0, "shares": 0, "comments": 0}, "stumbledupon": {"shares": 0}}, "site_full": "uk.finance.yahoo.com", "main_image": "https://s1.yimg.com/bt/api/res/1.2/FX9Sn25wo4KW99UP8Azlkw--/YXBwaWQ9eW5ld3NfbGVnbztpbD1wbGFuZTtxPTc1O3c9NjAw/http://globalfinance.zenfs.com/images/UK_AFTP_AFP_LIVE_1/2d98627d5386986b7076cc46e506f6082cb7ac6d_original.jpg", "site_section": "https://uk.finance.yahoo.com/news/provider-afp/?format=rss", "section_title": "Finance News | AFP - Yahoo! UK & Ireland Finance", "url": "https://uk.finance.yahoo.com/news/fbi-probing-hacking-news-corp-210921687.html", "country": "GB", "title": "FBI probing hacking of News Corp unit Dow Jones", "performance_score": 0, "site": "yahoo.com", "participants_count": 0, "title_full": "FBI probing hacking of News Corp unit Dow Jones", "spam_score": 0.0, "site_type": "news", "published": "2015-10-17T00:09:00.000+03:00", "replies_count": 0, "uuid": "1c596d75293e98ad4d2d80b98bfa31b9142492d7"}, "author": "", "url": "https://uk.finance.yahoo.com/news/fbi-probing-hacking-news-corp-210921687.html", "ord_in_thread": 0, "title": "FBI probing hacking of News Corp unit Dow Jones", "locations": [], "entities": {"persons": [], "locations": [], "organizations": []}, "highlightText": "", "language": "english", "persons": [], "text": "Tip : Use comma (,) to separate multiple quotes. Learn more... \nFri, Oct 16, 2015, 22:50 BST - UK Markets closed FBI probing hacking of News Corp unit Dow Jones AFP – 40 minutes ago View Photo \n\nUS criminal investigators are probing whether hackers broke into financial news company Dow Jones and seized market-moving information prior to publication, an FBI spokeswoman said Friday. \n\"We are aware and we are looking into it,\" the FBI spokeswoman told AFP, confirming a news report from Bloomberg News. \nBloomberg, citing unnamed sources, reported that the computer systems of Dow Jones & Co. were infiltrated by Russian hackers, who stole information to trade on before it was published. \nBloomberg said it was not clear if the information stolen included news stories, or embargoed financial data that had not yet been published. \nDow Jones, part of Rupert Murdoch's News Corp (Other OTC: NWSAL - news ) , owns the Wall Street Journal, among other financial publications. \nDow Jones disclosed last week that hackers had gained unauthorized access to its systems and sent solicitations to current and former subscribers. That hack affected payment data for fewer than 3,500 people, the Wall Street Journal reported. \nThe current hack is considered far more serious. Bloomberg said it was not clear if the two incidents were related. \nThe case comes on the heels of numerous other hacking episodes involving sensitive market information. US prosecutors in August brought charges against a pair of hackers in Ukraine who stole unpublished corporate press releases from online public relations services like Business Wire and sold them to people who traded shares on the information.", "external_links": [], "published": "2015-10-17T00:09:00.000+03:00", "crawled": "2015-10-17T00:49:47.509+03:00", "highlightTitle": ""}