{"organizations": [], "uuid": "3701604d4ff6d69e737981b3b5474bd6d7b55016", "thread": {"social": {"gplus": {"shares": 0}, "pinterest": {"shares": 0}, "vk": {"shares": 0}, "linkedin": {"shares": 0}, "facebook": {"likes": 0, "shares": 0, "comments": 0}, "stumbledupon": {"shares": 0}}, "site_full": "uk.finance.yahoo.com", "main_image": "https://s1.yimg.com/bt/api/res/1.2/M7vS95b2fvSzHFeFStPk0A--/YXBwaWQ9eW5ld3NfbGVnbztxPTc1O3c9NjAw/http://l.yimg.com/os/mit/media/m/social/images/social_default_logo-1481777.png", "site_section": "https://uk.finance.yahoo.com/news/provider-fool/?format=rss", "section_title": "Finance News | Fool.co.uk - Yahoo! UK & Ireland Finance", "url": "https://uk.finance.yahoo.com/news/peak-oil-just-myth-143920262.html", "country": "GB", "title": "Is Peak Oil Just A Myth?", "performance_score": 0, "site": "yahoo.com", "participants_count": 0, "title_full": "Is Peak Oil Just A Myth?", "spam_score": 0.0, "site_type": "news", "published": "2015-10-17T17:39:00.000+03:00", "replies_count": 0, "uuid": "3701604d4ff6d69e737981b3b5474bd6d7b55016"}, "author": "", "url": "https://uk.finance.yahoo.com/news/peak-oil-just-myth-143920262.html", "ord_in_thread": 0, "title": "Is Peak Oil Just A Myth?", "locations": [], "entities": {"persons": [], "locations": [], "organizations": []}, "highlightText": "", "language": "english", "persons": [], "text": "Tip : Use comma (,) to separate multiple quotes. Learn more... \nSat, Oct 17, 2015, 21:08 BST - UK Markets closed Is Peak Oil Just A Myth? By Harvey Jones | Fool.co.uk – 5 hours ago Print Companies: \nAs Niels Bohr famously said: \"predictions are difficult, especially about the future.\" And they are doubly difficult if you are talking about the future of oil. \nThe more uncertain the future, the more vehemently each side presents its case. For years a debate has raged about peak oil, the dreaded moment when we start running out of accessible oil reserves, a debate made only more heated by suspicions of vested interests. So environmental campaigners have been crying out that modern society is about to be plunged into darkness, while oil industry experts have blithely assured us that the oil is there, and they will fetch it for us. Even if it lies several miles under the Arctic seabed or has to be stripped from tar in Canada. \nDown Dale \nNow BP chief economist Spencer Dale, a former Bank of England policymaker, has thrown his reputation into the fray by claiming we will never exhaust the world's reserves of oil. Concerns about carbon emissions and climate change mean that most of it will have to be left in the ground. \nBurning existing reserves of oil, gas and coal would emit more than 2.8 trillion tonnes of climate-harming carbon emissions, much more than the 1 trillion threshold scientists have set to limit global warming to 2 degrees, he says. If he is right, this has major implications for troubled Footsie-listed oil giants such as BP and Royal Dutch Shell , and stricken explorers such as Premier Oil and Tullow Oil . This means the relative price of oil may not rise much over time. Oil at $50 a barrel could be here to stay. \nUp Shale \nThere is another factor changing the dynamics of the global oil industry: the shale revolution. This has weaned the US off energy imports and effectively made wildcat drillers global swing producers, usurping Saudi Arabia's traditional role. Shale production has soared from zero to 4.5 million barrels a day -- about 5% of global production -- in just five years. Iran could add another 500,000 barrels as soon as US sanctions are lifted (assuming they are), then an additional 500,000 within six months. \nThe future of renewables is another energy battleground, again, with lines drawn between left and right. Some claim China could save the world by becoming a renewables powerhouse, others see this as pie-in-a-smoggy-sky. Personally, I expect solar to break through in the next 10 years, with major implications for oil companies. We will never hit peak sunshine. \nPeak And Troughs \nSupply is just one side of a very complex equation. Demand is another. Both are pointing at the same worrying direction for oil investors banking on a rising price. The International Energy Agency's October report has just predicted that global demand growth is expected to slow from its five-year high of 1.8 million barrels a day this year to 1.2 million barrels next year. \nSpencer Dale is correct. We will never hit peak oil. There will always be reserves out there, but they will either be too inaccessible or politically controversial to extract. Just look at how Shell was forced out of Alaska by a combination of costs, campaigners and regulatory pressure. \nOil stocks could continue to struggle in this climate but with Dale also predicting that global energy demand will rise 37% by 2035, I don't expect them to fall off a cliff. \nBP and Shell may offer juicy dividends today but they could come under threat if oil stays at $50 for the next few years. There may be safer dividend stocks out there. \nThe Motley Fool's 5 Shares To Retire On don't just offer long-term growth, but juicy yields of more than 4% or5% as well. \nIf you'd like to find out the identity of these five top companies, and how their shares could fuel your retirement, simply click here now for instant access. \nHarvey Jones has no position in any shares mentioned. The Motley Fool UK has recommended Tullow Oil. We Fools don't all hold the same opinions, but we all believe that considering a diverse range of insights makes us better investors.", "external_links": [], "published": "2015-10-17T17:39:00.000+03:00", "crawled": "2015-10-17T23:09:39.274+03:00", "highlightTitle": ""}