{"organizations": [], "uuid": "5aee0c85833777006410911fa569ff2b25804848", "thread": {"social": {"gplus": {"shares": 0}, "pinterest": {"shares": 0}, "vk": {"shares": 0}, "linkedin": {"shares": 0}, "facebook": {"likes": 0, "shares": 0, "comments": 0}, "stumbledupon": {"shares": 0}}, "site_full": "au.finance.yahoo.com", "main_image": "https://s1.yimg.com/bt/api/res/1.2/TfpAvXAVDdt7JnVfv2jrGQ--/YXBwaWQ9eW5ld3NfbGVnbztpbD1wbGFuZTtxPTc1O3c9NjAw/http://globalfinance.zenfs.com/images/FIN_ANZ_AFP_ART_FTP_LIVE_1/0461338cf8c2f9e746c1166e845cfc20ac2b09a6_original.jpg", "site_section": "https://au.finance.yahoo.com/news/topic-top-stories/?format=rss", "section_title": "Australian Business & World Finance News - Yahoo!7 Finance", "url": "https://au.finance.yahoo.com/news/us-cancels-drilling-rights-auctions-001305136.html", "country": "GB", "title": "US cancels drilling rights auctions in Alaskan Arctic", "performance_score": 0, "site": "yahoo.com", "participants_count": 0, "title_full": "US cancels drilling rights auctions in Alaskan Arctic", "spam_score": 0.0, "site_type": "news", "published": "2015-10-17T03:13:00.000+03:00", "replies_count": 0, "uuid": "5aee0c85833777006410911fa569ff2b25804848"}, "author": "", "url": "https://au.finance.yahoo.com/news/us-cancels-drilling-rights-auctions-001305136.html", "ord_in_thread": 0, "title": "US cancels drilling rights auctions in Alaskan Arctic", "locations": ["US"], "entities": {"persons": [], "locations": [], "organizations": []}, "highlightText": "", "language": "english", "persons": [], "text": "View Photo \nUS President Barack Obama points to Bear Glacier during a boat tour of the Kenai Fjords National Park on September 1, 2015, as part of his visit to Alaska \nThe United States has announced it is calling off two auctions for oil and gas drilling rights in the Arctic off Alaska and has denied requests for lease extensions by Shell and Statoil. \nThe move comes just weeks after President Barack Obama visited Alaska and Shell said its Burger J well in the Chukchi Sea, off the northwest coast of Alaska, did not warrant further exploration due to insufficient oil and gas being located and regulatory uncertainties. \n\"In light of Shell's announcement, the amount of acreage already under lease and current market conditions, it does not make sense to prepare for lease sales in the Arctic in the next year and a half,\" Interior Secretary Sally Jewell said in a statement Friday announcing the US decision. \nThe two canceled auctions -- Arctic offshore lease sales under the 2012-2017 offshore oil and gas leasing program -- were for the Chukchi and Beaufort seas, potentially scheduled for 2016 and the first half of 2017, respectively, the statement said. \nIt also said that the Bureau of Safety and Environmental Enforcement had denied requests for \"lease suspensions\" from Shell and Statoil that would have allowed them to keep their leases beyond their primary 10-year terms set to expire in 2017 for the Beaufort Sea and in 2020 for the Chukchi Sea. \n\"Among other things, the companies did not demonstrate a reasonable schedule of work for exploration and development under the leases,\" Jewell said. \nEnvironmentalists saw Shell's announcement last month as a big win in their battle to protect local wildlife, and urged Obama to ban all energy companies from launching drilling projects in the region. \nGreenpeace called the latest announcement \"huge news for the Arctic,\" urging supporters to contact Obama to thank him for \"taking action to protect the Arctic and our climate.\" \nObama, who visited Alaska in late August and early September to raise awareness of climate change, had angered environmentalists with his decision to allow the Anglo-Dutch oil giant to drill in the Chukchi sea. \nHe defended the move ahead of his trip to Alaska, saying he shared people's concerns about offshore drilling but that his administration, in the wake of the BP spill in the Gulf of Mexico, had worked to make sure that oil exploration was done at the \"highest standards possible.\" \nFriday's announcement comes amid a countdown to a much-anticipated United Nations climate conference in Paris in December.  ", "external_links": [], "published": "2015-10-17T03:13:00.000+03:00", "crawled": "2015-10-17T15:20:03.313+03:00", "highlightTitle": ""}