{"organizations": [], "uuid": "7a4b58174301df5552d2bdd159baed031aafdf5b", "thread": {"social": {"gplus": {"shares": 0}, "pinterest": {"shares": 0}, "vk": {"shares": 0}, "linkedin": {"shares": 0}, "facebook": {"likes": 0, "shares": 0, "comments": 0}, "stumbledupon": {"shares": 0}}, "site_full": "uk.finance.yahoo.com", "main_image": "https://s1.yimg.com/bt/api/res/1.2/M7vS95b2fvSzHFeFStPk0A--/YXBwaWQ9eW5ld3NfbGVnbztxPTc1O3c9NjAw/http://l.yimg.com/os/mit/media/m/social/images/social_default_logo-1481777.png", "site_section": "https://uk.finance.yahoo.com/news/sector-basic-materials/?format=rss", "section_title": "Basic Resources News | Yahoo! Finance", "url": "https://uk.finance.yahoo.com/news/quarles-acquires-culpeper-warsaw-heating-125000997.html", "country": "US", "title": "Quarles Acquires Culpeper, Warsaw Heating Oil Companies", "performance_score": 0, "site": "yahoo.com", "participants_count": 0, "title_full": "Quarles Acquires Culpeper, Warsaw Heating Oil Companies", "spam_score": 0.0, "site_type": "news", "published": "2015-10-14T15:50:00.000+03:00", "replies_count": 0, "uuid": "7a4b58174301df5552d2bdd159baed031aafdf5b"}, "author": "", "url": "https://uk.finance.yahoo.com/news/quarles-acquires-culpeper-warsaw-heating-125000997.html", "ord_in_thread": 0, "title": "Quarles Acquires Culpeper, Warsaw Heating Oil Companies", "locations": ["Quarles Acquires Culpeper", "Warsaw"], "entities": {"persons": [], "locations": [], "organizations": []}, "highlightText": "", "language": "english", "persons": [], "text": "Tip : Use comma (,) to separate multiple quotes. Learn more... \nWed, Oct 14, 2015, 14:06 BST - UK Markets close in 2 hrs 24 mins Quarles Acquires Culpeper, Warsaw Heating Oil Companies Press Release : Quarles Petroleum, Inc. – 16 minutes ago Related Content \nFREDERICKSBURG, Va.--(BUSINESS WIRE)-- \nOn October 13, 2015 Quarles Petroleum, Inc., a regional provider of fuel and fuel solutions based in Fredericksburg, Virginia, has purchased Whiting Oil Company in Culpeper and Northern Neck Oil Company in Warsaw from Petroleum Marketers, Inc. \nWhiting Oil and Northern Neck Oil provide heating oil, gasoline and diesel products to both residential and commercial customers. The Whiting Oil customer in Culpeper will be serviced from the Quarles facility based in Culpeper and the Northern Neck Oil customers will continue to be serviced from the location in Warsaw. \n“Quarles is a local, family-owned company that has been reliably delivering fuel to our customers for 75 years. All of the associates at Quarles look forward to extending the same level of excellent customer service and reliability to our new customers in Warsaw and Culpeper,” said Paul Giambra, President and CEO of Quarles. \n“Whiting Oil and Northern Neck Oil both have a great reputation for providing petroleum products and services to their customers. Quarles expects to have a smooth transition and to continue the tradition of customer service that our customers expect,” Giambra said. \nIn addition to providing heating oil, gasoline, and diesel, Quarles also operates 120 unattended commercial fuel stations throughout the Mid-Atlantic, delivered bulk and packaged lubricants, and integrated fuel solutions for businesses. \nAbout Quarles Petroleum, Inc. \nQuarles Petroleum is now in its seventh decade of operations serving customers in Virginia, Maryland, Delaware, West Virginia, Pennsylvania and North Carolina. Major product lines are: residential propane and oil, commercial delivered fuels, fleet card sites and services, and lubricants. Quarles strives to provide superior customer service and competitive prices every day. For more information about the Company please visit our website at www.quarlesinc.com . View source version on businesswire.com: http://www.businesswire.com/news/home/20151014005848/en/ Contact:", "external_links": [], "published": "2015-10-14T15:50:00.000+03:00", "crawled": "2015-10-14T16:05:59.623+03:00", "highlightTitle": ""}