{"organizations": [], "uuid": "f15d63d00378ad57ca250cba1ce6d5b18b94298d", "thread": {"social": {"gplus": {"shares": 0}, "pinterest": {"shares": 0}, "vk": {"shares": 0}, "linkedin": {"shares": 0}, "facebook": {"likes": 0, "shares": 0, "comments": 0}, "stumbledupon": {"shares": 0}}, "site_full": "www.wsj.com", "main_image": "", "site_section": "http://www.wsj.com/news/world/asia", "section_title": "Asia Business, Finance &amp; Political News - The Wall Street Journal", "url": "http://www.wsj.com/articles/usd-krw-opens-higher-steadies-before-china-gdp-data-1445214663", "country": "US", "title": "USD/KRW Opens Higher, Steadies Before Data", "performance_score": 0, "site": "wsj.com", "participants_count": 1, "title_full": "USD/KRW Opens Higher, Steadies Before China GDP Data - WSJ", "spam_score": 0.0, "site_type": "news", "published": "2015-10-19T04:31:00.000+03:00", "replies_count": 0, "uuid": "f15d63d00378ad57ca250cba1ce6d5b18b94298d"}, "author": "Ewen Chew", "url": "http://www.wsj.com/articles/usd-krw-opens-higher-steadies-before-china-gdp-data-1445214663", "ord_in_thread": 0, "title": "USD/KRW Opens Higher, Steadies Before Data", "locations": [], "entities": {"persons": [], "locations": [], "organizations": []}, "highlightText": "", "language": "english", "persons": [], "text": "0022 GMT [Dow Jones] USD/KRW opened Monday at 1,131.0 versus its Friday close of 1,129.1 implying a mild depreciation of the South Korea won versus the U.S. dollar. The rise of the greenback was partly attributed to the much-better-than-expected U.S. consumer sentiment survey by the University of Michigan. USD/KRW is now hovering around 1,132.0, awaiting the next data catalyst for Asian currencies - the release of China’s 3Q gross domestic product data. Expectations are for the economy to have expanded 6.8% versus the 7.0% seen in the previous quarter. If the data disappoints, risk appetite may be affected and... ", "external_links": [], "published": "2015-10-19T04:31:00.000+03:00", "crawled": "2015-10-19T04:30:35.387+03:00", "highlightTitle": ""}