{"organizations": [], "uuid": "ca97c9502402fb0f4117dcca92c38399024d2102", "thread": {"social": {"gplus": {"shares": 0}, "pinterest": {"shares": 0}, "vk": {"shares": 0}, "linkedin": {"shares": 0}, "facebook": {"likes": 0, "shares": 0, "comments": 0}, "stumbledupon": {"shares": 0}}, "site_full": "www.prweb.com", "main_image": "", "site_section": "http://www.prweb.com/rss2/finance.xml", "section_title": "Business: Finance", "url": "http://www.prweb.com/releases/creditcollectionservices/alacritycollections/prweb13037588.htm", "country": "US", "title": "President of Alacrity Collections Corporation Named to Maryland Collection Agency Licensing Board", "performance_score": 0, "site": "prweb.com", "participants_count": 1, "title_full": "President of Alacrity Collections Corporation Named to Maryland Collection Agency Licensing Board", "spam_score": 0.0, "site_type": "news", "published": "2015-10-26T02:00:00.000+02:00", "replies_count": 0, "uuid": "ca97c9502402fb0f4117dcca92c38399024d2102"}, "author": "Susan Hayes", "url": "http://www.prweb.com/releases/creditcollectionservices/alacritycollections/prweb13037588.htm", "ord_in_thread": 0, "title": "President of Alacrity Collections Corporation Named to Maryland Collection Agency Licensing Board", "locations": [], "entities": {"persons": [], "locations": [], "organizations": []}, "highlightText": "", "language": "english", "persons": [], "text": "Alacrity Collections Corporation announced today that Susan Hayes, the company’s founder and president, has been appointed by Governor Larry Hogan to serve a fifth consecutive term on the Maryland Collection Agency Licensing Board. \"As a member of the Maryland Collection Agency Licensing Board, my mission is to ensure the highest level of compliance and ethics,” said Hayes. “It has been my privilege to protect and serve Maryland residents from abusive debt collection practices since 1997.\"\nHayes first launched Alacrity Collections Corporation in 1982. Under her leadership, the company has become the pre-eminent collections agency in the Maryland area. The company boasts a flawless record of compliance and has successfully recovered millions of dollars for its clients.\nFor more information about Alacrity Collections Corporation, visit http://www.alacritycollections.com .", "external_links": ["http://www.prweb.net/Redirect.aspx?id=aHR0cDovL3d3dy5hbGFjcml0eWNvbGxlY3Rpb25zLmNvbQ=="], "published": "2015-10-26T02:00:00.000+02:00", "crawled": "2015-10-26T11:00:58.939+02:00", "highlightTitle": ""}