{"organizations": [], "uuid": "c03a2002eeee3da765a478ce315a957ed5afb7c5", "thread": {"social": {"gplus": {"shares": 0}, "pinterest": {"shares": 0}, "vk": {"shares": 0}, "linkedin": {"shares": 0}, "facebook": {"likes": 0, "shares": 0, "comments": 0}, "stumbledupon": {"shares": 0}}, "site_full": "www.telegraph.co.uk", "main_image": "http://i.telegraph.co.uk/multimedia/archive/03472/op_3472718k.jpg", "site_section": "http://www.telegraph.co.uk/finance/personalfinance/offshorefinance/rss", "section_title": "Expat money: Offshore banking and finance - Telegraph", "url": "http://www.telegraph.co.uk/news/health/expat-health/11929080/Health-insurance-premiums-being-bumped-up-around-the-world.html", "country": "CH", "title": "Health insurance premiums being bumped up around the world", "performance_score": 0, "site": "telegraph.co.uk", "participants_count": 1, "title_full": "Health insurance premiums being bumped up around the world", "spam_score": 0.0, "site_type": "news", "published": "2015-10-16T12:19:00.000+03:00", "replies_count": 0, "uuid": "c03a2002eeee3da765a478ce315a957ed5afb7c5"}, "author": "Peter Pallot", "url": "http://www.telegraph.co.uk/news/health/expat-health/11929080/Health-insurance-premiums-being-bumped-up-around-the-world.html", "ord_in_thread": 0, "title": "Health insurance premiums being bumped up around the world", "locations": [], "entities": {"persons": [], "locations": [], "organizations": []}, "highlightText": "", "language": "english", "persons": [], "text": "Expat Health Health insurance premiums being bumped up around the world Tax rises relating to health cover are an additional burden on policyholders who for years have faced double-digit rises in premiums Cost of operations can vary widely: appendix removal averages $8,156 in the USA but $953 in Argentina Photo: Getty By Peter Pallot", "external_links": [], "published": "2015-10-16T12:19:00.000+03:00", "crawled": "2015-10-16T12:55:17.634+03:00", "highlightTitle": ""}