{"organizations": [], "uuid": "6394dfec7362b942303e06bad9c99875c4dcb141", "thread": {"social": {"gplus": {"shares": 0}, "pinterest": {"shares": 0}, "vk": {"shares": 0}, "linkedin": {"shares": 0}, "facebook": {"likes": 0, "shares": 0, "comments": 0}, "stumbledupon": {"shares": 0}}, "site_full": "www.reuters.com", "main_image": "", "site_section": "http://www.reuters.com/finance/personal-finance", "section_title": "Wealth, Personal Finance &amp; Money | Reuters.com", "url": "http://www.reuters.com/article/2015/10/14/usa-saudi-sikorsky-idUSL1N12E1SM20151014", "country": "US", "title": "U.S. okays $495 mln sale of Sikorsky helicopters to Saudi Arabia", "performance_score": 0, "site": "reuters.com", "participants_count": 1, "title_full": "U.S. okays $495 mln sale of Sikorsky helicopters to Saudi Arabia | Reuters", "spam_score": 0.0, "site_type": "news", "published": "2015-10-14T22:19:00.000+03:00", "replies_count": 0, "uuid": "6394dfec7362b942303e06bad9c99875c4dcb141"}, "author": "Reuters", "url": "http://www.reuters.com/article/2015/10/14/usa-saudi-sikorsky-idUSL1N12E1SM20151014", "ord_in_thread": 0, "title": "U.S. okays $495 mln sale of Sikorsky helicopters to Saudi Arabia", "locations": [], "entities": {"persons": [], "locations": [], "organizations": []}, "highlightText": "", "language": "english", "persons": [], "text": "WASHINGTON Oct 14 The U.S. government has approved the possible sale to Saudi Arabia of nine UH-60M Black Hawk helicopters built by Sikorsky Aircraft, a unit of United Technologies Corp, in a deal valued at $495 million, the Pentagon said on Wednesday.\nThe Pentagon's Defense Security Cooperation Agency said the deal would help improve the security of Saudi Arabia, a key U.S. ally that is fighting Iranian-allied Houthi rebels in Yemen and participating in coalition efforts to fight extremists in Syria.\nDSCA, which oversees foreign arms sales, said the Saudi government had requested the sale of nine helicopters, 21 T700-GE-701D engines built by General Electric Co , embedded GPS systems, machine guns and missile warning systems.\nDSCA said the Royal Saudi Land Forces Aviation Command (RSLFAC) planned to use the new helicopters for search and rescue, disaster relief, humanitarian support, counterterrorism, and combat operations.\nU.S. lawmakers have 30 days to block the sale, although such action is rare since arms sales are usually well vetted in advance of a formal notification to Congress. (Reporting by Andrea Shalal ; Editing by Christian Plumb )", "external_links": [], "published": "2015-10-14T22:19:00.000+03:00", "crawled": "2015-10-14T21:25:08.173+03:00", "highlightTitle": ""}