{"organizations": [], "uuid": "75cbc1e6ac2d656bff3cedf9777aabeae4c523a0", "thread": {"social": {"gplus": {"shares": 0}, "pinterest": {"shares": 0}, "vk": {"shares": 0}, "linkedin": {"shares": 0}, "facebook": {"likes": 0, "shares": 0, "comments": 0}, "stumbledupon": {"shares": 0}}, "site_full": "www.reuters.com", "main_image": "", "site_section": "http://www.reuters.com/finance/personal-finance", "section_title": "Wealth, Personal Finance &amp; Money | Reuters.com", "url": "http://www.reuters.com/article/2015/10/16/markets-stocks-canada-open-idUSL1N12G0S820151016", "country": "US", "title": "CANADA STOCKS-TSX opens higher as oil rally boosts energy stocks", "performance_score": 0, "site": "reuters.com", "participants_count": 1, "title_full": "CANADA STOCKS-TSX opens higher as oil rally boosts energy stocks | Reuters", "spam_score": 0.0, "site_type": "news", "published": "2015-10-16T17:38:00.000+03:00", "replies_count": 0, "uuid": "75cbc1e6ac2d656bff3cedf9777aabeae4c523a0"}, "author": "Reuters", "url": "http://www.reuters.com/article/2015/10/16/markets-stocks-canada-open-idUSL1N12G0S820151016", "ord_in_thread": 0, "title": "CANADA STOCKS-TSX opens higher as oil rally boosts energy stocks", "locations": [], "entities": {"persons": [], "locations": [], "organizations": []}, "highlightText": "", "language": "english", "persons": [], "text": "TORONTO Oct 16 Canada's main stock index rose in early trade on Friday, led by heavyweight financial and energy stocks as oil prices rallied.\nThe Toronto Stock Exchange's S&P/TSX composite index was up 59.14 points, or 0.43 percent, to 13,888.11 shortly after the open. Nine of its 10 main groups gained. (Reporting by Alastair Sharp ; Editing by Meredith Mazzilli)", "external_links": [], "published": "2015-10-16T17:38:00.000+03:00", "crawled": "2015-10-16T16:44:16.609+03:00", "highlightTitle": ""}