{"organizations": [], "uuid": "b0c5e6e9e7c995b763e4807abe3dc668045c9755", "thread": {"social": {"gplus": {"shares": 0}, "pinterest": {"shares": 0}, "vk": {"shares": 0}, "linkedin": {"shares": 0}, "facebook": {"likes": 0, "shares": 0, "comments": 0}, "stumbledupon": {"shares": 0}}, "site_full": "uk.finance.yahoo.com", "main_image": "https://s1.yimg.com/bt/api/res/1.2/M7vS95b2fvSzHFeFStPk0A--/YXBwaWQ9eW5ld3NfbGVnbztxPTc1O3c9NjAw/http://l.yimg.com/os/mit/media/m/social/images/social_default_logo-1481777.png", "site_section": "https://uk.finance.yahoo.com/news/sector-basic-materials/?format=rss", "section_title": "Basic Resources News | Yahoo! Finance", "url": "https://uk.finance.yahoo.com/news/indias-sept-fuel-demand-rises-073350192.html", "country": "US", "title": "India's Sept fuel demand rises at fastest pace in a decade", "performance_score": 0, "site": "yahoo.com", "participants_count": 0, "title_full": "India's Sept fuel demand rises at fastest pace in a decade", "spam_score": 0.0, "site_type": "news", "published": "2015-10-16T10:43:00.000+03:00", "replies_count": 0, "uuid": "b0c5e6e9e7c995b763e4807abe3dc668045c9755"}, "author": "", "url": "https://uk.finance.yahoo.com/news/indias-sept-fuel-demand-rises-073350192.html", "ord_in_thread": 0, "title": "India's Sept fuel demand rises at fastest pace in a decade", "locations": ["India"], "entities": {"persons": [], "locations": [], "organizations": []}, "highlightText": "", "language": "english", "persons": [], "text": "Tip : Use comma (,) to separate multiple quotes. Learn more... \nFri, Oct 16, 2015, 08:56 BST - UK Markets close in 7 hrs 34 mins Oil firm executives call for effective climate change agreement Reuters - UK Focus – 18 minutes ago 15.69 +0.1500 \nPARIS, Oct (HKSE: 3366-OL.HK - news ) 16 (Reuters) - Executives of ten of the world's largest global oil and gas companies called on Friday for an effective climate change agreement in December, saying they recognised the ambition to limit global warming to 2 degrees Celsius. \nSome 200 nations will meet in Paris in December to try an reach an agreement to keep temperatures below a ceiling of 2 degrees Celsius (3.6 Fahrenheit) above pre-industrial levels. \n\"Our shared ambition is for a 2 degrees Celsius future. It is a challenge for the whole society. We are committed to playing our part,\" the chief executives said in a joint statement. (Reporting by Ron Bousso and Bate Felix; Editing by Ingrid Melander) Tax cuts, pensions, childcare, online accounts and beer duty, here's … Related Stock Articles Follow the quotes you care about most. Access timely news and investment updates to stay on top of the market. … More » Yahoo UK & Ireland Finance Terms \nQuotes are real-time for NASDAQ, NYSE, and NYSEAmex when available. See also delay times for other exchanges . Quotes and other information supplied by independent providers identified on the Yahoo! Finance partner page . Quotes are updated automatically, but will be turned off after 25 minutes of inactivity. Quotes are delayed at least 15 minutes. All information provided \"as is\" for informational purposes only, not intended for trading purposes or advice. Neither Yahoo! nor any of independent providers is liable for any informational errors, incompleteness, or delays, or for any actions taken in reliance on information contained herein. By accessing the Yahoo! site, you agree not to redistribute the information found therein. \nFundamental company data provided by Capital IQ . Historical chart data and daily updates provided by Commodity Systems, Inc. (CSI) . International historical chart data and daily updates provided by Morningstar, Inc . Yahoo! - News Network", "external_links": [], "published": "2015-10-16T10:43:00.000+03:00", "crawled": "2015-10-16T10:56:20.976+03:00", "highlightTitle": ""}