{"organizations": ["ET Integrated Asset Management Corp", "Integrated Asset Management Corp"], "uuid": "c116deb61c7c0fd653f82f14b46702f019cb85ed", "thread": {"social": {"gplus": {"shares": 0}, "pinterest": {"shares": 0}, "vk": {"shares": 0}, "linkedin": {"shares": 0}, "facebook": {"likes": 0, "shares": 0, "comments": 0}, "stumbledupon": {"shares": 0}}, "site_full": "www.marketwired.com", "main_image": "http://media3.marketwire.com/logos/20151015-IAM2.jpg", "site_section": "http://www.marketwire.com/rss/mwFSPF.xml", "section_title": "Marketwired - Personal Finance", "url": "http://www.marketwired.com/press-release/integrated-asset-management-corp-announces-385-million-first-close-integrated-private-tsx-iam-2064499.htm", "country": "CA", "title": "Integrated Asset Management Corp. Announces $ 385 Million First Close for Integrated Private Debt Fund V LP", "performance_score": 0, "site": "marketwired.com", "participants_count": 0, "title_full": "Integrated Asset Management Corp. Announces $ 385 Million First Close for Integrated Private Debt Fund V LP", "spam_score": 0.0, "site_type": "news", "published": "2015-10-16T14:30:00.000+03:00", "replies_count": 0, "uuid": "c116deb61c7c0fd653f82f14b46702f019cb85ed"}, "author": "", "url": "http://www.marketwired.com/press-release/integrated-asset-management-corp-announces-385-million-first-close-integrated-private-tsx-iam-2064499.htm", "ord_in_thread": 0, "title": "Integrated Asset Management Corp. Announces $ 385 Million First Close for Integrated Private Debt Fund V LP", "locations": [], "entities": {"persons": [], "locations": [], "organizations": []}, "highlightText": "", "language": "english", "persons": [], "text": "TSX : IAM October 16, 2015 07:30 ET Integrated Asset Management Corp. Announces $ 385 Million First Close for Integrated Private Debt Fund V LP \nTORONTO, ONTARIO--(Marketwired - Oct. 16, 2015) - Integrated Asset Management Corp. (\"IAM\") (TSX:IAM) and IAM Private Debt Group, its private corporate debt team, announce the first close of the fifth investment grade private corporate debt fund, with commitments of $ 385 million. The second and final close is expected on or around November 2, 2015. \nThe IAM Private Debt Group is Canada's leading independent manager of private debt funds. Fund V is the fifth investment grade senior secured private placement debt fund and brings the total capital raised by the group for private debt investments in the Canadian mid-market to over $ 2.1 billion since Fund I closed in October, 2004. \nInvestors in the fund include first-time participants and repeat investors, some of whom have been in every fund since Fund I. All have been drawn to the attractive risk-adjusted results, well above comparable public market returns. The first four funds had a composite 10 year annualized rate of return of 7.59 % to September 30, 2015. \nPhilip Robson, President of IAM Private Debt Group, said, \"Our investors continue to be drawn to the combination of enhanced yield, monthly distributions, diversification and reduced volatility. The funds make fixed rate, fixed term loans to mid-market businesses and projects across Canada. Typical uses of funds include refinancing existing debt, acquisitions, plant modernization or expansion, management buyouts and project financing. Our borrowers appreciate the fact that we often become a trusted advisor as well as a financing partner, working together to construct innovative, tailored financing solutions.\" \nJohn Robertson, President and CEO of IAM, said, \"We are pleased by the enthusiastic support of our current investors and welcome our new investors.\" \nIAM is one of Canada's leading alternative asset management companies, with approximately $ 2.1 billion in assets and committed capital under management in private corporate debt, real estate and managed futures. Contact Information President, IAM Private Debt Group416 367 3972", "external_links": [], "published": "2015-10-16T14:30:00.000+03:00", "crawled": "2015-10-16T14:58:47.030+03:00", "highlightTitle": ""}