Ticker,Name,Price,Dividend Yield,Market Cap ($M),Forward P/E Ratio,Payout Ratio,Beta
A,"Agilent Technologies, Inc.",80.77,0.008121827,24995.73036,23.76,0.192997941,1.165845794
AAL,"American Airlines Group, Inc.",28.74,0.013917884,12589.78692,8.09,0.112622125,1.570904061
AAP,"Advance Auto Parts, Inc.",157.08,0.001527884,10879.26655,25.27,0.03861563,0.680250464
AAPL,"Apple, Inc.",267.25,0.011225444,1187463.908,22.39,0.251378392,1.488606302
ABBV,"AbbVie, Inc.",87.73,0.048786048,129736.8786,40.23,1.962762542,0.889468866
ABC,AmerisourceBergen Corp.,87.91,0.018200432,18102.60302,21.61,0.393342675,0.803905086
ABMD,"ABIOMED, Inc.",196.18,N/A,8858.5079,40.11,N/A,1.319418221
ABT,Abbott Laboratories,85.45,0.01497952,151024.33,45.98,0.688727468,1.039833775
ACN,Accenture Plc,201.16,0.014515808,127749.2731,26.84,0.389619054,0.992820959
ADBE,"Adobe, Inc.",309.53,N/A,149836.9729,54.29,N/A,1.434857438
ADI,"Analog Devices, Inc.",112.95,0.018592297,41724.4077,30.68,0.570466152,1.368510315
ADM,Archer-Daniels-Midland Co.,42.93,0.032261822,23898.52998,20.29,0.654536862,0.832661054
ADP,"Automatic Data Processing, Inc.",170.78,0.018503338,73896.16444,31.24,0.578119283,1.010390645
ADS,Alliance Data Systems Corp.,106.91,0.023010008,4923.868342,-56.21,-1.293307397,1.270543708
ADSK,"Autodesk, Inc.",180.9,N/A,39723.4692,269.36,N/A,1.50348928
AEE,Ameren Corp.,74.33,0.025561684,18287.4099,22.75,0.581502112,0.306564259
AEP,"American Electric Power Co., Inc.",91.35,0.029337712,45122.5152,21.16,0.620686461,0.217179771
AES,The AES Corp.,18.91,0.028873612,12554.21663,24.69,0.7128868,0.665199921
AFL,"Aflac, Inc.",54.84,0.019511306,40253.54712,13.47,0.262892804,0.718488773
AGN,Allergan Plc,184.94,0.015897048,60711.54838,-6.64,-0.105567046,0.69508389
AIG,"American International Group, Inc.",52.66,0.024306874,45811.67232,25.7,0.624725462,0.950591221
AIV,Apartment Investment & Management Co.,53.77,0.029273091,8005.54645,23.07,0.675339648,0.487677393
AIZ,"Assurant, Inc.",132.87,0.018062768,8056.70532,31.88,0.575912461,0.766110646
AJG,Arthur J. Gallagher & Co.,93.27,0.018226654,17397.00021,25.09,0.457370389,0.784013298
AKAM,"Akamai Technologies, Inc.",87.12,N/A,14078.67912,31.24,N/A,1.083875096
ALB,Albemarle Corp.,65.38,0.021986846,6932.43754,12.1,0.266065744,1.48840578
ALGN,"Align Technology, Inc.",277.34,N/A,21857.99742,52.83,N/A,1.590953355
ALK,"Alaska Air Group, Inc.",69.01,0.019852195,8500.16873,13.93,0.276555372,0.952209409
ALL,The Allstate Corp.,111.35,0.017602155,36072.5006,13.81,0.243088715,0.710970651
ALLE,Allegion Plc,120.03,0.008497876,11152.82751,24.88,0.211451553,0.903485554
ALXN,"Alexion Pharmaceuticals, Inc.",113.94,N/A,25213.89654,17.34,N/A,1.352450166
AMAT,"Applied Materials, Inc.",57.9,0.01433506,53485.3566,20.01,0.286869664,1.610078818
AMCR,Amcor Plc,10.26,0.022904483,16622.6364,17.94,0.410839161,-0.057986324
AMD,"Advanced Micro Devices, Inc.",39.15,N/A,43598.6145,198.73,N/A,2.464701284
AME,"AMETEK, Inc.",99.01,0.005655994,22632.99293,26.5,0.149868865,1.104585682
AMG,"Affiliated Managers Group, Inc.",85.37,0.014759283,4206.367714,-29.17,-0.430504305,1.315408155
AMGN,"Amgen, Inc.",234.72,0.024156442,139466.8685,17.9,0.432359064,0.764461634
AMP,"Ameriprise Financial, Inc.",163.87,0.022822969,20761.67352,11.41,0.260411227,1.461693174
AMT,American Tower Corp.,214.03,0.016866794,94802.4482,59.02,0.995559968,0.253683483
AMZN,"Amazon.com, Inc.",1800.8,N/A,892831.2376,78.06,N/A,1.483146879
ANET,"Arista Networks, Inc.",195.13,N/A,14907.73687,19.31,N/A,1.445842034
ANSS,"ANSYS, Inc.",254.69,N/A,21796.7013,48.66,N/A,1.309923993
ANTM,"Anthem, Inc.",288.66,0.010912492,73193.78424,17.24,0.188109115,0.828332592
AON,Aon Plc,203.61,0.008251068,47672.63457,34.34,0.28330045,0.820895844
AOS,A. O. Smith Corp.,48.4,0.018181818,6633.6556,19.95,0.362647325,0.910134445
APA,Apache Corp.,22.28,0.044883303,8378.08208,-8.8,-0.395131974,1.448959405
APD,"Air Products & Chemicals, Inc.",236.33,0.019379681,52076.49715,29.62,0.573934837,0.813227339
APH,Amphenol Corp.,104,0.009038462,30835.168,26.36,0.238276299,1.136095446
APTV,Aptiv Plc,93.88,0.009373669,23966.43744,24.11,0.225971291,1.336291123
ARE,"Alexandria Real Estate Equities, Inc.",162.52,0.02424317,18714.34052,154.09,3.735659429,0.591365165
ARNC,"Arconic, Inc.",30.96,0.005167959,13628.22048,39.26,0.2028912,1.169349301
ATO,Atmos Energy Corp.,106.96,0.019633508,12765.03424,24.42,0.479419218,0.301718469
ATVI,"Activision Blizzard, Inc.",54.83,0.006200985,42123.6958,25.73,0.159549507,1.158250812
AVB,"AvalonBay Communities, Inc.",214.41,0.028123688,29944.92942,29.69,0.834867847,0.455185313
AVGO,"Broadcom, Inc.",316.21,0.030675817,125431.3369,42.63,1.307647717,1.262027685
AVY,Avery Dennison Corp.,130.37,0.016875048,10886.28611,46.4,0.782946012,0.981153694
AWK,"American Water Works Co., Inc.",121.03,0.01615302,21879.31928,34.52,0.557615516,0.256259334
AXP,American Express Co.,120.12,0.013320013,98290.71252,14.49,0.193001291,1.075296854
AZO,"AutoZone, Inc.",1177.92,N/A,28066.29984,18.14,N/A,0.449258268
BA,The Boeing Co.,366.18,0.021505817,206082.8084,55.1,1.185065912,1.086589713
BAC,Bank of America Corp.,33.32,0.018907563,299717.0652,12.19,0.23046532,1.174851537
BAX,"Baxter International, Inc.",81.97,0.009637672,41850.27532,27.07,0.260889667,0.874449938
BBT,BB&T Corp.,54.72,0.030427632,41932.10016,13.6,0.41372627,0.907848564
BBY,"Best Buy Co., Inc.",80.64,0.024181548,21254.52672,14.08,0.34049835,1.307222191
BDX,"Becton, Dickinson & Co.",258.5,0.011914894,69783.109,65.28,0.777777778,1.003446766
BEN,"Franklin Resources, Inc.",27.49,0.037831939,13691.9443,11.67,0.441388677,1.12725187
BF.B,Brown-Forman Corp.,67.82,0.009672663,32386.69498,39.5,0.382106244,0.713522758
BHGE,"Baker Hughes, a GE Co.",21.77,0.033073036,22348.38284,62.2,2.057142857,1.027432436
BIIB,"Biogen, Inc.",299.81,N/A,54098.31602,10.65,N/A,0.749382594
BK,The Bank of New York Mellon Corp.,48.97,0.023483766,45160.08503,12.67,0.297511254,0.807584632
BKNG,"Booking Holdings, Inc.",1904.03,N/A,79694.50847,19.11,N/A,1.071863437
BLK,"BlackRock, Inc.",494.91,0.026328019,76796.66943,18.92,0.498096301,1.223941715
BLL,Ball Corp.,66.06,0.007568877,21610.2078,39.61,0.299796139,0.673727456
BMY,Bristol-Myers Squibb Co.,56.94,0.028802248,92771.7726,16.36,0.471101919,0.846275851
BR,"Broadridge Financial Solutions, Inc.",123.71,0.016126425,14182.85666,30.97,0.499386718,0.884197247
BRK.B,"Berkshire Hathaway, Inc.",220.3,N/A,538726.026,20.05,N/A,0.892652432
BSX,Boston Scientific Corp.,43.25,N/A,60282.715,54.71,N/A,1.186622585
BWA,"BorgWarner, Inc.",42.05,0.016171225,8683.03065,11.47,0.185518634,1.358244958
BXP,"Boston Properties, Inc.",138.54,0.027428901,21421.33188,41.36,1.134328358,0.696286151
C,"Citigroup, Inc.",75.12,0.024760383,164001.2328,9.93,0.245846386,1.317584148
CAG,"Conagra Brands, Inc.",28.87,0.029442328,14049.70098,20.21,0.59515474,0.940546255
CAH,"Cardinal Health, Inc.",55.03,0.034795566,16095.61464,-3.92,-0.136307981,0.934164354
CAT,"Caterpillar, Inc.",144.73,0.024942997,79986.19234,13.62,0.33974552,1.366798109
CB,Chubb Ltd.,151.48,0.019540533,68651.03896,19.04,0.371957426,0.618721132
CBOE,"Cboe Global Markets, Inc.",118.9,0.010849453,13181.3729,31.18,0.338316286,0.352208039
CBRE,"CBRE Group, Inc.",57.02,N/A,19087.55904,18.53,N/A,1.250018433
CBS,CBS Corp.,40.38,0.017830609,15131.51664,5.19,0.092629521,0.970788515
CCI,Crown Castle International Corp.,133.66,0.033667515,55571.55088,67,2.255752168,0.35262692
CCL,Carnival Corp.,45.08,0.044365572,23750.44308,10.17,0.45136538,1.088286518
CDNS,"Cadence Design Systems, Inc.",70.25,N/A,19711.65825,44.89,N/A,1.369207518
CDW,CDW Corp.,135.05,0.008737505,19404.11905,27.82,0.243108492,1.168510042
CE,Celanese Corp.,125.57,0.018475751,15178.14818,17.42,0.321846734,1.182973983
CELG,Celgene Corp.,108.24,N/A,77001.936,12.98,N/A,0.022751889
CERN,Cerner Corp.,71.59,0.005028635,22486.20423,45.62,0.229387027,0.909329811
CF,"CF Industries Holdings, Inc.",46.21,0.025968405,10047.53272,21.07,0.547070891,1.12063452
CFG,"Citizens Financial Group, Inc. (Rhode Island)",38.46,0.033021321,17072.93244,10.12,0.334280901,1.128218097
CHD,"Church & Dwight Co., Inc.",70.24,0.012813212,17237.03648,28.18,0.36108325,0.341100725
CHRW,"C.H. Robinson Worldwide, Inc.",76.85,0.026024723,10393.9625,15.87,0.413043927,0.78422587
CHTR,"Charter Communications, Inc.",470.01,N/A,100948.7483,83.61,N/A,0.772449934
CI,Cigna Corp.,199.92,0.00020008,74655.126,17.38,0.003476991,0.90854811
CINF,Cincinnati Financial Corp.,107.05,0.020644559,17489.1867,19.04,0.393063584,0.712066338
CL,Colgate-Palmolive Co.,67.82,0.025066352,58124.72408,25.1,0.629163583,0.555291857
CLX,The Clorox Co.,148.23,0.027254942,18603.30969,23.18,0.631891765,0.462276668
CMA,"Comerica, Inc.",70.41,0.037068598,10149.88314,8.83,0.327494479,1.041636721
CMCSA,Comcast Corp.,44.15,0.018573046,200849.5807,16.16,0.300080509,0.786451756
CME,"CME Group, Inc.",202.73,0.014551374,72651.13372,35.5,0.516637478,0.41103832
CMG,"Chipotle Mexican Grill, Inc.",813.92,N/A,22622.9064,72.9,N/A,0.7900685
CMI,"Cummins, Inc.",182.86,0.025872252,28014.88344,11.33,0.293019194,1.186911728
CMS,CMS Energy Corp.,61.3,0.024551387,17399.5146,27.97,0.686775577,0.227348166
CNC,Centene Corp.,60.47,N/A,25022.24412,18.46,N/A,1.123737801
CNP,"CenterPoint Energy, Inc.",24.56,0.046416938,12335.06352,19.38,0.899479249,0.371559075
COF,Capital One Financial Corp.,100.01,0.0159984,46576.75721,8.83,0.141261643,1.231522959
COG,Cabot Oil & Gas Corp.,15.94,0.020075282,6502.3245,8.36,0.167794033,0.634087998
COO,"The Cooper Cos., Inc.",313.09,0.000191638,15521.12366,34.63,0.0066357,0.900526678
COP,ConocoPhillips,59.94,0.020353687,65770.3638,8.11,0.165058921,1.089768175
COST,Costco Wholesale Corp.,299.81,0.008138488,131813.5652,36.01,0.293103655,0.826508663
COTY,"Coty, Inc.",11.54,0.043327556,8746.07368,-2.33,-0.100995819,1.179141606
CPB,Campbell Soup Co.,46.57,0.030062272,14026.27859,52.5,1.578354002,0.465390253
CPRI,Capri Holdings Ltd.,37.14,N/A,5631.7239,16.54,N/A,1.482613038
CPRT,"Copart, Inc.",89,N/A,20688.406,29.39,N/A,0.853115882
CRM,"salesforce.com, inc.",162.89,N/A,126871.4374,132.01,N/A,1.319458966
CSCO,"Cisco Systems, Inc.",45.31,0.030456853,192216.8006,17.84,0.543307087,1.244508688
CSX,CSX Corp.,71.54,0.013139502,55632.15098,16.96,0.222854433,1.058402421
CTAS,Cintas Corp.,257.06,0.009919863,26605.71,29.5,0.292666131,1.011089213
CTL,"CenturyLink, Inc.",14.49,0.089026915,15797.4327,-1.96,-0.17432668,0.978693805
CTSH,Cognizant Technology Solutions Corp.,64.11,0.012478552,35104.45626,17.35,0.216561544,0.930569798
CTVA,"Corteva, Inc.",26.02,0.009992314,19473.39402,-14.22,-0.142099798,-0.088001286
CTXS,"Citrix Systems, Inc.",112.81,0.012410247,14690.1182,23.17,0.287580625,0.6032419
CVS,CVS Health Corp.,75.27,0.026571011,97923.2592,22.24,0.590824496,0.826987566
CVX,Chevron Corp.,117.13,0.04004098,221477.6031,16.68,0.667748733,0.840241126
CXO,"Concho Resources, Inc.",72.56,0.005168137,14586.66424,11.41,0.058954848,1.456763909
D,"Dominion Energy, Inc.",83.11,0.043165684,68407.25923,60.66,2.618613139,0.281138528
DAL,"Delta Air Lines, Inc.",57.31,0.025344617,37064.84133,8.03,0.203596759,1.099857917
DD,"DuPont de Nemours, Inc.",64.81,0.046289153,48011.70167,61.34,2.839295855,1.195362088
DE,Deere & Co.,168.05,0.018089854,52914.40765,16.36,0.296004907,1.274465003
DFS,Discover Financial Services,84.87,0.019323671,26604.02916,9.57,0.18498466,1.277442778
DG,Dollar General Corp.,157.36,0.007752923,40452.22048,25.18,0.1952,0.799916487
DGX,"Quest Diagnostics, Inc.",106.55,0.019896762,14351.96535,19.71,0.392178626,0.69242001
DHI,"D.R. Horton, Inc.",55.35,0.010840108,20396.08755,12.73,0.137969095,0.709388941
DHR,Danaher Corp.,145.98,0.00458967,104854.6604,42.78,0.196360013,0.936555961
DIS,The Walt Disney Co.,151.58,0.01161103,273207.792,21.67,0.251590308,0.835979267
DISCA,"Discovery, Inc.",32.94,N/A,17303.90904,10.57,N/A,0.795127932
DISCK,"Discovery, Inc.",30.52,N/A,16032.64432,9.79,N/A,0.782008248
DISH,DISH Network Corp.,34.17,N/A,17318.83242,11.91,N/A,1.151876375
DLR,"Digital Realty Trust, Inc.",120.95,0.035138487,25244.684,120.79,4.244482173,0.509525807
DLTR,"Dollar Tree, Inc.",91.46,N/A,21641.7225,-13.59,N/A,0.603879176
DOV,Dover Corp.,111.48,0.017312522,16194.25368,24.89,0.430967108,1.107655621
DOW,"Dow, Inc.",53.37,0.039347948,39573.64152,N/A,N/A,-0.052578232
DRE,Duke Realty Corp.,35.18,0.024445708,13041.64816,31.47,0.769368402,0.63751672
DRI,"Darden Restaurants, Inc.",118.44,0.026426883,14520.98088,20.34,0.537403636,0.679011201
DTE,DTE Energy Co.,124.94,0.030254522,24001.5987,20.89,0.632117594,0.26815348
DUK,Duke Energy Corp.,88.17,0.042276284,64609.47711,18.24,0.77100484,0.254025658
DVA,"DaVita, Inc.",71.77,N/A,9308.569,27.65,N/A,0.996306467
DVN,Devon Energy Corp.,21.89,0.015989036,8471.43,6.79,0.108490127,1.564181217
DXC,DXC Technology Co.,37.33,0.021430485,9556.40534,-7.65,-0.163934426,1.566566521
EA,"Electronic Arts, Inc.",101.01,N/A,29492.79879,10.93,N/A,1.043951755
EBAY,"eBay, Inc.",35.52,0.011824324,28896.408,15.94,0.188535261,1.015407317
ECL,"Ecolab, Inc.",186.67,0.009856967,53806.50748,35.28,0.347740631,0.804660374
ED,"Consolidated Edison, Inc.",86.89,0.03377834,28884.8427,20.41,0.689549854,0.237825115
EFX,"Equifax, Inc.",139.64,0.011171584,16908.03012,-44.05,-0.492098041,0.890689283
EIX,Edison International,69.1,0.035455861,24779.3291,-70.95,-2.515658692,0.424152789
EL,"The Estée Lauder Companies, Inc.",195.47,0.008799304,70332.82577,37.63,0.331157704,1.102057255
EMN,Eastman Chemical Co.,78.37,0.031644762,10656.67423,14.09,0.44576256,1.336497511
EMR,Emerson Electric Co.,73.86,0.026536691,44992.11444,19.72,0.523322564,1.185341066
EOG,"EOG Resources, Inc.",70.9,0.014315938,41247.0676,13.68,0.195911907,1.24640834
EQIX,"Equinix, Inc.",566.85,0.017041545,48340.40115,95.56,1.628565648,0.574695732
EQR,Equity Residential,85.1,0.026351351,31602.2254,38.69,1.019503546,0.406141929
ES,Eversource Energy,82.64,0.02553243,26755.60904,29.69,0.75814739,0.240102214
ESS,"Essex Property Trust, Inc.",312.18,0.02469729,20629.47876,48.02,1.185861942,0.422429631
ETFC,E*TRADE Financial Corp.,44.3,0.012641084,10008.0788,10.68,0.135037376,1.356863396
ETN,Eaton Corp. Plc,92.5,0.030162162,38239.5,16.37,0.493770353,1.19260818
ETR,Entergy Corp.,116.39,0.031274164,23173.48178,28.78,0.900187951,0.226666143
EVRG,"Evergy, Inc.",63.27,0.03003003,14897.99709,24.32,0.730347876,0.185171913
EW,Edwards Lifesciences Corp.,244.94,N/A,51087.1358,66.03,N/A,1.170885634
EXC,Exelon Corp.,44.4,0.032263514,43161.6396,18.64,0.601309659,0.303128387
EXPD,"Expeditors International of Washington, Inc.",74.76,0.01270733,12731.70276,20.27,0.257606161,1.062302359
EXPE,"Expedia Group, Inc.",101.66,0.012787724,14767.94488,29.73,0.380205896,0.810095703
EXR,"Extra Space Storage, Inc.",106.05,0.033191891,14373.62896,33.1,1.098661007,0.241234596
F,Ford Motor Co.,9.06,0.066225166,35923.353,22.02,1.458080194,0.978794431
FANG,"Diamondback Energy, Inc.",77.34,0.0080812,12462.72228,11.14,0.089992801,1.2757127
FAST,Fastenal Co.,35.52,0.02393018,20371.67904,26.05,0.623395673,1.241558277
FB,"Facebook, Inc.",201.64,N/A,575172.0508,32.02,N/A,1.265336679
FBHS,"Fortune Brands Home & Security, Inc.",63.26,0.013594689,8802.69226,21.46,0.291703412,1.236744859
FCX,"Freeport-McMoRan, Inc.",11.38,0.017574692,16511.3558,-135.64,-2.383790226,1.606124774
FDX,FedEx Corp.,160.05,0.016244923,41758.6455,93.75,1.522961575,1.423124116
FE,FirstEnergy Corp.,47.69,0.031453135,25767.47928,22.47,0.706813684,0.37197282
FFIV,"F5 Networks, Inc.",145.71,N/A,8858.29374,20.45,N/A,1.162622555
FIS,"Fidelity National Information Services, Inc.",138.15,0.009916757,84906.99,64.2,0.6366171,0.832137911
FISV,"Fiserv, Inc.",116.24,N/A,79030.9948,52.81,N/A,1.016541616
FITB,Fifth Third Bancorp,30.19,0.030473667,21424.84673,9.69,0.295402004,1.024954533
FLIR,"FLIR Systems, Inc.",53.56,0.012509335,7185.23468,27.1,0.339017356,1.025238488
FLS,Flowserve Corp.,48.7,0.015605749,6372.882,25.82,0.402969247,1.53927262
FLT,"FleetCor Technologies, Inc.",306.92,N/A,26634.82452,27.69,N/A,0.898726221
FMC,FMC Corp.,97.96,0.016333197,12697.0854,24.19,0.395032467,1.142517128
FOX,Fox Corp.,34.98,0.013150372,21711.5613,14.61,0.192098889,-0.052288622
FOXA,Fox Corp.,35.76,0.012863535,22195.6956,14.93,0.192098889,0.107453637
FRC,"First Republic Bank (San Francisco, California)",109.9,0.006733394,18520.5678,21.3,0.143410853,0.982642213
FRT,Federal Realty Investment Trust,132.07,0.031119861,10057.08018,39.23,1.220852517,0.526862236
FTI,TechnipFMC Plc,18.84,0.027600849,8422.7046,-3.77,-0.103962573,1.373833938
FTNT,"Fortinet, Inc.",105.11,N/A,17977.38374,45.55,N/A,1.205163024
FTV,Fortive Corp.,72.17,0.003879728,24234.97468,9.33,0.036209862,1.107575923
GD,General Dynamics Corp.,181.74,0.02195444,52578.47244,15.59,0.342312972,0.908865864
GE,General Electric Co.,11.27,0.003549246,98427.1085,361.22,1.282051282,1.337347049
GILD,"Gilead Sciences, Inc.",67.24,0.036585366,85068.686,31.85,1.165324491,0.815150037
GIS,"General Mills, Inc.",53.32,0.03675919,32226.28808,17.12,0.629496403,0.425002925
GL,"Globe Life, Inc.",102.76,0.006593032,11127.67488,15.3,0.10089803,0.921033197
GLW,"Corning, Inc.",29.04,0.026859504,22334.9544,20.21,0.542873051,1.262223925
GM,General Motors Co.,36,0.042222222,51436.08,5.79,0.24466407,1.098469479
GOOG,"Alphabet, Inc.",1304.96,N/A,900061.2967,27.78,N/A,1.217684408
GOOGL,"Alphabet, Inc.",1304.09,N/A,899461.2374,27.76,N/A,1.211695535
GPC,Genuine Parts Co.,104.37,0.028815752,15164.23041,19.07,0.54959614,0.774956199
GPN,"Global Payments, Inc.",181.1,0.000220872,54429.2428,72.53,0.016020506,1.13334403
GPS,"Gap, Inc.",16.61,0.058398555,6241.83868,7.76,0.453038158,1.160053996
GRMN,Garmin Ltd.,97.69,0.022520217,18571.16207,23.66,0.532868285,0.810997948
GS,"The Goldman Sachs Group, Inc.",221.35,0.016715609,78377.15745,9.8,0.163870533,1.144772474
GWW,"W.W. Grainger, Inc.",316.95,0.017668402,17072.8287,18.41,0.325237249,1.063396333
HAL,Halliburton Co.,20.99,0.034302049,18425.10596,15.46,0.530464894,1.339973753
HAS,"Hasbro, Inc.",101.7,0.026253687,13915.9161,49.1,1.289107764,1.067473196
HBAN,"Huntington Bancshares, Inc.",14.89,0.038280725,15377.7964,11.49,0.439916647,1.023712457
HBI,"Hanesbrands, Inc.",15.07,0.0398142,5450.77379,9.42,0.375211056,1.170316306
HCA,"HCA Healthcare, Inc.",138.66,0.011178422,47030.42148,13.59,0.151895261,0.964914557
HCP,"Healthpeak Properties, Inc.",35.78,0.04136389,17708.73852,20.36,0.842009444,0.253033233
HD,"The Home Depot, Inc.",220.51,0.023173552,240538.9233,21.83,0.505805379,0.917161085
HES,Hess Corp.,62.09,0.016105653,18919.19554,-91.2,-1.468860165,1.606227887
HFC,HollyFrontier Corp.,51.55,0.025606208,8319.6545,10.19,0.260988196,1.308939348
HIG,"The Hartford Financial Services Group, Inc.",61.86,0.019398642,22295.64306,13.04,0.25287647,0.707498017
HII,"Huntington Ingalls Industries, Inc.",251.67,0.013668693,10293.40367,17.22,0.23533275,0.96973665
HLT,"Hilton Worldwide Holdings, Inc.",105,0.005714286,29627.115,32.74,0.187084905,1.00791406
HOG,"Harley-Davidson, Inc.",36.38,0.041094008,5613.14296,14.04,0.576774691,1.317087787
HOLX,"Hologic, Inc.",51.32,N/A,13718.14392,-340.77,N/A,0.932443006
HON,"Honeywell International, Inc.",178.55,0.018370204,127579.8672,20.59,0.378180812,1.013717072
HP,"Helmerich & Payne, Inc.",39.53,0.071844169,4286.90991,-118.5,-8.513189448,1.217295935
HPE,Hewlett-Packard Enterprise Co.,15.83,0.028427037,20484.02,20.21,0.574565884,1.342980772
HPQ,"HP, Inc.",20.08,0.031912351,29756.7528,9.65,0.308076923,1.210943349
HRB,"H&R Block, Inc.",24.38,0.0414274,4893.5536,11.56,0.478718362,0.615697966
HRL,Hormel Foods Corp.,44.53,0.018863687,23777.6841,24.31,0.458590381,0.50782934
HSIC,"Henry Schein, Inc.",68.9,N/A,10110.386,20.66,N/A,0.731964416
HST,"Host Hotels & Resorts, Inc.",17.49,0.045740423,12543.44322,11.25,0.514601827,0.922138428
HSY,The Hershey Co.,148.16,0.019836663,21973.31328,23.65,0.469046745,0.264295279
HUM,"Humana, Inc.",341.23,0.006300736,45187.72398,18.05,0.113708483,0.80065221
IBM,International Business Machines Corp.,134.45,0.047452585,119073.8947,15.53,0.736822654,1.022176808
ICE,"Intercontinental Exchange, Inc.",94.17,0.011309334,52438.5645,25.41,0.287348569,0.5967323
IDXX,"IDEXX Laboratories, Inc.",251.58,N/A,21581.28714,51.32,N/A,1.157662451
IEX,IDEX Corp.,162.74,0.011859408,12378.0044,28.85,0.342162181,1.075482733
IFF,"International Flavors & Fragrances, Inc.",141.23,0.020817107,15079.97448,41.25,0.858770264,0.772102508
ILMN,"Illumina, Inc.",320.76,N/A,47151.72,48.45,N/A,1.378700747
INCY,Incyte Corp.,94.16,N/A,20281.78152,49.9,N/A,0.983315578
INFO,IHS Markit Ltd.,72.65,N/A,29131.7782,75.68,N/A,0.937289114
INTC,Intel Corp.,58.05,0.021447028,252517.5,13.42,0.287921186,1.255785846
INTU,"Intuit, Inc.",258.89,0.00749353,67389.067,42.59,0.319120937,1.187340846
IP,International Paper Co.,46.34,0.043159258,18170.65544,13.35,0.576368876,1.191561124
IPG,"Interpublic Group of Cos., Inc.",22.4,0.040848214,8685.1968,13.2,0.539155029,0.841290383
IPGP,IPG Photonics Corp.,142.09,N/A,7540.7163,28.99,N/A,1.992945042
IQV,"IQVIA Holdings, Inc.",145.98,N/A,28325.66724,117.8,N/A,1.092633266
IR,Ingersoll-Rand Plc,131.11,0.016169629,31413.56267,23.22,0.375453821,0.981273909
IRM,"Iron Mountain, Inc.",32.12,0.076089664,9223.03316,27.59,2.09947599,0.526256431
ISRG,"Intuitive Surgical, Inc.",592.9,N/A,68523.8246,51.91,N/A,1.397893228
IT,"Gartner, Inc.",160.46,N/A,14353.62838,57.95,N/A,0.992844833
ITW,"Illinois Tool Works, Inc.",174.33,0.023346527,56030.70798,22.85,0.533427699,1.217732376
IVZ,Invesco Ltd.,17.56,0.069476082,7970.37864,15.05,1.045953361,1.279520699
JBHT,"J.B. Hunt Transport Services, Inc.",115.62,0.008822003,12322.54836,27.11,0.239150313,0.997799148
JCI,Johnson Controls International Plc,42.83,0.024282045,33039.9186,74.05,1.798063624,0.834188305
JEC,"Jacobs Engineering Group, Inc.",92.09,0.007384081,12234.61695,-137.02,-1.011754203,1.005013616
JKHY,"Jack Henry & Associates, Inc.",151.94,0.010333026,11689.80778,42.18,0.435856861,0.81749475
JNJ,Johnson & Johnson,137.49,0.026911048,361855.8063,25.9,0.69706104,0.604548836
JNPR,"Juniper Networks, Inc.",25.06,0.029928172,8387.75742,23.43,0.701327847,1.0473158
JPM,JPMorgan Chase & Co.,131.76,0.025045537,413263.9224,12.96,0.324697687,0.991874917
JWN,"Nordstrom, Inc.",38.17,0.038773906,5923.984,11.02,0.427116101,1.141650241
K,Kellogg Co.,65.12,0.034551597,22212.04128,30.37,1.049293476,0.4903471
KEY,KeyCorp,19.39,0.035843218,19098.33562,11.93,0.427613364,1.108316582
KEYS,"Keysight Technologies, Inc.",107.03,N/A,20076.47334,32.32,N/A,1.515261972
KHC,The Kraft Heinz Co.,30.5,0.059836066,37245.38,-3.42,-0.204924936,0.488269484
KIM,Kimco Realty Corp.,21.62,0.051803885,9128.67746,28.82,1.493134249,0.634264554
KLAC,KLA Corp.,163.86,0.018308312,25856.12484,22.76,0.416718757,1.522265044
KMB,Kimberly-Clark Corp.,136.34,0.029998533,46738.17004,23.22,0.696561473,0.483310389
KMI,"Kinder Morgan, Inc.",19.61,0.045894952,44416.0617,21.6,0.991407799,0.821344403
KMX,"CarMax, Inc.",97.26,N/A,15992.4618,18.53,N/A,0.811719456
KO,The Coca-Cola Co.,53.4,0.029775281,228791.766,29.51,0.878744335,0.445094282
KR,The Kroger Co.,27.34,0.021214338,21916.31814,13.35,0.28310636,0.649948475
KSS,Kohl's Corp.,47.01,0.055732823,7480.56027,10.76,0.599775656,1.219496072
KSU,Kansas City Southern,152.42,0.009447579,15107.8704,26.68,0.252021422,0.996837585
L,Loews Corp.,50.9,0.004911591,15139.6451,28.3,0.13898927,0.878055919
LB,"L Brands, Inc.",19.14,0.078369906,5290.14288,N/A,N/A,1.40668191
LDOS,"Leidos Holdings, Inc.",90.84,0.014310876,12859.67376,19.56,0.279931094,0.972977116
LEG,"Leggett & Platt, Inc.",52.32,0.029816514,6885.46896,23.47,0.699834014,1.089278522
LEN,Lennar Corp.,59.65,0.002682313,18945.97335,9.83,0.026363052,0.712033708
LH,Laboratory Corp. of America Holdings,172.29,N/A,16729.359,22.49,N/A,0.77746296
LHX,"L3Harris Technologies, Inc.",201.09,0.013948978,44453.96085,24.64,0.343640507,0.536978306
LIN,Linde Plc,206.21,0.016730517,110771.063,21.08,0.352742702,0.777264289
LKQ,LKQ Corp.,35.28,N/A,10811.97936,24.92,N/A,0.960571548
LLY,Eli Lilly & Co.,117.35,0.021282488,112671.3729,26.38,0.561362104,0.672339918
LMT,Lockheed Martin Corp.,391.03,0.022504667,110298.2231,18.45,0.415252998,0.759803259
LNC,Lincoln National Corp.,59.05,0.025063506,11711.44555,14.36,0.359939686,1.43054861
LNT,Alliant Energy Corp.,53,0.026415094,12965.284,23.73,0.626706657,0.256698007
LOW,"Lowe's Cos., Inc.",117.31,0.01756031,90094.08,31,0.544426238,1.037760614
LRCX,Lam Research Corp.,266.83,0.016677285,38711.42957,18.83,0.314108039,1.577742595
LUV,Southwest Airlines Co.,57.64,0.011797363,30334.54864,12.88,0.151924753,1.002384027
LVS,Las Vegas Sands Corp.,62.75,0.04876494,48194.32175,25.48,1.242488225,1.430158382
LW,"Lamb Weston Holdings, Inc.",83.98,0.009421886,12266.37074,25.82,0.243259446,0.343586654
LYB,LyondellBasell Industries NV,92.54,0.044305165,30853.85394,9.69,0.429207014,1.173680273
M,"Macy's, Inc.",15.32,0.098563969,4733.88,4.9,0.483432047,1.18648163
MA,"Mastercard, Inc.",292.23,0.00451699,294699.0513,43.14,0.194842576,1.300549694
MAA,"Mid-America Apartment Communities, Inc.",136.11,0.028212475,15525.52326,59.24,1.671381937,0.439687024
MAC,Macerich Co.,26.93,0.111399926,4084.748809,29.88,3.328894807,0.775751315
MAR,"Marriott International, Inc.",140.36,0.012681676,45888.87732,33.51,0.424912272,1.136993984
MAS,Masco Corp.,46.55,0.010633727,13224.855,18.31,0.194743882,1.046836781
MCD,McDonald's Corp.,194.48,0.023858494,146461.5266,25.27,0.602973282,0.416913055
MCHP,"Microchip Technology, Inc.",94.54,0.015453776,22592.98012,58.47,0.903636813,1.641322134
MCK,McKesson Corp.,144.64,0.010923673,26062.39232,-41.45,-0.452838841,0.738164827
MCO,Moody's Corp.,226.67,0.008558698,42795.296,32.77,0.280452193,1.184171075
MDLZ,"Mondelez International, Inc.",52.54,0.02027027,75648.1428,19.18,0.388842236,0.580895441
MDT,Medtronic Plc,111.39,0.01867313,149304.9282,31.99,0.597409312,0.666251616
MET,"MetLife, Inc.",49.91,0.034462032,45898.78321,6.61,0.227663799,1.066825156
MGM,MGM Resorts International,31.95,0.015962441,16453.7388,2402.26,38.34586466,1.394976984
MHK,"Mohawk Industries, Inc.",139.37,N/A,9981.95814,14.37,N/A,0.972662001
MKC,"McCormick & Co., Inc.",169.25,0.013175775,22495.356,31.84,0.419472556,0.403196673
MKTX,"MarketAxess Holdings, Inc.",403.82,0.004828884,15314.46968,74.61,0.36027048,0.552155509
MLM,"Martin Marietta Materials, Inc.",268.4,0.007414307,16775.2684,29.24,0.216768515,0.598747026
MMC,"Marsh & McLennan Cos., Inc.",108.07,0.016100675,54539.47076,36.28,0.584127837,0.811132563
MMM,3M Co.,169.77,0.03345703,97626.40827,19.84,0.663869377,1.084307792
MNST,Monster Beverage Corp.,59.82,N/A,32164.13724,29.92,N/A,0.872556662
MO,"Altria Group, Inc.",49.7,0.065191147,92846.061,52.45,3.419164204,0.653868523
MOS,The Mosaic Co.,19.05,0.007874016,7239.8763,-216.23,-1.70261067,1.311128553
MPC,Marathon Petroleum Corp.,60.64,0.033806069,39374.88608,12.86,0.434893292,1.315560279
MRK,"Merck & Co., Inc.",87.18,0.025235146,221958.5364,24.14,0.609283261,0.671163799
MRO,Marathon Oil Corp.,11.65,0.017167382,9319.17285,10.72,0.184043434,1.551519185
MS,Morgan Stanley,49.48,0.025262732,80088.328,10.43,0.263474064,1.250456363
MSCI,"MSCI, Inc.",259.19,0.00933678,21955.20733,37.22,0.347531378,1.314011643
MSFT,Microsoft Corp.,151.38,0.012485137,1154849.258,28.24,0.35261194,1.298631332
MSI,"Motorola Solutions, Inc.",167.3,0.013628213,28664.5128,26.28,0.358214583,0.876334205
MTB,M&T Bank Corp.,164.74,0.024280685,21742.62589,11.83,0.287302659,0.901128427
MTD,"Mettler-Toledo International, Inc.",719.41,N/A,17520.65502,32.43,N/A,1.206106126
MU,"Micron Technology, Inc.",47.51,N/A,52595.9455,8.44,N/A,1.958444566
MXIM,"Maxim Integrated Products, Inc.",56.67,0.032821599,15335.41203,20.09,0.659270549,1.424171404
MYL,Mylan NV,18.78,N/A,9692.97774,213.9,N/A,1.587408686
NBL,"Noble Energy, Inc.",20.76,0.022157996,9929.46648,-8.8,-0.194898737,1.490791041
NCLH,Norwegian Cruise Line Holdings Ltd.,53.64,N/A,11412.33912,12.04,N/A,1.169286931
NDAQ,"Nasdaq, Inc.",104.8,0.017366412,17178.292,32.85,0.570550801,0.82825312
NEE,"NextEra Energy, Inc.",233.82,0.020785219,114285.6043,34.88,0.724940334,0.223930422
NEM,Newmont Goldcorp Corp.,38.4,0.014583333,31481.8176,13.76,0.200709652,-0.105437773
NFLX,"Netflix, Inc.",314.66,N/A,137900.0597,97.16,N/A,1.509029624
NI,"NiSource, Inc.",26.45,0.030056711,9880.2388,21.43,0.64419415,0.372690317
NKE,"NIKE, Inc.",93.49,0.009412771,145940.6947,34.06,0.320606237,1.09405271
NLSN,Nielsen Holdings Plc,19.55,0.071611253,6956.0855,-5.53,-0.395849238,1.021984115
NOC,Northrop Grumman Corp.,351.77,0.014327544,59284.85341,18.05,0.258571597,0.796724935
NOV,"National Oilwell Varco, Inc.",22.55,0.00886918,8700.5116,-1.51,-0.013405994,1.276759949
NRG,"NRG Energy, Inc.",39.73,0.003020388,9995.82962,17.28,0.052189797,0.758373861
NSC,Norfolk Southern Corp.,193.5,0.017881137,50454.5445,18.71,0.334529001,1.113052695
NTAP,"NetApp, Inc.",60.59,0.029047698,13828.21334,14.86,0.431658205,1.512866705
NTRS,Northern Trust Corp.,107.24,0.022845953,22722.22568,15.87,0.362586947,1.183619678
NUE,Nucor Corp.,56.36,0.028388928,17089.1974,9.61,0.27284199,1.165671152
NVDA,NVIDIA Corp.,216.74,0.002952847,132644.88,54.74,0.161644735,2.013805139
NVR,"NVR, Inc.",3791.89,N/A,14011.03355,16.08,N/A,0.527571698
NWL,"Newell Brands, Inc.",19.22,0.047866805,8137.748,-10,-0.478643151,1.133053124
NWS,News Corp.,13.17,0.015186029,7746.42279,-44.7,-0.678886626,0.941601729
NWSA,News Corp.,12.88,0.01552795,7575.84856,-43.72,-0.678886626,0.944670567
O,Realty Income Corp.,76.63,0.035201618,24974.4833,59.6,2.097915695,0.391960112
OKE,"ONEOK, Inc.",71.05,0.048838846,29349.68925,23.45,1.145214521,0.939609737
OMC,"Omnicom Group, Inc.",79.48,0.032083543,17305.33936,13.3,0.426806816,0.727441875
ORCL,Oracle Corp.,56.14,0.015318846,184280.6728,17.8,0.272643693,1.018145707
ORLY,"O'Reilly Automotive, Inc.",442.28,N/A,33462.46252,25.21,N/A,0.610528995
OXY,Occidental Petroleum Corp.,38.57,0.081151154,34455.23669,25.05,2.032467532,0.93777218
PAYX,"Paychex, Inc.",86.12,0.027403623,30826.13728,29.32,0.80359575,0.893083234
PBCT,"People's United Financial, Inc.",16.5,0.042727273,7328.046,12.54,0.535836437,0.956315024
PCAR,"PACCAR, Inc.",81.37,0.015730613,28143.76738,11.61,0.182664041,1.072194662
PEG,"Public Service Enterprise Group, Inc.",59.31,0.031360647,29994.60906,20.6,0.645923045,0.35530093
PEP,"PepsiCo, Inc.",135.83,0.027718472,189405.4269,15.4,0.426957883,0.524984447
PFE,Pfizer Inc.,38.52,0.037383178,213174.3024,13.24,0.494845361,0.722455628
PFG,"Principal Financial Group, Inc.",55.1,0.03938294,15299.7272,11.59,0.456534545,1.186045618
PG,Procter & Gamble Co.,122.06,0.023973456,304394.4486,75.81,1.817515528,0.545132915
PGR,Progressive Corp.,73.05,0.037152635,42707.2215,13.57,0.504292244,0.872960408
PH,Parker-Hannifin Corp.,198.79,0.016499824,25537.55735,17.37,0.286655655,1.390139562
PHM,"PulteGroup, Inc.",39.65,0.0110971,10745.15,12.06,0.133836233,0.652110259
PKG,Packaging Corporation of America,111.9,0.0282395,10592.2302,13.86,0.391297349,1.099855747
PKI,"PerkinElmer, Inc. (United States)",92.9,0.003013994,10321.2829,43.9,0.132325142,1.335713939
PLD,"Prologis, Inc.",91.55,0.022610595,57836.5294,32.42,0.732924973,0.767060709
PM,"Philip Morris International, Inc.",82.93,0.055347884,129029.1284,17.27,0.955772114,0.65726974
PNC,"The PNC Financial Services Group, Inc.",153.21,0.026107956,67132.0257,13.65,0.356245881,0.945212516
PNR,Pentair Plc,44.35,0.016121759,7454.92455,21.54,0.347340296,1.208251536
PNW,Pinnacle West Capital Corp.,87.39,0.033756723,9823.59729,19.63,0.662668194,0.24582264
PPG,"PPG Industries, Inc.",128.84,0.015135051,30465.89292,25.29,0.382788269,0.923551354
PPL,PPL Corp.,34.03,0.048413165,24604.81299,13.65,0.660611893,0.439198716
PRGO,Perrigo Co. Plc,51.23,0.01561585,6972.9153,28.25,0.441184581,1.439546567
PRU,"Prudential Financial, Inc.",93.62,0.041657765,37635.24,9.89,0.412022608,1.227727572
PSA,Public Storage,210.68,0.03797228,36801.5824,24.86,0.943930527,0.113032422
PSX,Phillips 66,114.72,0.029637378,50976.74976,11.46,0.339758771,1.024602752
PVH,PVH Corp.,96.96,0.00154703,7188.982848,11.26,0.017426865,1.474874917
PWR,"Quanta Services, Inc.",41.64,0.003842459,5926.62882,17.87,0.068663634,1.193408953
PXD,Pioneer Natural Resources Co.,127.84,0.007196496,21176.31248,29.64,0.213283876,1.315812643
PYPL,"PayPal Holdings, Inc.",108.01,N/A,126824.2619,50.02,N/A,1.322521131
QCOM,"QUALCOMM, Inc.",83.55,0.029682825,101568.393,23.06,0.68457228,1.075129989
QRVO,"Qorvo, Inc.",104.21,N/A,12106.49254,49.39,N/A,1.509460265
RCL,Royal Caribbean Cruises Ltd.,120.02,0.023996001,25159.91262,13.08,0.313937518,1.240816408
RE,Everest Re Group Ltd.,271.26,0.0206444,11062.52532,26.47,0.546357454,0.455059326
REG,Regency Centers Corp.,65.04,0.035516605,10921.12019,39.18,1.391650099,0.536977268
REGN,"Regeneron Pharmaceuticals, Inc.",369,N/A,40514.71293,18.73,N/A,1.06466186
RF,Regions Financial Corp.,16.64,0.034555288,16051.59296,11.01,0.380567873,1.180074183
RHI,"Robert Half International, Inc.",58.2,0.020790378,6842.0502,14.94,0.310535096,1.27787724
RJF,"Raymond James Financial, Inc.",89.82,0.015141394,12377.196,12.26,0.185670599,1.203286148
RL,Ralph Lauren Corp.,107.34,0.024455003,8011.331634,18.61,0.455104978,1.24472535
RMD,"ResMed, Inc.",149.6,0.010026738,21510.3856,51.21,0.513487608,0.878149362
ROK,"Rockwell Automation, Inc.",195.84,0.019812092,22628.72448,33.4,0.66170953,1.260103972
ROL,"Rollins, Inc.",35.85,0.013993492,11738.7957,57.67,0.807057067,0.806128454
ROP,"Roper Technologies, Inc.",360.37,0.005133613,37499.38146,32.39,0.166283167,1.043560334
ROST,"Ross Stores, Inc.",116.15,0.008523461,42014.9395,25.49,0.217305413,1.026210576
RSG,"Republic Services, Inc.",88.65,0.017258883,28292.20425,26.32,0.454167656,0.489265645
RTN,Raytheon Co.,217.42,0.016994757,60546.90418,18.59,0.31585786,0.76425908
SBAC,SBA Communications Corp.,236.47,0.001564681,26626.75847,196.76,0.307871526,0.410409174
SBUX,Starbucks Corp.,85.43,0.016855905,100892.83,28.88,0.486848333,0.78482422
SCHW,The Charles Schwab Corp.,49.5,0.012929293,63473.355,18.2,0.235294118,1.228765307
SEE,Sealed Air Corp.,37.73,0.016962629,5829.88868,15.88,0.269326264,0.595600875
SHW,The Sherwin-Williams Co.,583.13,0.007288255,53828.14717,38.45,0.280217317,0.876725781
SIVB,SVB Financial Group,231.73,N/A,11949.85264,10.63,N/A,1.581235644
SJM,The J. M. Smucker Co.,105.09,0.03292416,11986.14504,21.43,0.705690394,0.358939051
SLB,Schlumberger NV,36.2,0.055248619,50114.918,-5.05,-0.27898672,1.209232014
SLG,SL Green Realty Corp.,85.33,0.039845306,7318.989099,39.98,1.593028159,0.693506788
SNA,"Snap-On, Inc.",160.46,0.023681914,8800.58916,12.73,0.301584908,1.067099817
SNPS,"Synopsys, Inc.",141.04,N/A,21196.47848,33.58,N/A,1.281401711
SO,The Southern Co.,61.99,0.039361187,65010.7727,14.1,0.554949054,0.221959651
SPG,"Simon Property Group, Inc.",151.21,0.054229218,99873.19855,21.76,1.180093832,0.584717518
SPGI,"S&P Global, Inc.",264.65,0.008350652,64680.46,31.19,0.26043508,0.981451574
SRE,Sempra Energy,147.27,0.025785971,41514.82392,16.41,0.423162211,0.34127649
STI,"SunTrust Banks, Inc.",70.84,0.029079616,31455.7936,12.89,0.374708964,0.963453442
STT,State Street Corp.,75.1,0.025699068,27308.0873,14.67,0.376908956,1.050637673
STX,Seagate Technology Plc,59.68,0.042225201,15678.59248,9.37,0.395579555,1.399055677
STZ,"Constellation Brands, Inc.",186.06,0.016016339,35655.67825,45.1,0.722319178,0.770912867
SWK,"Stanley Black & Decker, Inc.",157.74,0.016926588,23978.37288,33.87,0.573367406,1.549728062
SWKS,"Skyworks Solutions, Inc.",98.3,0.016073245,16747.8625,20.02,0.321818478,1.56459414
SYF,Synchrony Financial,37.41,0.022721198,24174.08013,6.78,0.154150269,1.014265447
SYK,Stryker Corp.,204.86,0.010153275,76699.584,22.36,0.227004846,0.965276929
SYMC,Symantec Corp.,23.75,0.012631579,14678.26,128.59,1.62425555,1.244058887
SYY,Sysco Corp.,80.55,0.019366853,41098.78485,24.38,0.472197839,0.509551025
T,"AT&T, Inc.",37.38,0.054574639,273060.9,16.68,0.910389147,0.607153923
TAP,Molson Coors Brewing Co.,50.48,0.035657686,10919.3288,70.89,2.527734869,0.657618754
TDG,"TransDigm Group, Inc.",567.1,0.052900723,30367.0708,40.97,2.167520429,1.138348735
TEL,TE Connectivity Ltd.,92.71,0.019415381,31009.17725,16.24,0.315214346,1.092371791
TFX,"Teleflex, Inc.",353.34,0.003848984,16358.22864,36.75,0.141467728,0.917790516
TGT,Target Corp.,125.01,0.020798336,63339.81678,19.81,0.411985612,0.846273763
TIF,Tiffany & Co.,133.8,0.016666667,16048.3734,28.96,0.482683983,1.331240968
TJX,"The TJX Cos., Inc.",61.13,0.014477343,74130.5171,N/A,N/A,0.945904622
TMO,"Thermo Fisher Scientific, Inc.",313.95,0.002357063,125891.1245,35.04,0.082586521,1.158573857
TMUS,"T-Mobile US, Inc.",78.55,N/A,67205.41625,19.95,N/A,0.7274303
TPR,"Tapestry, Inc.",26.89,0.050204537,7419.91904,14.39,0.722272752,1.421169501
TRIP,"TripAdvisor, Inc.",28.4,0.123239437,3958.732772,33.73,4.157263333,1.390203455
TROW,"T. Rowe Price Group, Inc.",123.56,0.024117837,28873.13012,15.48,0.373246493,1.222793938
TRV,"The Travelers Cos., Inc.",136.72,0.023259216,35289.20936,15.25,0.354665299,0.675589565
TSCO,Tractor Supply Co.,94.44,0.013977128,11180.37384,20.52,0.286831812,0.996210558
TSN,"Tyson Foods, Inc.",89.89,0.017187674,26534.08976,15.85,0.272385889,0.544246513
TTWO,"Take-Two Interactive Software, Inc.",121.35,N/A,13754.65845,38.71,N/A,0.966682091
TWTR,"Twitter, Inc.",30.91,N/A,23997.19487,14.8,N/A,1.644919173
TXN,Texas Instruments Incorporated,120.21,0.026703269,112369.3028,21.96,0.586365629,1.340182657
TXT,"Textron, Inc.",46.24,0.001730104,10554.88112,12.57,0.021745039,1.286362313
UA,"Under Armour, Inc.",17.3,N/A,7812.0918,69.87,N/A,1.309098489
UAA,"Under Armour, Inc.",18.89,N/A,8530.08174,76.29,N/A,1.265084967
UAL,"United Airlines Holdings, Inc.",92.8,N/A,23482.4832,8.56,N/A,1.099578626
UDR,"UDR, Inc.",48.05,0.028095734,22920.12192,80.27,2.255262279,0.424359554
UHS,"Universal Health Services, Inc.",139.49,0.003584486,12216.9231,17.32,0.062079412,0.752391522
ULTA,"Ulta Beauty, Inc.",233.86,N/A,13762.42714,19.67,N/A,1.093066187
UNH,"UnitedHealth Group, Inc.",279.87,0.014149427,265153.0361,20.01,0.283164579,0.791819823
UNM,Unum Group,30.74,0.034645413,6340.67832,6.21,0.215025541,1.276160812
UNP,Union Pacific Corp.,175.99,0.020057958,122172.258,20.65,0.414144258,1.149119149
UPS,"United Parcel Service, Inc.",119.73,0.031654556,102699.0062,20.73,0.656220241,1.138000115
URI,"United Rentals, Inc.",153.05,N/A,11502.6258,10.48,N/A,1.926184003
USB,U.S. Bancorp,60.03,0.025487256,93758.4558,13.79,0.351473662,0.856316225
UTX,United Technologies Corp.,148.34,0.019819334,128031.9573,24.82,0.491959639,1.134814978
V,"Visa, Inc.",184.51,0.00541976,363360.475,34.65,0.187793427,1.126879578
VAR,"Varian Medical Systems, Inc.",133.73,N/A,12155.78954,39.19,N/A,1.04249365
VFC,VF Corp.,88.54,0.022136887,35360.57396,27.23,0.602798708,1.156791661
VIAB,"Viacom, Inc.",24.07,0.033236394,9710.00649,6.27,0.208479921,1.024962922
VLO,Valero Energy Corp.,95.49,0.036653053,39213.25497,17.22,0.631119606,1.214249776
VMC,Vulcan Materials Co.,141.87,0.008528935,18777.20385,31.24,0.266449397,0.7354914
VNO,Vornado Realty Trust,64.57,0.040421248,12323.1845,4.1,0.165686934,0.678585426
VRSK,"Verisk Analytics, Inc.",147.48,0.005085435,24167.5476,52.09,0.264914697,0.830841522
VRSN,"VeriSign, Inc.",190.74,N/A,22394.59266,35.24,N/A,1.112820537
VRTX,"Vertex Pharmaceuticals, Inc.",221.75,N/A,57023.0125,26.41,N/A,1.087382917
VTR,"Ventas, Inc.",58.31,0.054364603,21734.23616,43.57,2.368853684,0.272450904
VZ,"Verizon Communications, Inc.",60.24,0.040214143,249139.3872,15.47,0.622047042,0.357112331
WAB,Westinghouse Air Brake Technologies Corp.,78.57,0.006109202,15060.45474,56.82,0.347121782,1.150816733
WAT,Waters Corp.,222.07,N/A,14308.94721,27.17,N/A,0.969804861
WBA,"Walgreens Boots Alliance, Inc.",59.6,0.029823826,53195.4436,13.82,0.412164356,1.035583513
WCG,"WellCare Health Plans, Inc.",322.07,N/A,16200.121,25.63,N/A,0.771951397
WDC,Western Digital Corp.,50.33,0.039737731,14968.39365,-9.55,-0.379398653,1.845334999
WEC,"WEC Energy Group, Inc.",88.65,0.026198534,27963.4014,25.53,0.66874946,0.203540783
WELL,"Welltower, Inc.",84.57,0.041149344,34314.95406,100.67,4.142364004,0.344378513
WFC,Wells Fargo & Co.,54.46,0.033786265,230330.9456,11.68,0.394460404,0.871309196
WHR,Whirlpool Corp.,143.1,0.032844165,9043.92,8.58,0.281666507,1.126575319
WLTW,Willis Towers Watson Plc,196.44,0.012981063,25256.88012,29.09,0.377565223,0.774669661
WM,"Waste Management, Inc.",112.91,0.017735364,47901.05131,27.3,0.484151737,0.536534946
WMB,"The Williams Cos., Inc.",22.72,0.065140845,27537.776,178.34,11.61695447,0.87761442
WMT,"Walmart, Inc.",119.09,0.017717693,338725.3052,23.67,0.419324708,0.606195367
WRK,WestRock Co.,40.33,0.045127697,10400.90535,12.01,0.541989279,1.398495598
WU,The Western Union Co.,26.88,0.029389881,11269.60128,10.25,0.301170371,0.745669884
WY,Weyerhaeuser Co.,29.51,0.046086073,21989.14042,-145.66,-6.712734452,0.91506657
WYNN,Wynn Resorts Ltd.,120.85,0.028961523,12973.85175,19.31,0.559105431,1.823057188
XEC,Cimarex Energy Co.,45.97,0.016967588,4680.2057,9.14,0.155041841,1.600646194
XEL,"Xcel Energy, Inc.",61.49,0.025939177,32244.61812,24.54,0.63662489,0.292269385
XLNX,"Xilinx, Inc.",92.78,0.01573615,23331.10826,24.63,0.387638063,1.480186357
XOM,Exxon Mobil Corp.,68.13,0.049611038,288265.5243,19.85,0.984791096,0.915555115
XRAY,"Dentsply Sirona, Inc.",56.54,0.00641139,12575.28756,77.09,0.494273248,0.737048461
XRX,Xerox Holdings Corp.,38.93,0.006421783,8524.22959,13.36,0.085825123,1.341633432
XYL,"Xylem, Inc.",77.51,0.011998452,13957.92329,27.46,0.32944844,1.096964297
YUM,"Yum! Brands, Inc.",100.67,0.016092182,30448.84954,27.26,0.438632118,0.484073545
ZBH,"Zimmer Biomet Holdings, Inc.",145.28,0.00660793,29881.77152,-315.48,-2.084690554,0.901953299
ZION,Zions Bancorporation NA,49.78,0.024909602,8485.69792,11.04,0.274920184,1.049443443
ZTS,"Zoetis, Inc.",120.52,0.00544308,57403.55548,39.52,0.215117232,0.950043363
Data Provided by IEX Cloud,Certain securities may be excluded due to data limitations,,N/A,N/A,N/A,N/A,N/A
Data updated on 2019-11-30,,,N/A,N/A,N/A,N/A,N/A